name,lon,lat,language,script,area,uuid
RS [Varia 2],35.7818307,35.601629,unknown,unknown,unknown,f32d3fdc-c58b-44a1-aa73-1e39653c0382
RS [Varia 3],35.7818307,35.601629,Akkadian,Logosyllabic,unknown,168b5d71-dac7-40c4-80f7-ad89cdac7e48
RS [Varia 4],35.7818307,35.601629,Ugaritic,Alphabetic,unknown,f5cf4da5-6a9f-464a-88b0-75babecea8b0
RS [Varia 5],35.7818307,35.601629,Ugaritic,Alphabetic,unknown,e196b74e-d5de-4c79-b13f-ed8ef77728d9
RS [Varia 6],35.7818307,35.601629,unknown,unknown,unknown,6911ab65-078a-4c80-887c-90336cfc1134
RS [Varia 7],35.7818307,35.601629,Akkadian,Logosyllabic,unknown,4edbfdb9-0c16-4866-9fe1-c56ca006b7c4
RS [Varia 8],35.7818307,35.601629,Akkadian,Logosyllabic,unknown,61c67e53-fbd9-41be-812c-48f7d03e8c1d
RS [Varia 9],35.7818307,35.601629,Akkadian,Logosyllabic,unknown,d28cba49-ae57-4a5e-89c8-ecdd5c1a854c
RS [Varia 10],35.7818307,35.601629,Akkadian,Logosyllabic,unknown,827bb121-d061-4bab-91fd-2518dce2799e
RS [Varia 11],35.7818307,35.601629,Akkadian,Logosyllabic,unknown,7c905f74-a8c4-402c-bc70-17ecdf9f50b1
RS [Varia 12],35.7818307,35.601629,Akkadian,Logosyllabic,unknown,46626543-0988-4bd5-99bd-283c371fcb15
RS [Varia 13],35.7818307,35.601629,Ugaritic,Alphabetic,unknown,d73fcaec-7bb5-4210-98e7-30216cedc2be
RS [Varia 14],35.7818307,35.601629,Ugaritic,Alphabetic,unknown,357b7fc5-4543-4db8-934a-4f29c4c2bbb8
RS [Varia 15],35.7818307,35.601629,Akkadian,Logosyllabic,unknown,97a746f8-1ab1-45da-9572-99c2c7044820
RS [Varia 16],35.7818307,35.601629,Akkadian,Logosyllabic,unknown,048c9bfb-f18c-4c67-aa78-d600a1f636ca
RS [Varia 17],35.7818307,35.601629,Akkadian,Logosyllabic,unknown,887b93bf-8573-42a7-8608-5659d12c2c14
RS [Varia 18],35.7818307,35.601629,Ugaritic,Alphabetic,unknown,64fd4fbf-1cdf-4b4c-a656-51d68ea0a58a
RS [Varia 19],35.7818307,35.601629,Ugaritic,Alphabetic,unknown,55f3bbac-9d6c-44bb-9dc3-83feffc0c0a7
RS [Varia 20],35.7818307,35.601629,Ugaritic,Alphabetic,unknown,ffe6715c-1cb1-44e4-b350-87de5db4f1be
RS [Varia 21],35.7818307,35.601629,Akkadian,Logosyllabic,unknown,401b13d4-011b-461a-b592-1f06d666b7b2
RS [Varia 22],35.7818307,35.601629,Ugaritic,Alphabetic,unknown,689a2b05-a865-4406-80ec-b8478341914f
RS [Varia 23],35.7818307,35.601629,Ugaritic,Alphabetic,unknown,4fb8d018-ffa4-4f38-a55b-66d3155f0b67
RS [Varia 24],35.7818307,35.601629,unknown,unknown,unknown,5a59aecb-1507-4ee4-a7a5-381c95517bba
RS [Varia 25],35.7818307,35.601629,Akkadian,Logosyllabic,unknown,b0186fe4-431e-4338-af23-b986fb49265f
RS [Varia 26],35.7818307,35.601629,Akkadian,Logosyllabic,unknown,eb167008-360b-4985-9aef-0e2bc64ee26e
RS [Varia 27],35.7818307,35.601629,Akkadian,Logosyllabic,unknown,6d7254b4-e84f-4276-848a-8ccd076d06c3
RS [Varia 28],35.7818307,35.601629,Ugaritic,Alphabetic,unknown,0613480c-7d60-4263-ac8e-ae235777685f
RS [Varia 29],35.7818307,35.601629,Ugaritic,Alphabetic,unknown,57547525-864b-47f3-b6b1-cd52cd54fc83
RS [Varia 30],35.7818307,35.601629,Akkadian,Logosyllabic,unknown,e6c977ef-ceff-41b4-8e29-6c9ea58b6544
RS [Varia 31],35.7818307,35.601629,Ugaritic,Alphabetic,unknown,7eed84e1-240b-4e0c-86a1-f6a9d2a41f34
RS [Varia 32],35.7818307,35.601629,Ugaritic,Alphabetic,unknown,872c6eba-a659-46d8-967a-0be10bc8acdb
RS [Varia 33],35.7818307,35.601629,Ugaritic,Alphabetic,unknown,5565dbb5-c192-47a7-8bca-2ee67db8908a
RS [Varia 34],35.7818307,35.601629,Akkadian,Logosyllabic,unknown,f3f75df9-3b5f-4ef6-9eec-6d62bc7f4847
RS [Varia 35],35.7818307,35.601629,Akkadian,Logosyllabic,unknown,1808173c-845e-41e9-a78c-5e4ad410e716
RS [Varia 36],35.7818307,35.601629,Akkadian,Logosyllabic,unknown,01131a19-eb54-4687-96c1-d1bc18777ee4
RS [Varia 37],35.7818307,35.601629,Akkadian,Logosyllabic,unknown,a2883987-5bd1-4f2e-9f47-ee4eaf6c599e
RS [Varia 38],35.7818307,35.601629,Akkadian,Logosyllabic,unknown,46ade7f1-65bd-4960-851d-c1337b4fd055
RS [Varia 39],35.7818307,35.601629,Ugaritic; Akkadian,Alphabetic; Logosyllabic,unknown,e7285654-875f-4e7b-8088-e76d377efc80
RS [Varia 40],35.7818307,35.601629,Ugaritic,Alphabetic,unknown,88a06354-a076-4685-9aa8-57273fdc7500
RS [Varia 41],35.7818307,35.601629,Ugaritic,Alphabetic,unknown,15736824-eb54-4683-9b1b-2b22eb403d34
RS [Varia 42],35.7818307,35.601629,Akkadian,Logosyllabic,unknown,f8b5f808-02cd-481a-a323-4b1adec743fe
RS [Varia 43],35.7818307,35.601629,unknown,unknown,unknown,9bdf2bf4-3451-4d84-a049-cad6a9282b5e
RS 1.001,35.7863086,35.6031716,Ugaritic,Alphabetic,Acropolis,98ef62eb-5eea-4b82-83a9-ff52cfef76f1
RS 1.002,35.7863086,35.6031716,Ugaritic,Alphabetic,Acropolis,a5267b3a-e5f5-438e-8615-1e1bcea06a23
RS 1.002 [A],35.7863086,35.6031716,Ugaritic,Alphabetic,Acropolis,b26ed070-af52-4801-8771-9bfc07d01b14
RS 1.003+,35.7863086,35.6031716,Ugaritic,Alphabetic,Acropolis,c7a0efc9-63de-4041-af86-d79466e67186
RS 1.004,35.7863086,35.6031716,Hurrian,Alphabetic,Acropolis,eb58afc3-b473-4f9d-9e7d-1544d475510f
RS 1.005,35.7863086,35.6031716,Ugaritic,Alphabetic,Acropolis,7e561c79-f82f-4c34-8ee6-94caee3b97d9
RS 1.006,35.7863086,35.6031716,Ugaritic,Alphabetic,Acropolis,023df9af-7a60-4f65-be5e-2d7b1d02e3cd
RS 1.007,35.7863086,35.6031716,Hurrian,Alphabetic,Acropolis,f238db01-3817-44b3-bb92-ff6b3cd14918
RS 1.008+,35.7863086,35.6031716,Ugaritic,Alphabetic,Acropolis,41fa68ef-be4d-4bbf-9312-32126b9431b4
RS 1.009,35.7863086,35.6031716,Ugaritic,Alphabetic,Acropolis,91b156e2-86e2-4c41-b18b-532c11cb0f43
RS 1.009 [C],35.7863086,35.6031716,Ugaritic,Alphabetic,Acropolis,256ea4dd-45ec-4287-9682-e45e9863d1c4
RS 1.009 [E],35.7863086,35.6031716,Ugaritic,Alphabetic,Acropolis,f1a7efc5-92fe-4723-ab7a-9042e4710572
RS 1.009 [F],35.7863086,35.6031716,Ugaritic,Alphabetic,Acropolis,ed5b7e50-f33d-469d-9f72-7f8a2ef8b5fd
RS 1.009 [B],35.7863086,35.6031716,Ugaritic,Alphabetic,Acropolis,da92cf4a-97e4-4bc3-89fd-558ced54abb5
RS 1.009 [G],35.7863086,35.6031716,Akkadian,Logosyllabic,Acropolis,468799ae-47a5-4eb1-80c5-a6c850f371d3
RS 1.009 [D],35.7863086,35.6031716,Ugaritic,Alphabetic,Acropolis,31cba534-4c10-4949-a1ef-63adfb2405fe
RS 1.009 [A],35.7863086,35.6031716,Ugaritic,Alphabetic,Acropolis,0ec36f64-fa0f-4af8-8f9d-78e626aa46fb
RS 1.010,35.7863086,35.6031716,Ugaritic,Alphabetic,Acropolis,018e7b71-c9a5-42c5-954d-1b39c0e8b6f9
RS 1.011,35.7863086,35.6031716,Ugaritic,Alphabetic,Acropolis,6082dfbf-750a-46f2-a208-a11579e819a4
RS 1.011 [B],35.781993,35.6014534,Ugaritic,Alphabetic,Without Locus,9e037459-bc52-411b-bc89-503f1da82d7a
RS 1.011 [A],35.781993,35.6014534,Ugaritic,Alphabetic,Without Locus,f244b982-74a0-458b-a189-5d4be8548c37
RS 1.012,35.7863086,35.6031716,Ugaritic,Alphabetic,Acropolis,b28b4e26-b99f-4f89-b579-b21a2c3a59d0
RS 1.013+,35.7863086,35.6031716,Ugaritic,Alphabetic,Acropolis,319d6b16-fa31-4b1a-a32a-32b9dd698c0d
RS 1.014,35.7863086,35.6031716,Ugaritic,Alphabetic,Acropolis,327255e9-548a-4714-a0f9-eaf9d5847736
RS 1.015,35.7863086,35.6031716,Ugaritic,Alphabetic,Acropolis,80f1c474-84be-4630-aaff-5c1e7e449335
RS 1.016,35.7863086,35.6031716,Ugaritic,Alphabetic,Acropolis,33179312-bae2-4947-8aa8-9f23b01d8303
RS 1.017,35.7863086,35.6031716,Ugaritic,Alphabetic,Acropolis,c27a7381-8e18-4fae-a671-407dbcd7547e
RS 1.018,35.7863086,35.6031716,Ugaritic,Alphabetic,Acropolis,5677b259-5435-4885-a966-625b5febf43c
RS 1.019,35.7863086,35.6031716,Ugaritic,Alphabetic,Acropolis,795fb725-f1d8-45c0-8422-f430383e9f70
RS 1.020,35.7863086,35.6031716,Ugaritic,Alphabetic,Acropolis,5fc01c53-4d45-40c4-8363-d9c2494d132e
RS 1.021,35.7863086,35.6031716,Ugaritic,Alphabetic,Acropolis,24e85916-2ecd-46ce-8c05-e68a37550d7a
RS 1.022,35.7863086,35.6031716,Ugaritic,Alphabetic,Acropolis,aa59c143-2176-4355-87e0-f7c3841eb3ee
RS 1.023,35.7863086,35.6031716,Ugaritic,Alphabetic,Acropolis,49bd8a01-6fe1-4ff2-a887-65785e50458d
RS 1.024B,35.7863086,35.6031716,Ugaritic,Alphabetic,Acropolis,ab2d7a5b-d5d8-4237-bd38-7d7449b0e2b1
RS 1.024A,35.7863086,35.6031716,Ugaritic,Alphabetic,Acropolis,10428d14-3484-4b57-b975-1a1250bab900
RS 1.025,35.7863086,35.6031716,Ugaritic,Alphabetic,Acropolis,640df2d2-c622-440d-b3bd-82ca42e87a4f
RS 1.026+,35.7863086,35.6031716,Ugaritic,Alphabetic,Acropolis,43926670-0600-4918-ada1-56d912f0ea76
RS 1.027,35.7863086,35.6031716,Hurrian,Alphabetic,Acropolis,609844ba-fb02-467b-a4ed-61bb8468d45d
RS 1.028+,35.7863086,35.6031716,Hurrian,Alphabetic,Acropolis,4fe937fe-8df1-404b-a969-804765603d13
RS 1.029 [B],35.7863086,35.6031716,unknown,unknown,Acropolis,bbe1a5ce-7fd0-4ef4-9199-c80541c13ab7
RS 1.029 [A]+,35.7863086,35.6031716,Ugaritic,Alphabetic,Acropolis,10cce6f4-9f0f-46f5-be2c-78c910ef53fc
RS 1.030,35.7863086,35.6031716,Hurrian,Alphabetic,Acropolis,0d3ef6b8-27f1-4ed8-83a6-7c2d9830e418
RS 1.031,35.7863086,35.6031716,Hurrian,Alphabetic,Acropolis,dd1c2809-339c-4ff1-8938-33fc1ec8093f
RS 1.032,35.7863086,35.6031716,Ugaritic,Alphabetic,Acropolis,be293e9b-25fe-4e3b-b6f5-6f3af9e4ed29
RS 1.033,35.7863086,35.6031716,Ugaritic,Alphabetic,Acropolis,eefc5bbf-b826-48fa-9783-aa2e86e19e50
RS 1.034+,35.7863086,35.6031716,Hurrian,Alphabetic,Acropolis,60a2d370-2bad-4b88-8dfe-921076f6d3c9
RS 1.035,35.7863086,35.6031716,unknown,unknown,Acropolis,a6a1584f-e3f9-4611-8616-5b0893a6fe0b
RS 1.036,35.7863086,35.6031716,Ugaritic,Alphabetic,Acropolis,5c5267f0-15d8-4da0-8723-37f8cb8d0e74
RS 1.037,35.7863086,35.6031716,Ugaritic,Alphabetic,Acropolis,610ccb54-c8da-4092-8ad7-e9be5c4cd7ac
RS 1.038,35.7863086,35.6031716,Ugaritic,Alphabetic,Acropolis,a1cc17fe-bf53-407c-9fd1-0fec86c3810b
RS 1.039,35.7863086,35.6031716,Ugaritic,Alphabetic,Acropolis,38326f86-69d1-4850-98ce-a5420b109b54
RS 1.040,35.7863086,35.6031716,Ugaritic,Alphabetic,Acropolis,4cc0fb5e-bce6-48b8-bc76-536b7b462711
RS 1.041,35.7863086,35.6031716,Ugaritic,Alphabetic,Acropolis,bf4be9b9-f8ad-4a46-853a-d2fb32575bd3
RS 1.042,35.7863086,35.6031716,Ugaritic,Alphabetic,Acropolis,7c105e2b-9c2b-43e6-bfe7-de7f59124a1c
RS 1.043,35.7863086,35.6031716,unknown,unknown,Acropolis,e22d1ef7-f672-400c-9a6f-bcd555e86cb2
RS 1.044,35.7863086,35.6031716,Ugaritic,Alphabetic,Acropolis,82c1d948-5288-4cf9-99e9-df76f2c6eef7
RS 1.045,35.7863086,35.6031716,unknown,unknown,Acropolis,80c3aaa0-1118-45b9-989c-72f6c8994987
RS 1.046,35.7863086,35.6031716,Ugaritic,Alphabetic,Acropolis,8a09fe59-f4b2-4adc-9510-cfeca9c81592
RS 1.047,35.7863086,35.6031716,Ugaritic,Alphabetic,Acropolis,750e5917-598b-4fec-b927-e15d70858ad3
RS 1.048,35.7863086,35.6031716,Ugaritic,Alphabetic,Acropolis,ed36e0c8-4788-4b52-b5db-e759ee463d9f
RS 1.[049B],35.7863086,35.6031716,Ugaritic,Alphabetic,Acropolis,f2f14166-a01d-4017-9358-7c4292261f86
RS 1.[049A],35.7863086,35.6031716,Hurrian,Alphabetic,Acropolis,e48018f7-1e18-4028-8a03-a119bb3b4792
RS 1.[051],35.7863657,35.6031086,Ugaritic,Alphabetic,Acropolis,c76ea413-337e-4492-b10a-ca03fce800e8
RS 1.[052],35.7863657,35.6031086,Ugaritic,Alphabetic,Acropolis,351d21f5-a0a5-49f6-ae14-90d7b71c8ead
RS 1.[053],35.7863657,35.6031086,Ugaritic,Alphabetic,Acropolis,faf9c10b-c47f-494f-a476-8e814ae94b61
RS 1.[054],35.7863657,35.6031086,Ugaritic,Alphabetic,Acropolis,300e10cc-59e6-450c-8d96-c554a7e1523b
RS 1.[055],35.7863657,35.6031086,Ugaritic,Alphabetic,Acropolis,cdc9b517-5911-4d63-88ee-dab0d81648f9
RS 1.[056],35.7863086,35.6031716,Akkadian,Logosyllabic,Acropolis,99df99ec-6225-4ba6-9137-4d75b7605248
RS 1.[057],35.7863086,35.6031716,Akkadian,Logosyllabic,Acropolis,1ccada70-d209-499c-a1da-a8e0d23d78b0
RS 1.[058],35.7863086,35.6031716,Akkadian,Logosyllabic,Acropolis,617f3ef0-e770-4341-99c1-51888b2f2721
RS 1.[059],35.7863086,35.6031716,Akkadian,Logosyllabic,Acropolis,e5f4daba-2433-44ca-af0c-119cbc44a8ae
RS 1.[060],35.7863086,35.6031716,Akkadian,Logosyllabic,Acropolis,2c1e60c7-454f-4ac8-87fe-eb8963f22231
RS 1.[061],35.7863086,35.6031716,Akkadian,Logosyllabic,Acropolis,fbc6fbd6-873d-4cc2-ad4b-8f9b5896d9cb
RS 1.[062],35.7863086,35.6031716,Akkadian,Logosyllabic,Acropolis,b9c55c82-cc8e-4d47-bc48-4cb7807d7b18
RS 1.[063],35.7863086,35.6031716,Akkadian,Logosyllabic,Acropolis,8ad3097f-b110-4d2d-afeb-c077d34eea3c
RS 1.[064]+,35.7863086,35.6031716,Ugaritic,Alphabetic,Acropolis,3bd640be-8c24-4218-9e3a-2fc05e57daa3
RS 1.[065] [C],35.7863086,35.6031716,unknown,unknown,Acropolis,1bf332ee-0130-4468-bc90-9532a10b322e
RS 1.[065] [B],35.7863086,35.6031716,unknown,unknown,Acropolis,55913d22-cec3-4e2e-9e4b-d2ac6882a9a8
RS 1.[065] [A]+,35.7863086,35.6031716,Akkadian,Logosyllabic,Acropolis,2ce0b58c-ffa9-48ec-960c-edabbead6599
RS 1.[066],35.7863086,35.6031716,Hurrian,Alphabetic,Acropolis,0fa4ad05-e763-4c27-a97c-a0d671573d80
RS 1.[067],35.7863086,35.6031716,Hurrian,Alphabetic,Acropolis,d16c964c-a8f1-4328-bd21-577cc7af11b0
RS 1.[068],35.7863086,35.6031716,Akkadian,Logosyllabic,Acropolis,3b48f390-fd78-4be6-af61-92eaf808c9ab
RS 1.[069],35.7863086,35.6031716,Hurrian,Alphabetic,Acropolis,f4cc61c6-4589-4051-8c44-bc1c9bcedec5
RS 1.[070],35.7863086,35.6031716,Hurrian,Alphabetic,Acropolis,d933b75c-4406-44f9-8467-009582dbc2b4
RS 1.[071],35.7863086,35.6031716,Ugaritic,Alphabetic,Acropolis,5d0873e4-456b-441c-b672-c50728cf00eb
RS 1.[072],35.7863086,35.6031716,Ugaritic,Alphabetic,Acropolis,13f3114a-3bad-4215-ae59-8f1fa5656c40
RS 1.[073],35.7863086,35.6031716,Ugaritic,Alphabetic,Acropolis,3c7fdd48-3b53-44e6-b3d8-df7d08c85abc
RS 1.[074],35.7863086,35.6031716,Hurrian,Alphabetic,Acropolis,aeb11ff4-da9a-4471-a666-2c6e46d456d5
RS 1.[075],35.7863086,35.6031716,Ugaritic,Alphabetic,Acropolis,3d88eddf-bd3c-42f2-a4f3-a874ecd4e665
RS 1.[076],35.7863086,35.6031716,Hurrian,Alphabetic,Acropolis,7522a22a-2b87-4467-9fd0-9f23bcd9af00
RS 1.[077],35.7863086,35.6031716,Hurrian,Alphabetic,Acropolis,cf187ac5-3de0-4e48-be67-573664cb6a30
RS 1.[078],35.7863086,35.6031716,Hurrian,Alphabetic,Acropolis,a2685e82-756b-44ec-8caa-d9aee454cc6a
RS 1.[079],35.7863086,35.6031716,Ugaritic,Alphabetic,Acropolis,87ee6b10-ddb4-4783-8ea8-210571ec5ea0
RS 1.[080],35.7863086,35.6031716,Ugaritic,Alphabetic,Acropolis,9932c831-c675-4866-96a2-e0a327a19bd2
RS 1.[081],35.7863086,35.6031716,Ugaritic,Alphabetic,Acropolis,59f443fe-ca75-437c-b221-f238ae853c20
RS 1.[082],35.7863086,35.6031716,Ugaritic,Alphabetic,Acropolis,1c4d1d10-1c63-4509-a10a-290cd55d4b9c
RS 1.[083],35.7863086,35.6031716,Ugaritic,Alphabetic,Acropolis,b54b838b-6ec1-476e-8565-b3b547c5c025
RS 1.[084]+,35.7863086,35.6031716,Ugaritic,Alphabetic,Acropolis,28d996d8-b8df-42d9-adc4-3c4c662c6c8e
RS 1.[085],35.7863086,35.6031716,Ugaritic,Alphabetic,Acropolis,dd04f9cc-0800-4951-a50c-8eec1961e8d7
RS 1.[086],35.7863086,35.6031716,Ugaritic,Alphabetic,Acropolis,23abf8e1-ec19-4f3a-9c55-860d3727dfcd
RS 1.[087],35.7863086,35.6031716,Ugaritic,Alphabetic,Acropolis,11a2fc23-3abb-4969-bd80-e573a33eedff
RS 1.[088],35.7863086,35.6031716,Ugaritic,Alphabetic,Acropolis,8a84fff6-a79a-46c1-a5bb-33c01d54f73a
RS 1.[089]+,35.7859899,35.6033405,Egyptian,Hieroglyphic,Acropolis,47e432d6-ba9b-40d1-9e72-703bdff15248
RS 1.[090],35.7859899,35.6033405,Egyptian,Hieroglyphic,Acropolis,04ce82e0-971c-443e-bfa4-f0fb72731b28
RS 1.[091],35.7859899,35.6033405,Egyptian,Hieroglyphic,Acropolis,8dad692e-c42a-4d48-8996-d3323623d269
RS 2.001,35.786291,35.6032879,Ugaritic,Alphabetic,Acropolis,9e467522-eafc-41eb-b1ef-a7c85ee19949
RS 2.002,35.7862595,35.6032126,Ugaritic,Alphabetic,Acropolis,4ea95ca7-f2b2-404b-8365-305212e97599
RS 2.[003]+,35.7864756,35.6031749,Ugaritic,Alphabetic,Acropolis,36caa276-991b-4073-a375-d8b7ba2ab4b7
RS 2.[004],35.7864756,35.6031749,Ugaritic,Alphabetic,Acropolis,9758a6ad-0557-4404-88d9-9fef4086cac9
RS 2.[005],35.7864756,35.6031749,unknown,unknown,Acropolis,b3e425a6-c28c-4b40-b29c-4c4a25b520b0
RS 2.[006],35.7862542,35.6031975,Hurrian,Alphabetic,Acropolis,62da0be6-af1c-4aea-873d-bd1f456ef414
RS 2.[007],35.7862542,35.6031975,Akkadian,Logosyllabic,Acropolis,0e34d47c-3908-4d2e-86db-7cbdd235e14b
RS 2.[008]+,35.7862542,35.6031975,Ugaritic,Alphabetic,Acropolis,c26101da-b4a0-4760-8223-85994c5748a5
RS 2.[009]+,35.7862542,35.6031975,Ugaritic,Alphabetic,Acropolis,01b956e9-2ad0-434a-928e-a4f49c4a6b83
RS 2.[010],35.7862542,35.6031975,unknown,unknown,Acropolis,34ba2324-c582-4c9f-ace1-6de42b984e27
RS 2.[011],35.7862542,35.6031975,Ugaritic,Alphabetic,Acropolis,d67bc9eb-e206-4e88-83bc-ca7c2d7292f4
RS 2.[012],35.7862542,35.6031975,Ugaritic,Alphabetic,Acropolis,abe4b958-081e-4750-816f-5cd31b5b2862
RS 2.[013],35.7862542,35.6031975,Akkadian,Logosyllabic,Acropolis,1af98d2f-462f-4dfe-a131-ffadc8d9d4ab
RS 2.[014]+,35.7862542,35.6031975,Ugaritic,Alphabetic,Acropolis,51bf8125-39e3-485c-810c-ee092e1010a9
RS 2.[015],35.7862542,35.6031975,Akkadian,Logosyllabic,Acropolis,a4398fec-30fc-481e-a5e9-5fd4d0a2c075
RS 2.[016],35.7862542,35.6031975,Akkadian,Logosyllabic,Acropolis,da716a2c-a317-4791-bf6a-efeedbac01a5
RS 2.[017] [B],35.7862542,35.6031975,Akkadian,Logosyllabic,Acropolis,180c2d41-115a-428e-9494-d2ddf7cc0376
RS 2.[017]+,35.7862542,35.6031975,Akkadian,Logosyllabic,Acropolis,bba7f14e-9f05-4d5f-82e7-a99be30db8d8
RS 2.[017] [A],35.7862542,35.6031975,Akkadian,Logosyllabic,Acropolis,b17adc0f-c07f-41c2-864c-6521625f8106
RS 2.[018],35.7862542,35.6031975,Akkadian,Logosyllabic,Acropolis,83e890e0-2d56-4956-abbd-a6109b603f76
RS 2.[019],35.7862542,35.6031975,Ugaritic,Alphabetic,Acropolis,76a50953-e63d-44e1-b13c-afffe886cbb8
RS 2.[020],35.7862542,35.6031975,Akkadian,Logosyllabic,Acropolis,e802dcf1-8c76-4cef-83cc-5d8ea2b887b3
RS 2.[021],35.7862542,35.6031975,Ugaritic,Alphabetic,Acropolis,06ee3b50-21c1-4d23-af6d-80ba12044ff1
RS 2.[022]+,35.7862542,35.6031975,Ugaritic,Alphabetic,Acropolis,35cb36a7-5bb8-4601-ab40-d11f46328285
RS 2.[023]+,35.7862542,35.6031975,Akkadian,Logosyllabic,Acropolis,b6ae1244-8809-4e2b-b2d4-bdd09e509b74
RS 2.[024],35.7862542,35.6031975,Ugaritic,Alphabetic,Acropolis,2efb636f-ef36-44fa-8608-ba16957c54cf
RS 2.[025],35.7863753,35.6031804,Ugaritic,Alphabetic,Acropolis,d82a2512-d9cf-4a8d-8409-deecb6375d2b
RS 2.[026],35.7862542,35.6031975,Ugaritic,Alphabetic,Acropolis,ed06050e-ab3b-4da1-8b4c-30c00907e6a6
RS 2.[027],35.7862542,35.6031975,Ugaritic,Alphabetic,Acropolis,a773dae1-7131-46aa-8353-19bed915bc72
RS 2.[028],35.7862542,35.6031975,Ugaritic,Alphabetic,Acropolis,dd27eb3b-9ccb-403a-8abe-e491e7bdf6fc
RS 2.[029],35.7862542,35.6031975,Ugaritic,Alphabetic,Acropolis,218a4430-d6af-458b-b789-87d82fc1edfe
RS 2.[030],35.7862542,35.6031975,Ugaritic,Alphabetic,Acropolis,a2747b5e-3a7a-49dd-8d94-b5f7ba3a4ff2
RS 2.[031],35.7862542,35.6031975,Ugaritic,Alphabetic,Acropolis,0057264d-6dc1-4a4c-9cee-a0def8c6139c
RS 2.[032],35.7862542,35.6031975,Ugaritic,Alphabetic,Acropolis,102b07dd-27ad-4d6d-b50b-852fc2fec4e0
RS 2.[033],35.7859899,35.6033405,unknown,unknown,Acropolis,162c6d80-c0bf-4a95-95be-7436bb9dbb7a
RS 2.[034],35.7859899,35.6033405,Egyptian,Hieroglyphic,Acropolis,4e8e0b80-0280-4835-b99d-dd924d835a05
RS 2.[036] [B],35.7818307,35.601629,unknown,unknown,unknown,bfb0f764-6ca0-434a-aa12-1e3b3872df51
RS 2.[036] [A],35.7818307,35.601629,unknown,unknown,unknown,66ae7749-480b-4bd7-a0d9-3a16ac56f4bc
RS 3.302,35.7864134,35.6031013,Ugaritic,Alphabetic,Acropolis,53e94294-bd74-4b7a-86e0-36c894fc3e3b
RS 3.309,35.7865036,35.6031807,Akkadian,Logosyllabic,Acropolis,d6f44817-9184-41df-9bad-251b3e3f046e
RS 3.318,35.786492,35.6031965,Akkadian,Logosyllabic,Acropolis,a233453d-e0b6-4958-b2ec-83790cb32ad2
RS 3.319,35.7864104,35.6030566,Ugaritic,Alphabetic,Acropolis,bb54b248-716d-4387-b343-628364637ee8
RS 3.320,35.7864282,35.6030543,Ugaritic,Alphabetic,Acropolis,0a352277-f406-4efa-b25c-b2e3e7b985b2
RS 3.321,35.7864054,35.6030506,unknown,unknown,Acropolis,03d299f0-f9cb-493f-8090-cdff360665dd
RS 3.322+,35.7864054,35.6030506,Ugaritic,Alphabetic,Acropolis,9e0cf3a4-f4d6-4f5f-82fa-7e9e7f9da903
RS 3.323,35.7864054,35.6030506,unknown,unknown,Acropolis,f9b9570c-e0c1-463c-b631-0e0a2dd80368
RS 3.324,35.7864054,35.6030506,unknown,unknown,Acropolis,bffedde2-668d-44f7-a985-c4bdb4c7ee1c
RS 3.325+,35.7864351,35.6030979,Ugaritic,Alphabetic,Acropolis,03100f8d-b61e-4696-84b5-bbcfcfb6f3ee
RS 3.334,35.7863533,35.6030779,Ugaritic,Alphabetic,Acropolis,c8fe9090-a0d1-4bf0-9fdd-e59b82a083a6
RS 3.336,35.7864058,35.6030506,Egyptian,Hieroglyphic,Acropolis,b0b3f302-e11e-4f32-885e-e51ba84b8b87
RS 3.337,35.7863511,35.603181,Ugaritic,Alphabetic,Acropolis,bf3f1de1-9898-4c8b-86e4-ae8bee01ac5b
RS 3.339,35.7864811,35.603204,Akkadian,Logosyllabic,Acropolis,86f92b1e-ce24-49a9-bc22-41a7e6bf4771
RS 3.340,35.7864104,35.6030566,Ugaritic,Alphabetic,Acropolis,f185a47f-1c50-4ab6-8e1b-39b15eaaa976
RS 3.341,35.7864104,35.6030566,unknown,unknown,Acropolis,c6032903-5f02-4800-a818-e2ef86e12f3a
RS 3.342,35.7864104,35.6030566,unknown,unknown,Acropolis,33a43e7c-abfd-454b-966d-29b26c546b9f
RS 3.343+,35.7864104,35.6030566,Ugaritic,Alphabetic,Acropolis,f28bb85b-16c5-4132-84f4-e123ca5746fc
RS 3.344,35.7864104,35.6030566,unknown,unknown,Acropolis,2f3853a5-a26e-4585-8913-befcfc25a8f0
RS 3.345,35.7864104,35.6030566,unknown,unknown,Acropolis,b3cd8b94-8bb8-4183-bab5-f324f48178c9
RS 3.346+,35.7864104,35.6030566,Ugaritic,Alphabetic,Acropolis,0e0105bb-37e8-488c-b882-aae0284d8365
RS 3.347,35.7864104,35.6030566,unknown,unknown,Acropolis,a5576b92-f3dc-4cd2-9d34-9e78f584b8f9
RS 3.348,35.7864104,35.6030566,Ugaritic,Alphabetic,Acropolis,df0a9c2b-6c8f-4d9c-8d24-efcec4a297dd
RS 3.349,35.7864104,35.6030566,unknown,unknown,Acropolis,c87b53cf-2485-4aa1-a319-ed686da53097
RS 3.360,35.7864128,35.6030676,unknown,unknown,Acropolis,6cd2375c-2a23-4024-9a86-e4b6c1777556
RS 3.361,35.7864066,35.6030428,Ugaritic,Alphabetic,Acropolis,0c613cbe-753b-489b-8d74-58024a787806
RS 3.362+,35.7864009,35.6030661,Ugaritic,Alphabetic,Acropolis,2273a7f5-6dec-4173-b7ff-6067f953d43a
RS 3.363,35.7864276,35.60307,unknown,unknown,Acropolis,0e3f3fed-1915-4d22-9a71-6329741d5928
RS 3.364,35.7864276,35.60307,Ugaritic,Alphabetic,Acropolis,3ac14cd1-a428-47e1-9696-bc316daafe8a
RS 3.366,35.7864059,35.6030494,unknown,unknown,Acropolis,b2db5adb-b268-4c68-b25f-df0a63f7c0fd
RS 3.367,35.7862582,35.6032102,Ugaritic,Alphabetic,Acropolis,172a3413-6438-4e53-9629-34f86a0e1fd0
RS 3.372,35.7864036,35.6030459,Hurrian,Alphabetic,Acropolis,080dd479-0675-4e82-9478-6d41a5dc59a6
RS 3.379,35.786404,35.6030494,Akkadian,Logosyllabic,Acropolis,ef1741c0-3f95-4f5e-b4d2-acae0d9f6cb7
RS 3.389,35.7864659,35.6032154,Cypro-Minoan,Syllabic,Acropolis,016e484c-1dde-46a2-a757-79465f019ade
RS 3.410,35.7864059,35.6030502,Egyptian,Hieroglyphic,Acropolis,8d041de5-774d-48cc-ab07-945ee31bf4ea
RS 3.414,35.7863753,35.6031804,unknown,unknown,Acropolis,e524583a-42ae-471e-b265-ea8a0935b683
RS 3.427,35.7864726,35.6031271,Ugaritic,Alphabetic,Acropolis,3bebc408-8764-42d6-aa8d-7ca9324bce7d
RS 3.432,35.7864039,35.6030506,Egyptian,Hieroglyphic,Acropolis,53359403-e839-46a8-a2b9-946aaeda733c
RS 3.469,35.7862904,35.6032908,Egyptian,Hieroglyphic,Acropolis,ad4d1a43-17df-4bc4-b5ca-242d86658e3d
RS 3.483,35.7862904,35.6032908,Egyptian,Hieroglyphic,Acropolis,42c0c290-9fd0-4995-a6a5-2764a1c21898
RS 3.[565],35.7818956,35.6014227,unknown,unknown,Out of Context,2da05d11-c17d-4bf1-b6c5-8e0ba50302db
RS 4.409,35.7818307,35.601629,Ugaritic,Alphabetic,unknown,729cf7a8-5cff-4afc-b40c-8490b6652142
RS 4.416,35.7861375,35.603084,Egyptian,Hieroglyphic,Acropolis,0c4f9785-619e-46e9-8551-d635131f8867
RS 4.449,35.7861411,35.6030804,Akkadian,Logosyllabic,Acropolis,19400b82-187d-4f13-a565-e37cdede19f9
RS 4.458,35.7862185,35.6026951,Akkadian,Logosyllabic,Acropolis,2378fe42-380a-4508-b505-721dc4add9eb
RS 4.474,35.7862992,35.6031655,Ugaritic,Alphabetic,Acropolis,21d345db-db8a-4244-84d9-738718e90a6c
RS 4.475,35.7863064,35.603177,Ugaritic,Alphabetic,Acropolis,8ae77646-4e43-4252-9a70-6ede5be6a05b
RS 4.520,35.7818956,35.6014227,Akkadian,Logosyllabic,Out of Context,fb47c4ec-0304-4e32-881b-4e8fdcc20983
RS 5.144,35.7868531,35.6030865,unknown,unknown,Acropolis,7e40c2a1-4755-4860-897e-0898bdd18a84
RS 5.144A,35.7868531,35.6030865,unknown,unknown,Acropolis,56794f55-a0f0-4ea8-b475-b8106d4b7adb
RS 5.155,35.7870336,35.6029202,unknown,unknown,Acropolis,1be3e6c2-4070-403d-8c81-2ee10ed7ad45
RS 5.156+,35.7870351,35.602919,Akkadian,Alphabetic,Acropolis,91c4d28b-e596-4c99-8c97-4c2dc685599b
RS 5.157,35.7870351,35.602919,Ugaritic,Alphabetic,Acropolis,363e9692-9bcd-4a03-9062-2bbfc5f643f5
RS 5.179,35.7870381,35.6029156,Ugaritic,Alphabetic,Acropolis,a811fcbb-0a30-4db1-b3df-a9a8088c6cad
RS 5.180+,35.7870365,35.6029183,Ugaritic,Alphabetic,Acropolis,eb19c8eb-8f3e-42fb-ba7c-15ff8c01ee27
RS 5.181,35.7870365,35.6029183,unknown,unknown,Acropolis,4277b11c-2dc6-429d-83bc-a6eafa59a4c5
RS 5.182,35.7870365,35.6029187,Hurrian,Alphabetic,Acropolis,990481d2-e0e6-4caa-a612-8d9f3d2b8f98
RS 5.183,35.7870332,35.602921,unknown,unknown,Acropolis,64e4aaf1-3a88-47eb-ae9c-c4c829ca668a
RS 5.194,35.7870365,35.6029179,Ugaritic,Alphabetic,Acropolis,779bea53-0a71-492c-a74e-2813ec337c47
RS 5.195,35.7870365,35.6029179,Ugaritic,Alphabetic,Acropolis,94b5f0cd-d4f5-4063-bb09-29b05e082f85
RS 5.196,35.7870365,35.6029179,Ugaritic,Alphabetic,Acropolis,7d25777f-2796-4e5f-8090-4f63a05b2dd8
RS 5.197+,35.7870365,35.6029179,Ugaritic,Alphabetic,Acropolis,1f3657ab-1f95-4bcb-9816-1de37e1d0b2e
RS 5.198,35.7870365,35.6029179,Ugaritic,Alphabetic,Acropolis,318a1198-a0fc-44d0-b948-ac2ca58129b3
RS 5.199,35.7870365,35.6029179,Akkadian,Alphabetic,Acropolis,de5fc633-4c84-49e3-ab16-3d37cf8d18ae
RS 5.200,35.7870365,35.6029179,Hurrian,Alphabetic,Acropolis,9b65f6aa-6c3a-4b8b-ac09-bceadcc03775
RS 5.211,35.7870365,35.6029179,unknown,unknown,Acropolis,bc614df3-f1b6-4511-8bc9-e2e83a434a83
RS 5.212,35.7870365,35.6029179,unknown,unknown,Acropolis,a8d107b2-902b-4894-857d-57133bb7d4d1
RS 5.213,35.7870365,35.6029179,Akkadian,Alphabetic,Acropolis,14f8b59d-8910-4575-b558-d0dd4dc8c235
RS 5.214,35.7870365,35.6029179,unknown,unknown,Acropolis,2d45dc53-f7a0-4b50-929b-a0eaf0df0206
RS 5.215,35.7870365,35.6029179,Ugaritic,Alphabetic,Acropolis,5e934a1f-13aa-4fd2-bf9b-5dd69786ef0b
RS 5.216,35.7870365,35.6029179,Ugaritic,Alphabetic,Acropolis,90afeb4c-022e-4d64-951a-db383a524c2c
RS 5.217,35.7870365,35.6029179,Ugaritic,Alphabetic,Acropolis,16cbec72-8235-44ea-8aaa-95417973abb4
RS 5.218,35.7870365,35.6029179,Ugaritic,Alphabetic,Acropolis,735001c8-155c-4841-bc4d-8341ef4857b0
RS 5.219,35.7870365,35.6029179,Ugaritic,Alphabetic,Acropolis,7c2e66c5-e53a-4a08-bbc1-6e919dc2e32a
RS 5.220,35.7870365,35.6029179,Ugaritic,Alphabetic,Acropolis,6361122a-6341-4fc9-be56-58781c54928d
RS 5.220 [bis],35.7818956,35.6014227,unknown,unknown,Out of Context,0bfa0c75-ba05-4f9b-927d-d1ea879552b5
RS 5.221,35.7870365,35.6029179,unknown,unknown,Acropolis,d89c5196-c443-423f-9806-4a799a1a58cd
RS 5.222,35.7870365,35.6029179,Ugaritic,Alphabetic,Acropolis,e62616dd-94ba-4546-aec3-28703f7c561d
RS 5.222 [bis],35.7868554,35.6030846,Akkadian,Logosyllabic,Acropolis,5c72956d-131a-4115-b5c5-82f4027469be
RS 5.223,35.7870365,35.6029179,Ugaritic,Alphabetic,Acropolis,f28c0df4-f67e-423b-bcd3-d7933f5cef16
RS 5.229,35.787038,35.6029176,Ugaritic,Alphabetic,Acropolis,9ed4f25f-1418-493d-94e7-d6a116e8afe5
RS 5.230,35.787038,35.6029176,Ugaritic,Alphabetic,Acropolis,df60dca2-b083-4a30-8dda-a9e087a06535
RS 5.234,35.7818956,35.6014227,unknown,unknown,Out of Context,a5f99f26-b45d-4c26-83f9-f3bb25d63c88
RS 5.248,35.7867735,35.6030218,Ugaritic,Alphabetic,Acropolis,192bf233-6f12-465b-a499-560805fdbb33
RS 5.252,35.7818956,35.6014227,unknown,unknown,Out of Context,9ff2f954-5ae6-4f52-966f-820b26bbb800
RS 5.259,35.787038,35.6029168,Ugaritic,Alphabetic,Acropolis,099c4d1b-a3ea-4fd6-8eee-9c47d31ec706
RS 5.262,35.78625,35.6031522,Ugaritic; Hittite,Alphabetic; Hieroglyphic,Acropolis,c197e30f-c1dd-4966-8ab2-e84f338622b9
RS 5.269,35.7871981,35.6026026,Ugaritic,Alphabetic,Acropolis,c00cde91-8a90-48d6-80ab-5f9c1e8c5e54
RS 5.274,35.7868531,35.6030865,Ugaritic,Alphabetic,Acropolis,0993a470-aba4-4e08-9f4b-63cf22279c6e
RS 5.278,35.7818956,35.6014227,unknown,unknown,Out of Context,a04dd423-dd71-4a46-a04c-76d5268b1562
RS 5.284,35.7871981,35.6026026,Akkadian,Logosyllabic,Acropolis,a48e062a-785c-4191-ac8f-b42a501f5e9b
RS 5.285+,35.7871981,35.6026026,Ugaritic; Ugaritic,Alphabetic; Alphabetic,Acropolis,14f558db-da37-4b3c-ad40-d9a3481db343
RS 5.300,35.7871981,35.6026026,Ugaritic; Ugaritic,Alphabetic; Alphabetic,Acropolis,46a108d1-6609-41a9-b317-c47909404893
RS 5.301,35.7871981,35.6026026,unknown,unknown,Acropolis,e2a97e2a-2c3a-40f0-a0e0-9b74f7c33c95
RS 5.302+,35.7871981,35.6026026,Akkadian,Logosyllabic,Acropolis,6c445b3b-e1b2-4aa2-8a2e-da836e88edc6
RS 5.303,35.7871981,35.6026026,unknown,unknown,Acropolis,bbd85a1c-da98-4c1f-8208-b9a9fc8405b4
RS 5.303bis,35.7818307,35.601629,Akkadian,Alphabetic,unknown,8a9f27fb-3a0e-4d8b-9583-bc699b91fbce
RS 6.000,35.7849617,35.6019901,Akkadian,Logosyllabic,unknown,8bb029a9-3c54-4334-9754-365a82f59580
RS 6.021,35.7867662,35.6030485,Ugaritic,Alphabetic,Acropolis,53d560a1-87fe-48e2-9738-03c045422f47
RS 6.028,35.7867601,35.6031024,Ugaritic,Alphabetic,Acropolis,e50ab417-89f2-4eca-97e4-765f07c7cc75
RS 6.071,35.7867601,35.6031024,Egyptian,Hieroglyphic,Acropolis,0aa4feaa-5c07-41b9-b54a-8565ae8b24ff
RS 6.072,35.7871634,35.6026144,Egyptian,Hieroglyphic,Acropolis,2f03aca2-5b6a-47fa-8dc1-6c2a4f402363
RS 6.093,35.7871634,35.6026144,Egyptian,Hieroglyphic,Acropolis,e6880964-ea91-42af-8bb4-7eaecd798ebc
RS 6.127,35.7861996,35.6032006,Ugaritic,Alphabetic,Acropolis,025280dc-0fcf-46c6-9cd4-3c04746f4a80
RS 6.133,35.7818956,35.6014227,unknown,unknown,Out of Context,1b719745-e42c-41a8-80da-9596f7b22c9d
RS 6.173,35.7862019,35.6031998,Ugaritic,Alphabetic,Acropolis,1fa0de71-1a09-44bd-a5ad-83d029bc7275
RS 6.174,35.78625,35.6032591,Ugaritic,Alphabetic,Acropolis,54533919-23fb-41a9-80cb-5f25fe3e349a
RS 6.175,35.78625,35.6032591,Ugaritic,Alphabetic,Acropolis,f51d0cfe-072a-4111-9f8e-4a36eaf189e3
RS 6.198,35.7861996,35.6032006,Akkadian,Logosyllabic,Acropolis,e03115c2-a862-4106-a097-ae0802ec3325
RS 6.199,35.7861996,35.6032006,Ugaritic,Alphabetic,Acropolis,522ba12a-1390-45dd-8a1f-ccdf873afef6
RS 7.151,35.7861051,35.6040808,Egyptian,Hieroglyphic,Lower City East,25c8ee56-65bf-4066-b0ea-2f70f4e897f8
RS 7.197,35.7861051,35.6040808,Egyptian,Hieroglyphic,Lower City East,ba898111-5743-4c9e-a55b-85c962d0f40b
RS 8.005,35.7854138,35.6035671,Ugaritic,Alphabetic,Lower City West,2750c841-f2cb-440f-911a-710c484c3773
RS 8.015,35.7856182,35.6025371,Egyptian,Hieroglyphic,Acropolis,60f42e24-11a8-42a0-9ca4-6c0b1674d9bd
RS 8.043,35.78562,35.6025393,Akkadian,Logosyllabic,Acropolis,e2836c08-6f7b-4082-9e3b-28daf7de13f4
RS 8.051,35.7854138,35.6035671,unknown,unknown,Lower City West,df4f9da9-e186-4302-876a-36b6e48653c1
RS 8.093,35.7856208,35.6025422,Hittite,Hieroglyphic,Acropolis,8914bd23-c831-4fab-a225-9a4dcfd3bb10
RS 8.098,35.78562,35.60254,Akkadian,Logosyllabic,Acropolis,607b92bf-209e-441f-a573-9958124d0792
RS 8.145,35.7856217,35.60254,Akkadian,Logosyllabic,Acropolis,e6fe0ef5-7c8c-4760-b99a-05891a39f049
RS 8.146,35.78562,35.60254,Akkadian,Logosyllabic,Acropolis,23066592-35cd-43a1-8e3a-81baa25b00a5
RS 8.183+,35.7856191,35.6025422,Ugaritic,Alphabetic,Acropolis,f66d81bb-3369-45e6-bc5a-39816ac534b7
RS 8.201,35.7856146,35.60254,unknown,unknown,Acropolis,89413c2a-6597-46f7-8617-50bda6dbb9ae
RS 8.202 [B],35.7856182,35.6025422,Ugaritic,Alphabetic,Acropolis,d85bf2fb-e8be-4909-b9e1-23e02879304a
RS 8.202 [A],35.7856182,35.6025422,Ugaritic,Alphabetic,Acropolis,3edf6017-97f2-44ae-b90a-d6c2176ff3fc
RS 8.203,35.7861051,35.6040808,Ugaritic,Alphabetic,Lower City East,968dfa0c-ff12-42b1-b40b-c0a705a979e8
RS 8.206,35.7861051,35.6040808,Hittite,Hieroglyphic,Lower City East,60580161-ffd7-4158-9f0a-085b1b157e33
RS 8.207,35.7859147,35.6041193,Akkadian,Logosyllabic,Lower City East,80e51cce-4768-4aa0-8204-7f0f01db2825
RS 8.208,35.7854959,35.6026545,Ugaritic,Alphabetic,Acropolis,b7f8a524-da22-48c5-9081-ce7ff3799298
RS 8.208bis,35.7818956,35.6014227,unknown,unknown,Out of Context,5c5c0fa7-9fe4-4a42-8972-bd2b777279aa
RS 8.213,35.7861051,35.6040808,Ugaritic,Alphabetic,Lower City East,56fd3b11-a95d-42f4-90ff-d24d5eeeb94e
RS 8.220,35.7818307,35.601629,unknown,unknown,unknown,eb92e0e1-2e8b-4fe7-afbd-2db5a5c5a990
RS 8.227,35.7861051,35.6040808,Akkadian,Logosyllabic,Lower City East,3ce83136-f063-4e46-b680-f86300004371
RS 8.244,35.7861051,35.6040808,Egyptian?,Hieroglyphic?,Lower City East,44fd6c7f-660d-4e73-8cd7-c401782ed733
RS 8.272,35.7856226,35.6025415,Ugaritic; Akkadian,Alphabetic; Logosyllabic,Acropolis,7054c0b5-ff39-4d68-8824-d6d6a4db3c03
RS 8.277,35.7861051,35.6040808,Ugaritic,Alphabetic,Lower City East,67a3e3de-f933-4612-bbf2-efcf103ecd54
RS 8.279,35.7861051,35.6040808,Ugaritic,Alphabetic,Lower City East,9d3a0b3b-0dc5-4754-98b5-6609e0e1c6ae
RS 8.279bis,35.7818307,35.601629,Akkadian,Logosyllabic,unknown,696830c3-ce38-47d1-b366-6ce421f5dc11
RS 8.280,35.7861051,35.6040808,Ugaritic,Alphabetic,Lower City East,505f8eac-8748-40cd-992a-50b758e81649
RS 8.301,35.7861051,35.6040808,Ugaritic,Alphabetic,Lower City East,1a82f197-6c6a-4c22-ab13-d3a790d1b358
RS 8.303,35.7861051,35.6040808,Akkadian,Logosyllabic,Lower City East,fd1c9171-a8c9-4c21-9c3a-6ea09c412e88
RS 8.315,35.7861051,35.6040808,Ugaritic,Alphabetic,Lower City East,73f7bf4d-4baf-4f9b-95d4-4772e2070afd
RS 8.333,35.7861051,35.6040808,Akkadian,Logosyllabic,Lower City East,219b023b-6d6c-4c5e-bd13-5e7f476f17ee
RS 8.346,35.7861051,35.6040808,Akkadian,Logosyllabic,Lower City East,4243d815-1d30-4a4a-9b6c-8a2d181d99e0
RS 8.[534],35.7818307,35.601629,Ugaritic,Alphabetic,unknown,e6ef8c60-d7cb-4e5e-9caa-c36684ae153b
RS 8.[535],35.7818307,35.601629,Ugaritic,Alphabetic,unknown,a4c563b2-25d3-4c01-99f4-36b6a9e0d3af
RS 8.[536],35.7818307,35.601629,Ugaritic,Alphabetic,unknown,3f342971-3cb6-47ba-9b58-f2c6e84637d2
RS 8.[537],35.7818307,35.601629,Ugaritic,Alphabetic,unknown,5d6afee2-799e-4570-9e74-4ff9866df876
RS 8.[538],35.7818307,35.601629,Cypro-Minoan,unknown,unknown,c78fc87e-aef4-4c45-8490-4654b434e6d7
RS 9.011,35.7824699,35.602564,Ugaritic,Alphabetic,Mound Northwest of Tell,30f905fd-7180-4665-8d21-473c6dc7ceac
RS 9.113A,35.7862451,35.6029444,Egyptian,Hieroglyphic,Acropolis,f8bc8330-2604-4b94-91f8-5401440a3572
RS 9.145,35.7861051,35.6040808,Egyptian,Hieroglyphic,Lower City East,2514822b-136f-4079-b2cd-5cdf472d98e9
RS 9.164,35.7854138,35.6035671,Egyptian,Hieroglyphic,Lower City West,079c2b8d-97e6-40f9-a4b7-d3b0d942aa36
RS 9.253,35.7824713,35.6025288,Hurrian,Logosyllabic,Mound Northwest of Tell,99e2e617-ec3a-49f9-8bbe-8c7dbb4133d8
RS 9.261,35.7824891,35.6025153,Akkadian,Logosyllabic,Mound Northwest of Tell,31259084-e2b7-40c4-a8d8-77aca1185810
RS 9.292,35.782547,35.6024675,Egyptian,Hieroglyphic,Mound Northwest of Tell,3eebe231-a2cb-4b14-b4b2-3b8e55f6d329
RS 9.296,35.7825554,35.6024749,Egyptian,Hieroglyphic,Mound Northwest of Tell,43cccc18-e4b7-4e92-a6a9-2d76a9975161
RS 9.405,35.7818307,35.601629,Akkadian,Logosyllabic,unknown,7fec8f74-187d-4e6d-b6ce-14d5475f26b4
RS 9.453,35.7824908,35.6024731,Ugaritic,Alphabetic,Mound Northwest of Tell,0ff82da8-4b6b-434d-936c-37225ce208e2
RS 9.462A,35.7825542,35.6025029,Egyptian,Hieroglyphic,Mound Northwest of Tell,2ee8e7c1-6f83-4bd8-82ce-a8224d89216f
RS 9.464,35.7825542,35.6025029,Egyptian,Hieroglyphic,Mound Northwest of Tell,57e9cd76-4b16-4846-bb04-011ece3d6136
RS 9.465,35.7825542,35.6025029,Egyptian,Hieroglyphic,Mound Northwest of Tell,2ef4776a-cbce-446e-9664-421a80543f0b
RS 9.466,35.7825542,35.6025029,Egyptian,Hieroglyphic,Mound Northwest of Tell,c6efce58-f1ec-468b-8954-fdaf3bef4d20
RS 9.469,35.7825151,35.6025089,Ugaritic,Alphabetic,Mound Northwest of Tell,de51f55d-91a5-4e3e-9551-b6cd4426c13d
RS 9.479A,35.7825671,35.6025033,Ugaritic,Alphabetic,Mound Northwest of Tell,ed3b336e-307a-40ae-9a26-b4c031b4f7c6
RS 9.480A,35.782533,35.6024954,unknown,unknown,Mound Northwest of Tell,6ab5d290-0d7e-4687-a43a-dd6f0d0650a8
RS 9.483A,35.7825594,35.602482,Hurrian,Logosyllabic,Mound Northwest of Tell,804ffa65-c409-47ed-a9b9-578b6a505fcc
RS 9.484A,35.7825774,35.6024613,unknown,unknown,Mound Northwest of Tell,c093edb0-7705-4e79-98fb-7a6cfd5fc38d
RS 9.491A,35.7825697,35.60244,Akkadian,Logosyllabic,Mound Northwest of Tell,85f4fdf0-6937-4245-be45-1065bb205bf0
RS 9.496,35.7858659,35.6008594,Ugaritic,Alphabetic,Acropolis,132be96e-2507-4c33-a0aa-d8c42d38aedc
RS 10.029,35.7825369,35.6022913,Akkadian,Logosyllabic,Mound Northwest of Tell,11d6e3fa-0159-41ab-b2fd-490a5dba85dd
RS 10.035,35.782521,35.6022558,Ugaritic,Alphabetic,Mound Northwest of Tell,cd8aec09-7949-4aa6-a3ad-26b228d881fe
RS 10.043,35.7825394,35.602228,Ugaritic,Alphabetic,Mound Northwest of Tell,eebb5cb8-4cb9-4954-ab50-feb7bf9afa4b
RS 10.044,35.7825394,35.602228,Akkadian,Logosyllabic,Mound Northwest of Tell,6cfe71d9-c9a0-446d-83f6-ec04f0ac99e9
RS 10.045,35.7825218,35.6022346,Ugaritic; Akkadian,Alphabetic; Logosyllabic,Mound Northwest of Tell,c5ea5049-0310-4b3c-8696-33caa339f2e3
RS 10.046,35.7825218,35.6022346,Akkadian,Logosyllabic,Mound Northwest of Tell,0d2a8249-cd10-44cd-a19b-1016ab17d180
RS 10.052,35.7825218,35.6022346,Ugaritic; Akkadian,Alphabetic; Logosyllabic,Mound Northwest of Tell,b20f3a29-ff19-4da8-b4ba-add0dd03b888
RS 10.058,35.7825313,35.6022138,Akkadian,Logosyllabic,Mound Northwest of Tell,641691f0-113b-41b0-ae45-7943b0c20d57
RS 10.062,35.7825403,35.602207,unknown,unknown,Mound Northwest of Tell,ac93ed96-afd8-4436-a663-ba6a70d76033
RS 10.081,35.782542,35.6021648,Ugaritic,Alphabetic,Mound Northwest of Tell,44aef6cd-d288-4598-a005-5ad1740cd9b3
RS 10.086,35.7825678,35.6021655,Ugaritic,Alphabetic,Mound Northwest of Tell,c345f73f-cb9a-441a-aa31-8ed5317318da
RS 10.087,35.7825335,35.6021575,Ugaritic,Alphabetic,Mound Northwest of Tell,2612c840-5f28-40e0-ac4a-5f3d81a915a1
RS 10.088,35.7825335,35.6021575,Ugaritic,Alphabetic,Mound Northwest of Tell,25f31508-dc4a-44f6-8e6b-35d11a263b85
RS 10.089,35.7825335,35.6021575,Ugaritic,Alphabetic,Mound Northwest of Tell,49c6f67f-eb49-4f46-8fee-47479af67e98
RS 10.090,35.78256,35.6021442,Ugaritic,Alphabetic,Mound Northwest of Tell,d1fafeeb-aaf6-45ca-838e-bd8c63c00f2d
RS 10.102,35.7825883,35.6020816,unknown,unknown,Mound Northwest of Tell,2631e7c1-8886-43d0-9474-6e65d6957805
RS 10.103,35.7825835,35.6022011,Ugaritic,Alphabetic,Mound Northwest of Tell,a0b3dd41-1b55-4f7e-a1e3-953b82c5a2ed
RS 10.109,35.7825646,35.6022429,Ugaritic,Alphabetic,Mound Northwest of Tell,a1c4da20-47c0-4685-ab4b-d3a5e04e4700
RS 10.110,35.7825952,35.602124,Ugaritic,Alphabetic,Mound Northwest of Tell,49e1b083-e9fd-498e-94a5-3408a7fe770e
RS 10.145,35.7854138,35.6035671,Egyptian,Hieroglyphic,Lower City West,06cd2eed-61b5-4c7c-8a1e-0898ba169c62
RS 11.261,35.7827389,35.6019598,Egyptian,Hieroglyphic,Royal Palace,260908c0-cadb-489d-a5eb-51b1351fecdd
RS 11.329,35.7825483,35.6022213,Egyptian,Hieroglyphic,Mound Northwest of Tell,9c93c04f-1156-4fab-afac-a153a1b2975a
RS 11.345,35.7818307,35.601629,Ugaritic,Alphabetic,unknown,376456c7-22ed-41e5-8ff0-e19e259d902f
RS 11.602,35.7825807,35.6022714,Ugaritic,Alphabetic,Mound Northwest of Tell,d1e701f4-bd5d-4428-a038-9defbf325314
RS 11.656,35.7825827,35.6022222,Ugaritic,Alphabetic,Mound Northwest of Tell,91efa38d-d632-4414-9e8c-3265836d31cc
RS 11.713,35.7827406,35.6019899,unknown,unknown,Royal Palace,1c46eab0-a0ba-461e-9cad-caccddeed0bb
RS 11.714,35.7827406,35.6019899,Ugaritic,Alphabetic,Royal Palace,e6203ef9-4a58-40a7-813c-f1421b1ab1ef
RS 11.715+,35.7827406,35.6019899,Ugaritic; Akkadian,Alphabetic; Logosyllabic,Royal Palace,3d7657ad-4dfa-49c0-b7f5-0ff1f812da53
RS 11.716,35.7826686,35.601958,Ugaritic; Akkadian,Alphabetic; Logosyllabic,Royal Palace,fc698296-9027-4efb-ad24-ce223c0e7ac7
RS 11.717,35.7827406,35.6019899,unknown,unknown,Royal Palace,2686cf8c-51dc-48e9-9d40-8b42f9f0ca39
RS 11.718,35.7827406,35.6019899,Akkadian,Logosyllabic,Royal Palace,4d658d22-fe5b-4088-a360-c9111ff56aa5
RS 11.719,35.7827406,35.6019899,unknown,unknown,Royal Palace,be9be52c-3587-4035-8834-21844bfdf152
RS 11.720,35.7827406,35.6019899,Ugaritic,Alphabetic,Royal Palace,ddabbef7-3c67-4f78-a7e0-b4a940bb21c4
RS 11.721,35.7826686,35.601958,Ugaritic; Akkadian,Alphabetic; Logosyllabic,Royal Palace,2d33d999-0109-4e15-9338-ed1be894e72b
RS 11.722,35.7826876,35.6019853,Ugaritic; Akkadian,Alphabetic; Logosyllabic,Royal Palace,b9d1394c-3802-4d53-9f65-7e23fffe90bc
RS 11.723,35.7826876,35.6019853,Akkadian,Logosyllabic,Royal Palace,3209326a-6620-4b19-9ff5-8b85134ac7a8
RS 11.724+,35.7826876,35.6019853,Ugaritic,Alphabetic,Royal Palace,6baeb742-2228-4e31-ba90-19221500a00f
RS 11.730,35.7826992,35.6019727,Akkadian,Logosyllabic,Royal Palace,5ffaaa22-98ad-4c2c-8526-d3513e296923
RS 11.731,35.7826992,35.6019727,unknown,unknown,Royal Palace,9f309916-54f9-4787-8025-bfa75caf20b3
RS 11.732,35.7826876,35.6019853,Ugaritic,Alphabetic,Royal Palace,867388de-38fe-484e-9bee-54dd9775763b
RS 11.732 [B],35.7826876,35.6019853,Akkadian,Logosyllabic,Royal Palace,57430b98-aa7e-4a08-9b2f-0503d23f5463
RS 11.732 [A],35.7826876,35.6019853,Ugaritic,Alphabetic,Royal Palace,089fcec6-4c10-4067-994b-56d0540eb843
RS 11.734,35.7826513,35.602231,Akkadian,Logosyllabic,Mound Northwest of Tell,e9729eef-0a73-4405-a244-d35d7202f94c
RS 11.735+,35.7825933,35.6021733,Ugaritic,Alphabetic,Mound Northwest of Tell,4bc98e85-2c26-49bd-8721-7b26a732efe7
RS 11.756,35.7818307,35.601629,Ugaritic,Alphabetic,unknown,574c0ffb-aae5-45ed-86aa-209fe16b3531
RS 11.770,35.7826205,35.6021387,unknown,unknown,Mound Northwest of Tell,f1fdebc6-64f2-4363-ba5e-f329ae37ea33
RS 11.772+,35.7826993,35.601965,Ugaritic,Alphabetic,Royal Palace,3128366e-8529-4cb5-bcc9-b0f8f3ee877c
RS 11.773,35.7826352,35.6022025,unknown,unknown,Mound Northwest of Tell,0bce69fc-dc00-4678-963b-7f314020281c
RS 11.774,35.7826381,35.6019694,Ugaritic,Alphabetic,Royal Palace,c555eda7-c79e-42a7-80ba-49acc89fe5cf
RS 11.775,35.7827015,35.6019982,Ugaritic,Alphabetic,Royal Palace,4e22b71a-b5a4-4e08-b14c-74f205cc6825
RS 11.776+,35.7827015,35.6019982,Ugaritic; Akkadian,Alphabetic; Logosyllabic,Royal Palace,f0a2362b-221a-48bc-8128-4ea267ca3195
RS 11.777,35.7827015,35.6019982,Ugaritic,Alphabetic,Royal Palace,7de0edbd-ca16-49e5-87d3-d9c6bfa992aa
RS 11.778,35.7827015,35.6019982,Ugaritic,Alphabetic,Royal Palace,6deae351-daa1-4608-9013-8666924dbb77
RS 11.779,35.7827015,35.6019982,Ugaritic,Alphabetic,Royal Palace,479b6d87-22b7-4f8d-9b90-54cfb39c49e8
RS 11.780,35.7827015,35.6019982,unknown,unknown,Royal Palace,a36edc7e-fd84-4afe-847a-f52112504658
RS 11.781,35.7827015,35.6019982,Ugaritic,Alphabetic,Royal Palace,d11919c3-6fb6-4585-a684-6277538fa51a
RS 11.782,35.7827015,35.6019982,unknown,unknown,Royal Palace,b37f7845-018c-4173-ab55-ed9d8a8239bf
RS 11.783,35.7827015,35.6019982,unknown,unknown,Royal Palace,2624bfa6-1fbb-46a9-94fa-6b9863564258
RS 11.784,35.7826157,35.6019672,Ugaritic,Alphabetic,Royal Palace,823aef45-3481-4aad-a626-c0e65e8d87dd
RS 11.785,35.7826157,35.6019672,Ugaritic,Alphabetic,Royal Palace,6214dfd2-fadc-4132-b45f-a5655eac4ef4
RS 11.786,35.7826536,35.6019998,Ugaritic,Alphabetic,Royal Palace,270e2cdb-2a4a-4ffe-bf06-ddd84d55e298
RS 11.787,35.7827607,35.6020033,Akkadian,Logosyllabic,Royal Palace,6a02a727-20d8-4d9e-8fd6-2a38706f853a
RS 11.788,35.7827015,35.6019982,Ugaritic,Alphabetic,Royal Palace,77469948-3168-4106-849c-0374abeb9726
RS 11.789,35.7827015,35.6019982,Ugaritic,Alphabetic,Royal Palace,1d9236b1-787c-4df6-9627-65e77da692a7
RS 11.790,35.7827015,35.6019982,Akkadian,Logosyllabic,Royal Palace,10f05b3f-a7a1-488f-9b89-190babf4106d
RS 11.791,35.7827015,35.6019982,Akkadian,Logosyllabic,Royal Palace,7db29f48-0e4c-4ed0-bc4f-e43a310aa5bc
RS 11.792,35.7827015,35.6019982,Ugaritic,Alphabetic,Royal Palace,e4a4aa31-4db1-48c9-bc46-267e61b3c555
RS 11.793,35.7827015,35.6019982,Ugaritic,Alphabetic,Royal Palace,6ebdfdfd-3eea-4f12-9c83-29c7c0069b51
RS 11.794,35.7827015,35.6019982,Akkadian,Logosyllabic,Royal Palace,9e8e7fc4-b189-4761-a138-4a2e3750533e
RS 11.795,35.7826195,35.6019776,Ugaritic,Alphabetic,Royal Palace,2430c208-66f0-438b-b921-964d9e10dfd4
RS 11.796,35.7827015,35.6019982,Ugaritic,Alphabetic,Royal Palace,b8f930b5-87ee-4246-bca3-acd8d5a6dee4
RS 11.797,35.7826352,35.6022025,Ugaritic; Akkadian,Alphabetic; Logosyllabic,Mound Northwest of Tell,9950ec6e-350c-481a-8ebe-437522aef701
RS 11.798,35.7826195,35.6019776,Akkadian,Logosyllabic,Royal Palace,58783d50-c2cc-46f8-a11a-c36b1ad13d67
RS 11.799,35.7826195,35.6019776,Ugaritic,Alphabetic,Royal Palace,ac0b4d67-31c5-4b06-96d5-9e574acb18e3
RS 11.800,35.7826381,35.6019694,unknown,unknown,Royal Palace,257d9a75-4b96-4eb1-9630-81ab06c85eb5
RS 11.800bis,35.7826381,35.6019694,Akkadian,Logosyllabic,Royal Palace,72ff1911-ff20-480c-8db9-a6aae2045fc8
RS 11.802,35.7826381,35.6019694,unknown,unknown,Royal Palace,e620e391-1ba3-4a46-8eb8-fc10ae604011
RS 11.830,35.7827015,35.6019982,Akkadian,Logosyllabic,Royal Palace,c9246165-0ea9-4e56-af9a-e0c041ddf092
RS 11.832,35.7827015,35.6019982,Ugaritic,Alphabetic,Royal Palace,e7821e18-9b10-4e25-addb-c67851de20c1
RS 11.834,35.7827015,35.6019982,Akkadian,Logosyllabic,Royal Palace,d2162de2-97b6-4762-a7ac-65c9dfc27694
RS 11.835,35.782808,35.6020073,unknown,unknown,Royal Palace,1f3ade48-0a86-4508-87c9-0d761a78bb92
RS 11.836+,35.7826352,35.6022025,Ugaritic,Alphabetic,Mound Northwest of Tell,b3aec8bf-967b-49d3-a87d-550c32c6c8e3
RS 11.839,35.7826733,35.6019833,Akkadian,Logosyllabic,Royal Palace,f1fa1fc0-e4c3-47d8-9b58-8980a5568690
RS 11.840,35.7826733,35.6019833,Ugaritic,Alphabetic,Royal Palace,04d324ea-6f1f-47e0-98fd-325164eab7d6
RS 11.841,35.7826733,35.6019833,Ugaritic,Alphabetic,Royal Palace,007db385-f742-4319-ac6f-11e4cc8d7507
RS 11.841 [A],35.7826733,35.6019833,Akkadian,Logosyllabic,Royal Palace,0e5f3e87-fadf-4eda-98a7-c27dcb0beac4
RS 11.842,35.7826427,35.6022308,unknown,unknown,Mound Northwest of Tell,1417d328-5142-4282-8ea3-45620052a86b
RS 11.843,35.7826733,35.6019833,unknown,unknown,Royal Palace,56380a54-49ed-44c8-b83d-f7b7774713a4
RS 11.844,35.7826733,35.6019833,Ugaritic,Alphabetic,Royal Palace,8d8f3ff7-64fd-4be3-a365-e55dbf29f69f
RS 11.845,35.7826733,35.6019833,Ugaritic,Alphabetic,Royal Palace,35f1db59-be34-402c-aebc-03afad6154fd
RS 11.846,35.7826705,35.6021823,unknown,unknown,Mound Northwest of Tell,855a301f-96d4-4270-b014-2f2d96cce19a
RS 11.848,35.7826327,35.6022658,Egyptian,Hieroglyphic,Mound Northwest of Tell,5485cde9-54f5-4308-986a-6db2ab4da60f
RS 11.850,35.7825697,35.6019131,Ugaritic; Akkadian,Alphabetic; Logosyllabic,Royal Palace,6108b48a-4f0e-41bc-b748-a48022ec48b5
RS 11.853,35.7826033,35.6019254,Hurrian,Logosyllabic,Royal Palace,415f3457-fe68-4d3d-a345-21f1fa2c807b
RS 11.855,35.782651,35.6022381,Ugaritic,Alphabetic,Mound Northwest of Tell,a588aa4d-70c1-4e3d-a46e-a8b00379509d
RS 11.856,35.7826496,35.6022733,Akkadian,Logosyllabic,Mound Northwest of Tell,6e539afd-2ce2-42a1-98d7-3b50fba0c70b
RS 11.857,35.7826304,35.6019272,Ugaritic; Akkadian,Alphabetic; Logosyllabic,Royal Palace,17e0877a-dfbc-4ac3-9fcd-0e4d758c2931
RS 11.858,35.7826565,35.6019613,Ugaritic,Alphabetic,Royal Palace,36ea4a32-6303-4b1f-8922-e59e5afbed74
RS 11.859,35.7826733,35.6019833,unknown,unknown,Royal Palace,678550a7-2144-4b89-81b6-c6a150458b42
RS 11.860,35.7826733,35.6019833,Ugaritic,Alphabetic,Royal Palace,3bc49c78-3401-45b3-98c6-cd5d613d40e5
RS 11.861,35.7826733,35.6019833,unknown,unknown,Royal Palace,b8aac2ce-702c-4fdd-8e0f-d75eeb404225
RS 11.869,35.7826327,35.6022658,Egyptian,Hieroglyphic,Mound Northwest of Tell,dd4b7562-1a3f-4045-972a-f273b144ff8d
RS 11.872,35.7827405,35.6019464,Ugaritic,Alphabetic,Royal Palace,319cf5cd-45fd-4bac-830d-42be08cc62d8
RS 11.873,35.7818307,35.601629,Akkadian,Logosyllabic,unknown,7eb10e4c-0b9c-4999-a32b-037455eb3abd
RS 11.874,35.7818307,35.601629,Akkadian,Logosyllabic,unknown,39f82638-2942-41ae-b315-f0166e4a4fde
RS 11.875,35.7818956,35.6014227,Ugaritic,Alphabetic,Out of Context,cb648bda-4f68-4f46-bd49-c5a87f9b9d35
RS 11.881,35.7827405,35.6019464,unknown,unknown,Royal Palace,561a6448-b5e6-4490-923d-0dc42a30139b
RS 11.[900],35.7818307,35.601629,Ugaritic,Alphabetic,unknown,594c63ff-99d5-4720-b763-41fbda326a1d
RS 11.[901],35.7818307,35.601629,Ugaritic,Alphabetic,unknown,aa463775-7354-44ab-aa2d-7ce3469a4dd5
RS 11.[902],35.7818307,35.601629,Ugaritic,Alphabetic,unknown,c89b7040-03cb-4c41-b0a0-f1d10207c43b
RS 11.[903],35.7818307,35.601629,Ugaritic,Alphabetic,unknown,a8f5b587-356b-4308-b46b-208cf7a9ccab
RS 11.[904],35.7818307,35.601629,Ugaritic,Alphabetic,unknown,365004a4-fbfa-4311-a864-091c1d40e89b
RS 11.[905],35.7818307,35.601629,Ugaritic,Alphabetic,unknown,21739967-13a2-4978-b6ea-830768c633a3
RS 11.[906],35.7818307,35.601629,Ugaritic,Alphabetic,unknown,4972e787-3187-43f1-9461-c1977988373c
RS 11.[907],35.7818307,35.601629,Ugaritic,Alphabetic,unknown,4af38487-a241-4118-96e4-eb37818b3308
RS 11.[908],35.7818307,35.601629,Ugaritic,Alphabetic,unknown,d9e5e7ee-ea89-40e1-8c4e-64951fee66c9
RS 11.[909],35.7818307,35.601629,Ugaritic,Alphabetic,unknown,e9edf630-a4ee-4b94-a209-71a748685870
RS 11.[910],35.7818307,35.601629,Ugaritic,Alphabetic,unknown,d4f633d1-c09c-4409-bc90-533828192d42
RS 11.[911],35.7818307,35.601629,Ugaritic,Alphabetic,unknown,2ac87668-63f6-4d7c-a94a-790e92aeccb8
RS 11.[912],35.7818307,35.601629,Ugaritic,Alphabetic,unknown,c0eaac57-41e3-40f8-b15e-de62620ad0b8
RS 11.[913],35.7818307,35.601629,Ugaritic,Alphabetic,unknown,262cfc1a-c5f5-4203-9d80-5f3cdf35266a
RS 11.[914],35.7818307,35.601629,Ugaritic,Alphabetic,unknown,dd82d408-8610-45bb-a1f7-d289e3e82082
RS 11.[915],35.7818307,35.601629,Ugaritic,Alphabetic,unknown,6c1470dc-ad33-4315-90f8-f50787e33c9a
RS 11.[916],35.7818307,35.601629,Ugaritic,Alphabetic,unknown,8cfc0d16-2f0e-47c0-b5ee-6482256667a0
RS 11.[917],35.7818307,35.601629,Ugaritic,Alphabetic,unknown,030972e1-ef30-4b38-aa11-f9c9b71b9edf
RS 11.[918],35.7818307,35.601629,Ugaritic,Alphabetic,unknown,bd508d78-7740-4f28-ac66-53a4b7964d70
RS 11.[919],35.7818307,35.601629,Ugaritic,Alphabetic,unknown,b56b708e-6a53-43fc-921d-79368c37cd88
RS 11.[920] [B],35.7818307,35.601629,Ugaritic,Alphabetic,unknown,e7e063fc-40fa-4255-b5ef-722431ee25f9
RS 11.[920] [A],35.7818307,35.601629,Ugaritic,Alphabetic,unknown,f57ca719-0bf0-404f-8c0c-b83b8ad24c6d
RS 11.[921],35.7818307,35.601629,Ugaritic,Alphabetic,unknown,e98ca788-f08d-473e-9997-046d0bb5f18c
RS 11.[992],35.7818956,35.6014227,Ugaritic,Alphabetic,Out of Context,f3ebe7f5-c991-48c9-a143-17b066dcc758
RS 11.[996],35.7818956,35.6014227,Ugaritic,Alphabetic,Out of Context,d0213e86-590f-44e2-a22e-af95f78a216e
RS 12.001,35.7826906,35.6019097,Ugaritic,Alphabetic,Royal Palace,9709a740-e306-42a8-ac6c-a5d9fc376ed6
RS 12.002,35.7827215,35.6019325,Ugaritic,Alphabetic,Royal Palace,619821e4-a7ee-48d7-a958-6bb3a673db82
RS 12.003+,35.7827215,35.6019325,Ugaritic,Alphabetic,Royal Palace,09773289-8050-4f44-82a8-0c5a895e5339
RS 12.004,35.7827215,35.6019325,Ugaritic,Alphabetic,Royal Palace,20954062-e48d-4bed-856b-ae0d000db42a
RS 12.005,35.7827215,35.6019325,Akkadian,Logosyllabic,Royal Palace,5ce8e4bd-5aff-4900-b1a5-16525f5d26d9
RS 12.006,35.7827535,35.6019793,Ugaritic,Alphabetic,Royal Palace,19cfbe0b-ace0-46a1-8048-fd64005fb26f
RS 12.007,35.7827535,35.6019793,unknown,unknown,Royal Palace,cad11a7a-96eb-43cd-8433-9da358a1d885
RS 12.008,35.7827535,35.6019793,Ugaritic,Alphabetic,Royal Palace,29a36061-1c39-458f-805f-5de4a2c338e5
RS 12.017,35.7828914,35.6020102,Ugaritic,Alphabetic,Royal Palace,a92a6e92-d9a9-4fc4-9093-efcdd1224f25
RS 12.018,35.7827535,35.6019793,Ugaritic,Alphabetic,Royal Palace,ff2182d9-0ac7-49f4-8ebe-70399c0a8969
RS 12.019,35.7827215,35.6019325,Ugaritic,Alphabetic,Royal Palace,4c055072-9aa3-494f-932c-1186c354c0cd
RS 12.027,35.782717,35.6018784,Ugaritic,Alphabetic,Royal Palace,90ecd478-7b56-473c-a709-55498a2197b0
RS 12.033,35.782782,35.601962,Akkadian,Logosyllabic,Royal Palace,0687b60f-be90-4234-adc2-89f14074fb2c
RS 12.034+,35.7827675,35.6019663,Akkadian,Logosyllabic,Royal Palace,4aee9d0e-14a5-4b79-a0f3-f75340581350
RS 12.043,35.7827626,35.6019795,unknown,unknown,Royal Palace,469aee39-2fa2-42cb-8a44-54cd6287c152
RS 12.046+,35.7827305,35.6019026,Ugaritic,Alphabetic,Royal Palace,77f75746-c2d9-477e-8409-d1a2399862ba
RS 12.047,35.7827165,35.6018966,Akkadian,Logosyllabic,Royal Palace,c8e71b43-81a3-41f9-a117-c003ea1dcf36
RS 12.048,35.7826959,35.6018936,Ugaritic,Alphabetic,Royal Palace,bd3ddc02-f83a-447d-bb37-a9986aebb854
RS 12.060,35.7831579,35.6019706,Ugaritic,Alphabetic,Royal Palace,e0d684f2-7846-4859-8945-d36847103613
RS 12.061,35.7827466,35.6019186,Ugaritic,Alphabetic,Royal Palace,964a4e97-fbfc-43a6-b7af-805966f103ee
RS 12.062,35.7827466,35.6019186,unknown,unknown,Royal Palace,df1a9051-58cc-4e0e-9915-218dbebd6961
RS 12.063,35.78267,35.6018906,Ugaritic,Alphabetic,Royal Palace,ef6530b2-40ba-4f16-9290-fe6f110f77d5
RS 12.064,35.7828017,35.6019473,Ugaritic,Alphabetic,Royal Palace,c0cc20e1-0b63-4b40-8f18-611cc9404226
RS 12.075A,35.7827405,35.6019464,Ugaritic,Alphabetic,Royal Palace,537a870d-ee42-4e25-957d-8a852638895b
RS 13.001,35.7829861,35.601924,Ugaritic,Alphabetic,Royal Palace,d42a0ef8-e057-4f8f-a1ef-0277d3338a4d
RS 13.005,35.7828247,35.6019354,Ugaritic,Alphabetic,Royal Palace,ed9c2d8c-df15-4970-8480-669ef555eb61
RS 13.006,35.7827354,35.6018212,Ugaritic,Alphabetic,Royal Palace,97bb30e5-2b7c-4c4b-9542-79f83c6f433c
RS 13.007bis,35.7831396,35.6019581,Akkadian,Logosyllabic,Royal Palace,72109479-5af4-49b0-bf26-8dd10388c14c
RS 13.008,35.7830271,35.6019404,unknown,unknown,Royal Palace,23aafb11-f7dc-4c04-9596-d8c0c24e4e30
RS 13.009,35.7828087,35.6017729,Ugaritic,Alphabetic,Royal Palace,5805c193-dc98-4d94-9317-118f47f8de1e
RS 13.012,35.7827949,35.6019029,Ugaritic,Alphabetic,Royal Palace,24fdf4f5-0426-4715-86f2-5ba7331ff093
RS 13.013,35.7826164,35.6020438,Akkadian,Logosyllabic,Royal Palace,748abef1-d14f-4e03-a699-c84f7c2ab693
RS 13.013 [bis],35.7818307,35.601629,Ugaritic,Alphabetic,unknown,c0b004a1-b15f-402d-acf8-ad0db42ac77c
RS 13.014,35.7831955,35.60199,Ugaritic,Alphabetic,Royal Palace,9a104711-853f-44e9-8375-9abfbeb0977c
RS 13.014 [bis],35.7818307,35.601629,Ugaritic,Alphabetic,unknown,3f8c2705-f229-4e34-963e-0a13e33e37b6
RS 13.020,35.7831955,35.60199,Ugaritic,Alphabetic,Royal Palace,4ccd231d-819b-4b95-84d2-d08a8bb853a6
RS 14.001,35.7826979,35.601862,Ugaritic; Akkadian,Alphabetic; Logosyllabic,Royal Palace,0d181926-1d35-4b17-903d-560b0ad80b4c
RS 14.002,35.7875986,35.603227,Egyptian,Hieroglyphic,Northeast of Tell,ba49ec76-d974-4e98-8b26-428e5145fd3c
RS 14.015,35.7826319,35.6018401,Hurrian,Logosyllabic,Royal Palace,d1f301a5-f7a9-462c-834f-04ba8e4ef308
RS 14.016,35.7854138,35.6035671,Akkadian,Logosyllabic,Lower City West,d6c00e81-9a36-4ea1-9fdc-98751be6a447
RS 14.017,35.7854138,35.6035671,Akkadian,Logosyllabic,Lower City West,5ec0df6f-7dc3-4bd3-bc32-37e198a576fb
RS 14.018,35.7827426,35.6017759,Hurrian,Logosyllabic,Royal Palace,003e3abf-4f8c-4e63-b7d4-547fe031d505
RS 14.023,35.7826876,35.6018429,Ugaritic,Alphabetic,Royal Palace,386cabe1-87f3-4215-9b30-e908216e5b9b
RS 14.084,35.7827377,35.6018205,Ugaritic,Alphabetic,Royal Palace,ee7d2db2-9da6-4b0b-b048-50d0a5af941e
RS 14.129,35.7832063,35.6018291,Ugaritic,Alphabetic,Royal Palace,c1b948db-020b-455c-bab2-66d6ae660bed
RS 14.176,35.7831591,35.6018033,Ugaritic,Alphabetic,Royal Palace,7483a461-f56a-4ba2-bab2-6c6318bc19a0
RS 14.202,35.7828811,35.6017387,Akkadian; Hittite,Logosyllabic; Hieroglyphic,Royal Palace,1c7d7689-1bfb-49e4-b6c9-778f36172c3b
RS 14.242,35.7854138,35.6035671,Akkadian,Logosyllabic,Lower City West,03ba9d92-9733-4af3-b840-4f0e5293140b
RS 14.248,35.7854138,35.6035671,Egyptian,Hieroglyphic,Lower City West,a3c7b12d-afad-4fe9-81de-d351e0f17ec3
RS 15.001,35.7836405,35.6018243,Ugaritic,Alphabetic,Royal Palace,6f18e3a7-a396-46d9-85cb-92674c24cfc0
RS 15.002,35.7836405,35.6018243,Ugaritic,Alphabetic,Royal Palace,f37bf4b0-a017-48bc-af71-badd7faa5864
RS 15.003,35.7836405,35.6018243,Ugaritic,Alphabetic,Royal Palace,59b38569-26fd-4db4-aaff-b87ca0ec3393
RS 15.004,35.7836405,35.6018243,Ugaritic,Alphabetic,Royal Palace,da323f5b-f5b3-400a-944a-b1e063aea9c7
RS 15.005,35.7836405,35.6018243,Ugaritic,Alphabetic,Royal Palace,97eff0fd-59bf-4674-ab22-4670193aca20
RS 15.006,35.7836405,35.6018243,Ugaritic,Alphabetic,Royal Palace,97065eac-afc6-4756-bd5b-e379ab98bb82
RS 15.007,35.7836405,35.6018243,Ugaritic,Alphabetic,Royal Palace,26ed0c14-baef-4917-ac9b-d990e63cb697
RS 15.008,35.7836405,35.6018243,Ugaritic,Alphabetic,Royal Palace,1eada04a-d2d1-4f99-aca4-f805b3073452
RS 15.009,35.7836405,35.6018243,Akkadian,Logosyllabic,Royal Palace,af56423f-8863-4b64-9a02-151fa0449444
RS 15.010,35.7836405,35.6018243,Akkadian; Hurrian,Logosyllabic; Alphabetic,Royal Palace,7d8aa00a-ea5e-4e72-8dc6-30e65c776f2a
RS 15.011,35.7836405,35.6018243,Akkadian,Logosyllabic,Royal Palace,1bb00721-37ce-4897-ad2b-a63bca00e5f3
RS 15.012,35.7836405,35.6018243,Ugaritic,Alphabetic,Royal Palace,af17007e-b3a7-401b-be8e-14628e86f6e8
RS 15.013,35.7836405,35.6018243,Ugaritic,Alphabetic,Royal Palace,d063c218-2331-4d65-9498-525d37c6cbd9
RS 15.014,35.7836405,35.6018243,Akkadian,Logosyllabic,Royal Palace,54032ea7-fd49-4eae-b9e5-034b3ff551cc
RS 15.015+,35.7836405,35.6018243,Ugaritic,Alphabetic,Royal Palace,5b485455-7dbe-417a-978a-73315f6abfea
RS 15.016,35.7836405,35.6018243,Ugaritic,Alphabetic,Royal Palace,2e369f42-0d23-4ffc-816b-64c56baa2a75
RS 15.017,35.7836405,35.6018243,Ugaritic,Alphabetic,Royal Palace,1a74a8c5-588e-4524-a017-d823a84b3f35
RS 15.018,35.7836405,35.6018243,Akkadian,Logosyllabic,Royal Palace,c00cf67a-969e-48fb-bb66-63edebf20181
RS 15.019,35.7836405,35.6018243,Akkadian,Logosyllabic,Royal Palace,cdfd6140-51a7-4b55-b341-9dab8c91b295
RS 15.020,35.7836405,35.6018243,Akkadian,Logosyllabic,Royal Palace,74458a49-72d2-43a1-b1fb-8e91b11cc25a
RS 15.021,35.7836405,35.6018243,Ugaritic,Alphabetic,Royal Palace,64d312a1-9717-4230-9f9e-fb948b4707f9
RS 15.022+,35.7836405,35.6018243,Ugaritic,Alphabetic,Royal Palace,36e6705a-e84a-42bf-93ae-f50675954359
RS 15.023,35.7836405,35.6018243,Ugaritic,Alphabetic,Royal Palace,d8e3c89f-1c10-4a15-9220-95e11bb019d0
RS 15.024+,35.7836405,35.6018243,Akkadian,Logosyllabic,Royal Palace,5cc66120-6b1f-4768-bda9-a618048fb4cb
RS 15.025,35.7836405,35.6018243,unknown,unknown,Royal Palace,bf3c6780-321b-41a3-b473-5bdc381d61c8
RS 15.026,35.7836405,35.6018243,Ugaritic,Alphabetic,Royal Palace,14b0e310-aa60-4f60-aee1-a6109d450d9e
RS 15.027,35.7836405,35.6018243,unknown,unknown,Royal Palace,535aa2a3-ce2b-4377-871c-1c44087ff512
RS 15.030+,35.783634,35.6018254,Hurrian,Logosyllabic,Royal Palace,f9239a18-b72f-4f6a-aa67-a69250a144d6
RS 15.031,35.783634,35.6018254,Ugaritic,Alphabetic,Royal Palace,f39f70ef-f9f5-4b42-be43-42c7c91ebe44
RS 15.032,35.783634,35.6018254,Ugaritic,Alphabetic,Royal Palace,ce03e973-f01a-46b9-b687-d092c2f9c674
RS 15.033,35.783634,35.6018254,Akkadian,Logosyllabic,Royal Palace,475952e6-e904-4891-845f-2f32c79a82e7
RS 15.034,35.783634,35.6018254,Ugaritic,Alphabetic,Royal Palace,12faf2dc-368d-45b3-b51b-f924e3877fe3
RS 15.035,35.783634,35.6018254,Ugaritic,Alphabetic,Royal Palace,0e6ad354-60ee-4c93-8873-b6dd0b40f5f7
RS 15.036,35.783634,35.6018254,Ugaritic,Alphabetic,Royal Palace,2a6180cd-862f-4a0e-8ab5-8b54d415b658
RS 15.037,35.783634,35.6018254,Akkadian,Logosyllabic,Royal Palace,edd4c9c5-51f4-49c5-8498-1ab075fa1d29
RS 15.038,35.783634,35.6018254,Ugaritic,Alphabetic,Royal Palace,ddd7fb8e-5504-42b0-8dab-bd1b81db3f1f
RS 15.039,35.783634,35.6018254,Ugaritic,Alphabetic,Royal Palace,8bc5d21f-851e-4802-87ce-e4b8cb53bcef
RS 15.040,35.783634,35.6018254,Ugaritic,Alphabetic,Royal Palace,aba8ead8-ce33-42ff-beed-a5982c2137cd
RS 15.041,35.783634,35.6018254,Akkadian,Logosyllabic,Royal Palace,791775c7-42ff-4bd4-bdab-8c5fa1994204
RS 15.042+,35.783634,35.6018254,Akkadian,Logosyllabic,Royal Palace,8b15c092-f502-4312-8cdc-00b820c64a99
RS 15.043,35.783634,35.6018254,Akkadian,Logosyllabic,Royal Palace,8e1f82e2-eb5d-4798-b6a7-ef87dbd7561f
RS 15.044,35.783634,35.6018254,Ugaritic,Alphabetic,Royal Palace,4622fced-0402-4b12-8b26-eae536533f41
RS 15.045,35.783634,35.6018254,Ugaritic,Alphabetic,Royal Palace,6093f98f-dfe7-446c-94b6-a85818a06f93
RS 15.046,35.783634,35.6018254,Ugaritic,Alphabetic,Royal Palace,f2ab11a9-5ae6-4af6-8848-0ad8d479bc9e
RS 15.047,35.783634,35.6018254,Ugaritic,Alphabetic,Royal Palace,e9dea9cf-feff-46a9-a671-4570835debb7
RS 15.048,35.783634,35.6018254,unknown,unknown,Royal Palace,9a9e555b-57cf-4af4-8c15-f3b1f8bb1389
RS 15.049,35.783634,35.6018254,unknown,unknown,Royal Palace,24b22a86-f346-427d-ba19-6c5c0145879a
RS 15.050,35.783634,35.6018254,unknown,unknown,Royal Palace,cb00712b-5767-4601-9fbb-8694878c55ed
RS 15.051,35.783634,35.6018254,Ugaritic,Alphabetic,Royal Palace,dc9318d2-13c8-43ab-9489-577931fdc958
RS 15.052,35.783634,35.6018254,unknown,unknown,Royal Palace,94e49fe6-6e1e-4704-a70a-1a9a9042b23f
RS 15.053,35.783634,35.6018254,Ugaritic,Alphabetic,Royal Palace,56d37143-0ec1-428d-b261-257789f5a005
RS 15.054,35.783634,35.6018254,Akkadian,Logosyllabic,Royal Palace,1cca7ec8-983c-4318-96bb-ed9bcb97029b
RS 15.055,35.783634,35.6018254,Akkadian,Logosyllabic,Royal Palace,8f1b8ecf-c822-4be1-9754-16efe500a744
RS 15.056,35.783634,35.6018254,Ugaritic,Alphabetic,Royal Palace,0faf5be5-0f54-440e-921d-75f60738f567
RS 15.057,35.783634,35.6018254,unknown,unknown,Royal Palace,077c1fd3-d3e3-4530-b299-a902bae5aad0
RS 15.058,35.783634,35.6018254,unknown,unknown,Royal Palace,9ae953cf-7ee8-4296-b1c9-575358d99767
RS 15.059,35.783634,35.6018254,unknown,unknown,Royal Palace,f17972f4-99b5-4f5a-8d54-34e3c559ccea
RS 15.062,35.783634,35.6018254,Ugaritic,Alphabetic,Royal Palace,52c39399-a019-4650-9b2d-98e0a1b10392
RS 15.063,35.7836267,35.6018234,Akkadian,Logosyllabic,Royal Palace,418dd3d6-e0fd-4f6d-a9bf-2ca5031245d6
RS 15.064,35.7836267,35.6018234,Ugaritic,Alphabetic,Royal Palace,b86bea8f-d725-44a8-8d4f-d8b1f11a8d65
RS 15.065,35.7836267,35.6018234,Ugaritic,Alphabetic,Royal Palace,a7680362-3fc8-4b72-a3a9-30139dd646b3
RS 15.066,35.7836267,35.6018234,Ugaritic,Alphabetic,Royal Palace,42a05db1-2e9e-440f-81fe-bfdde6ddc659
RS 15.067+,35.7836267,35.6018234,Ugaritic,Alphabetic,Royal Palace,df9354e7-ff92-4323-8057-75a16cb64e97
RS 15.070,35.7831169,35.6016832,Akkadian,Logosyllabic,Royal Palace,17d3cbee-8577-414b-a44b-5b7d7460620e
RS 15.071,35.7835641,35.6017975,Ugaritic,Alphabetic,Royal Palace,b924e015-c9af-42a8-8dc3-2a7a98a02b4e
RS 15.072,35.7833328,35.6019109,Ugaritic,Alphabetic,Royal Palace,cee38841-0635-464f-81e9-2de54b334f08
RS 15.073,35.7836329,35.6018418,Ugaritic,Alphabetic,Royal Palace,a4eb3e72-3fe6-4967-a97b-72fa192f7a06
RS 15.074,35.7836223,35.6018412,Akkadian,Logosyllabic,Royal Palace,b6510234-89cf-4a4b-bd58-0e228b9de8a7
RS 15.075,35.7836446,35.6018447,Ugaritic,Alphabetic,Royal Palace,b691ccab-26f3-4d99-988f-8b97e1e1466a
RS 15.076,35.783679,35.6018128,Ugaritic; Akkadian,Alphabetic; Logosyllabic,Royal Palace,1d5e41a2-b5d6-4915-8c95-a0ca0638bfad
RS 15.077,35.783601,35.6018295,Akkadian,Logosyllabic,Royal Palace,c11ad0aa-0985-45f5-9b8e-3a238f39e594
RS 15.078,35.783316,35.6017802,Ugaritic,Alphabetic,Royal Palace,5a861fcd-9187-4cd1-889e-83e3ade61388
RS 15.079,35.7836288,35.6018259,Ugaritic,Alphabetic,Royal Palace,e536015c-6a97-4d54-8c15-00d3510838da
RS 15.080,35.7836233,35.60185,Ugaritic,Alphabetic,Royal Palace,d940f775-58fc-42a7-b93a-03788fec7269
RS 15.081,35.7836513,35.6018078,Akkadian,Logosyllabic,Royal Palace,772c544d-7ce0-4935-b4cc-ef148adf9d95
RS 15.082,35.7836513,35.6018078,Ugaritic,Alphabetic,Royal Palace,3a795316-dc66-4bdc-a007-1c9acbec2f36
RS 15.083,35.7836513,35.6018078,Ugaritic,Alphabetic,Royal Palace,98f53af8-e5d5-4bed-b593-8b4212045aa4
RS 15.084,35.7831727,35.6017347,Ugaritic,Alphabetic,Royal Palace,aabbfc8a-6df9-4bc5-8722-7a9a3b444740
RS 15.085,35.7831315,35.6016796,Akkadian,Logosyllabic,Royal Palace,84f9de21-177b-42a9-af6b-1212ca0d6823
RS 15.086,35.7829783,35.6016398,Akkadian,Logosyllabic,Royal Palace,aed85e72-0df8-4e07-be56-b493838190c4
RS 15.087,35.7836161,35.6018309,Ugaritic,Alphabetic,Royal Palace,c9798950-de7f-41e6-ad57-d23dde77a886
RS 15.088,35.7830517,35.6016733,Akkadian,Logosyllabic,Royal Palace,ce2d4216-e61e-4993-979d-89b1feb460eb
RS 15.089,35.7829783,35.6016398,Akkadian,Logosyllabic,Royal Palace,84449115-c652-4000-9859-450af9194721
RS 15.090,35.7830745,35.6016835,Akkadian,Logosyllabic,Royal Palace,373ad22d-cf7d-43c8-a48a-8d29ad810909
RS 15.091,35.7830476,35.6016442,Akkadian,Logosyllabic,Royal Palace,b10d613e-3a93-4a8c-a640-d4eea45e7171
RS 15.092,35.7830476,35.6016442,Akkadian,Logosyllabic,Royal Palace,00fe0c45-eaee-456f-adf2-5b4803864ce4
RS 15.093,35.7829282,35.6016596,Ugaritic,Alphabetic,Royal Palace,29dddcc0-db83-4ebc-88a5-d64c6fc58303
RS 15.094,35.7836707,35.6017903,Ugaritic,Alphabetic,Royal Palace,2f4495d1-7c96-43f3-aa16-c783b31acee9
RS 15.095,35.7836707,35.6017903,Ugaritic,Alphabetic,Royal Palace,4bf7d9eb-915a-4a34-b5f3-4ac229d0fbd5
RS 15.096,35.7832103,35.6017461,Ugaritic,Alphabetic,Royal Palace,2f94439e-24d2-4b06-a628-7fb85755642b
RS 15.097,35.7832103,35.6017461,Ugaritic,Alphabetic,Royal Palace,146c012d-739e-4a7e-af65-68a49984fbd9
RS 15.098,35.783624,35.6018384,Ugaritic,Alphabetic,Royal Palace,c70ac607-df7a-4cad-b50c-854da0a1c791
RS 15.099,35.7836303,35.6018207,Ugaritic,Alphabetic,Royal Palace,3da14cff-3d2d-45cd-8212-77de6e3f9edd
RS 15.100,35.7831905,35.6017143,Akkadian,Logosyllabic,Royal Palace,fb2dec2a-3571-46f9-b689-9037311bd97e
RS 15.101,35.783679,35.6018128,Ugaritic,Alphabetic,Royal Palace,95562a39-cfa4-45d0-a083-71c00fb33147
RS 15.102,35.783634,35.6018254,Ugaritic,Alphabetic,Royal Palace,b470981b-0efe-4941-b1bf-30c391bacc19
RS 15.103,35.783634,35.6018254,Ugaritic,Alphabetic,Royal Palace,59319886-7c92-46ea-adf2-baf278617971
RS 15.104,35.783634,35.6018254,unknown,unknown,Royal Palace,9ea3d10a-8325-41cb-bdaf-9814d32def89
RS 15.105,35.783634,35.6018254,Ugaritic,Alphabetic,Royal Palace,9630c38d-1353-42b8-b1fa-4ecda2326f30
RS 15.106,35.783601,35.6018295,Ugaritic,Alphabetic,Royal Palace,24bd47ca-7f51-44a0-ad4e-625a3208c8b6
RS 15.107,35.783601,35.6018295,Ugaritic,Alphabetic,Royal Palace,11ba9fea-5007-4d82-9f64-4cece5f303cc
RS 15.108,35.7836288,35.6018259,Akkadian,Logosyllabic,Royal Palace,63e0cada-1f4d-430b-9cf2-14b10948ed4c
RS 15.109+,35.7830914,35.6017012,Akkadian,Logosyllabic,Royal Palace,1f138d93-06de-4b1e-a598-9e34382b7efc
RS 15.110,35.7830914,35.6017012,unknown,unknown,Royal Palace,22e91581-daad-4e04-8d7b-b10a51e8b00c
RS 15.111,35.7829783,35.6016398,Ugaritic,Alphabetic,Royal Palace,5241a832-16ca-41cc-8ce7-e5e12c6064b9
RS 15.113,35.7836707,35.6017903,Akkadian,Logosyllabic,Royal Palace,97fa2b8d-a9c6-453b-b8e6-1296a25ff43b
RS 15.114,35.7836707,35.6017903,Akkadian,Logosyllabic,Royal Palace,f6ad41f1-6700-4079-965d-4eac9d27f56a
RS 15.115,35.783598,35.6018189,Ugaritic,Alphabetic,Royal Palace,e2cd6d48-865e-4ca7-9078-f5673e3211f2
RS 15.116,35.7835539,35.6018133,Ugaritic,Alphabetic,Royal Palace,051e9b3d-6f1b-46eb-9e01-c269841fdd94
RS 15.117,35.7836513,35.6018078,Ugaritic,Alphabetic,Royal Palace,e4e52d44-f537-4ef5-8639-e78784da464d
RS 15.118,35.7830013,35.6016375,Akkadian,Logosyllabic,Royal Palace,140f3929-bb8d-4ab6-b29a-fb954580e8c5
RS 15.119,35.7829783,35.6016398,Akkadian,Logosyllabic,Royal Palace,e43399e2-cce7-4df1-b113-9512c640d5a6
RS 15.120,35.7829783,35.6016398,Akkadian,Logosyllabic,Royal Palace,85de615c-aece-4bb2-8f66-fd527f0032b5
RS 15.121,35.7829783,35.6016398,unknown,unknown,Royal Palace,2059d518-0a7c-49f0-8da7-714dec6aec03
RS 15.122,35.7829783,35.6016398,Akkadian,Logosyllabic,Royal Palace,6c123eb8-693e-4af4-aec0-14e293a44efc
RS 15.123+,35.7829783,35.6016398,Akkadian,Logosyllabic,Royal Palace,86cc99d8-220c-4b74-b8ee-f84b288f4d4f
RS 15.124,35.7831613,35.6016923,Akkadian,Logosyllabic,Royal Palace,c273809e-42c7-48d2-a9d9-086072cb36f6
RS 15.125,35.7832056,35.6017092,Ugaritic,Alphabetic,Royal Palace,21b261e9-fe98-49d9-8506-cb6bee3e8338
RS 15.126,35.7831236,35.601707,Akkadian,Logosyllabic,Royal Palace,62567f7e-d735-4362-9ad0-a5448a105c2f
RS 15.127,35.7831385,35.6017012,Akkadian,Logosyllabic,Royal Palace,e400caf7-bee0-44d3-ae2c-f0fe6d7376a8
RS 15.128,35.7836945,35.601789,Ugaritic,Alphabetic,Royal Palace,a57bd7aa-2090-43c2-8fef-226e7bf38cf9
RS 15.129,35.7836732,35.6017689,Ugaritic,Alphabetic,Royal Palace,a9e877ee-e750-4999-877f-ea6a2319b2a3
RS 15.130,35.7836513,35.6018078,Ugaritic,Alphabetic,Royal Palace,53a73cce-7974-487e-9c68-496ed1b55bc1
RS 15.131,35.7837239,35.6017896,Akkadian,Logosyllabic,Royal Palace,8cf46f86-1db3-4f7a-b30a-aabffd85b8bd
RS 15.132,35.7831385,35.6017012,Akkadian,Logosyllabic,Royal Palace,113cd545-928c-4037-aa8a-ea238bbf2c4d
RS 15.134,35.7836575,35.6018847,Ugaritic,Alphabetic,Residential Quarter,563e0497-99b9-46c8-b860-0a9775288efa
RS 15.135,35.7835867,35.601791,Akkadian,Logosyllabic,Royal Palace,6b9cfaa6-8bc2-4b1c-8473-9ef7a71b8f08
RS 15.136,35.783029,35.6016417,Akkadian,Logosyllabic,Royal Palace,d30d1001-a077-41a5-b85b-35c8ea355dab
RS 15.137,35.7830745,35.6016835,Akkadian,Logosyllabic,Royal Palace,34c1e485-cc79-486f-a366-77f7ecb2ad79
RS 15.138+,35.7830918,35.6016506,Akkadian,Logosyllabic,Royal Palace,69f3c96a-492d-4fe1-bd93-eeedc56d8da3
RS 15.139,35.7830745,35.6016835,Akkadian,Logosyllabic,Royal Palace,d9e66d56-c363-4bc1-b7c9-167a6a529484
RS 15.140,35.7831566,35.6016837,Akkadian,Logosyllabic,Royal Palace,7d3436cd-8baf-49fe-a6d4-e19a84e9336f
RS 15.141,35.7831164,35.6016698,Akkadian,Logosyllabic,Royal Palace,6a67b2b3-1a78-48ca-9bac-554aa1440438
RS 15.143+,35.7831594,35.6016632,Akkadian,Logosyllabic,Royal Palace,4822a017-a3f9-4d99-a723-83c7aa01b7d6
RS 15.144 [G],35.7836513,35.6018078,Ugaritic,Alphabetic,Royal Palace,4e41a3a8-661e-4f1c-8548-0beb25d29e3e
RS 15.144C,35.7836513,35.6018078,Ugaritic,Alphabetic,Royal Palace,118bf32d-4e4f-4071-8e48-5b7ec4915020
RS 15.144E,35.7836513,35.6018078,Ugaritic,Alphabetic,Royal Palace,5942bc9f-f69f-434a-ab5a-224b23c24cb4
RS 15.144F,35.7836513,35.6018078,Ugaritic,Alphabetic,Royal Palace,beaf884c-6e23-4ce1-af90-cba276a36882
RS 15.144B,35.7836513,35.6018078,Ugaritic,Alphabetic,Royal Palace,d16d4f77-2b33-49b7-8889-45be015737ad
RS 15.144D,35.7836513,35.6018078,Ugaritic,Alphabetic,Royal Palace,eb1923dd-a7fb-4ad5-8788-05010d8f63a7
RS 15.144A,35.7836513,35.6018078,Ugaritic,Alphabetic,Royal Palace,9d52dff8-9b2e-4a96-84fc-10582a7b71fb
RS 15.145,35.7830367,35.6016434,Akkadian,Logosyllabic,Royal Palace,90606fd7-8ef6-42ca-84ef-ab57781f69a2
RS 15.146,35.7830367,35.6016434,Akkadian,Logosyllabic,Royal Palace,68c3931a-658f-4c67-9945-57bd1478c2b4
RS 15.147,35.7831642,35.6016953,Akkadian,Logosyllabic,Royal Palace,ea6e89f4-8aef-4a69-98b4-efddba83336b
RS 15.150,35.7831642,35.6016953,Akkadian,Logosyllabic,Royal Palace,5790d649-88ed-4c26-be31-4390144835ff
RS 15.152,35.7831335,35.601684,Akkadian; Sumerian,Logosyllabic,Royal Palace,4fe51967-28b1-4000-9f75-019fb61fff86
RS 15.153,35.7836513,35.6018078,Ugaritic,Alphabetic,Royal Palace,9371730b-44a1-40e9-9314-2797870ca0fa
RS 15.154,35.7836513,35.6018078,Akkadian,Logosyllabic,Royal Palace,9050d8c8-af26-4677-aaea-f7dc07bb4b45
RS 15.155,35.783108,35.6017047,Akkadian,Logosyllabic,Royal Palace,69523010-5e78-44d0-a603-fef4408b2d9e
RS 15.156,35.783108,35.6017047,Ugaritic,Alphabetic,Royal Palace,6a092ae5-f064-4a2d-8c55-6fbfddac5b9d
RS 15.158,35.782989,35.6016054,Ugaritic,Alphabetic,Royal Palace,7e911858-08b3-47d3-9ed6-a516f715655d
RS 15.159,35.7836233,35.60185,unknown,unknown,Royal Palace,d8a95e50-732e-4062-8db8-42563f2cd461
RS 15.161,35.7818956,35.6014227,unknown,unknown,Out of Context,3b4c2295-3dd4-4eb4-8a26-91164b956c55
RS 15.162,35.7829783,35.6016398,unknown,unknown,Royal Palace,cd6983fc-4612-430c-a4d0-b9a14d1673bf
RS 15.163+,35.7829783,35.6016398,Akkadian,Logosyllabic,Royal Palace,788a0be2-0347-4966-bbb7-c0e03b995e34
RS 15.164,35.7829783,35.6016398,unknown,unknown,Royal Palace,e70f637f-c1ca-400f-b130-0822bc7d45b0
RS 15.167,35.7831166,35.6016896,unknown,unknown,Royal Palace,48ee9d89-584e-42b3-bb3c-17eec62617b2
RS 15.168,35.7831283,35.6017062,Akkadian,Logosyllabic,Royal Palace,3459fae2-bae4-4d8c-a496-9dbecc982a69
RS 15.169+,35.7836711,35.6017978,Ugaritic,Alphabetic,Royal Palace,94713885-3847-4d27-bd46-cc942acd2705
RS 15.169 [A],35.7836711,35.6017978,unknown,unknown,Royal Palace,bffcb591-bf24-4b3f-90af-5224370bf9f9
RS 15.170,35.7835922,35.601831,Ugaritic,Alphabetic,Royal Palace,ec731208-46f7-4640-8162-93e9dd63c98a
RS 15.171A,35.7835922,35.601831,Ugaritic,Alphabetic,Royal Palace,6e170853-48b4-4122-b312-c15ebb5d2d5f
RS 15.172,35.7835922,35.601831,Akkadian,Logosyllabic,Royal Palace,c5a0554b-bf67-41dd-b64e-e0e3fa94e5f7
RS 15.173,35.7835922,35.601831,Akkadian,Logosyllabic,Royal Palace,920308bc-e1ff-4641-845c-1f581c9d2a60
RS 15.174,35.7835922,35.601831,Ugaritic,Alphabetic,Royal Palace,ac433084-1d14-4e93-b07d-85fd2883cfc8
RS 15.175C,35.7835922,35.601831,Ugaritic,Alphabetic,Royal Palace,3fd93731-a803-401e-ad10-c2629c9865bf
RS 15.175B,35.7835922,35.601831,Ugaritic,Alphabetic,Royal Palace,bfc2d305-b3d5-4a9a-9780-06ddc30d73f2
RS 15.175A,35.7835922,35.601831,Ugaritic,Alphabetic,Royal Palace,71ac9dd2-0d0c-46af-9668-dcbdc269cfab
RS 15.176,35.7835922,35.601831,Ugaritic,Alphabetic,Royal Palace,bd27a11c-a1e5-4a78-b0d5-8ee36fe3caf8
RS 15.176bis,35.7835922,35.601831,Ugaritic,Alphabetic,Royal Palace,5b35b87d-2e1e-4283-95f4-1fc4c4a3cf78
RS 15.177,35.7835922,35.601831,Ugaritic,Alphabetic,Royal Palace,7ce85b66-1693-451c-b00f-4d5ae36030ee
RS 15.178,35.7835922,35.601831,Akkadian,Logosyllabic,Royal Palace,9289bcef-5dc9-4b57-9bbc-47000d4bf232
RS 15.179,35.7835922,35.601831,Akkadian,Logosyllabic,Royal Palace,807529ad-18bc-48e3-9457-bb905112b9df
RS 15.180,35.7835922,35.601831,Akkadian,Logosyllabic,Royal Palace,d176679b-4ab6-41e8-a0c7-cde08037a870
RS 15.181,35.7835922,35.601831,Ugaritic,Alphabetic,Royal Palace,894fcb77-dc0c-4c52-889f-cd3e1cbdf892
RS 15.182,35.7835922,35.601831,Akkadian,Logosyllabic,Royal Palace,a28ecb1d-cd51-43dc-b312-e9888b74f9bc
RS 15.183,35.7835922,35.601831,Akkadian,Logosyllabic,Royal Palace,d0a598a8-e7ee-491d-ac00-3f96db2c4020
RS 15.184,35.7835922,35.601831,Ugaritic,Alphabetic,Royal Palace,04bfb003-9b8a-4203-958a-493303ae9200
RS 15.185,35.7835922,35.601831,Ugaritic,Alphabetic,Royal Palace,c53d9891-e2d4-44ea-a4f5-bf3291eebbd5
RS 15.186,35.7835922,35.601831,Ugaritic,Alphabetic,Royal Palace,aa3f3574-0644-488e-8782-effed15ad12d
RS 15.187 [C],35.7835922,35.601831,Ugaritic,Alphabetic,Royal Palace,8f4f31b8-dcbc-40ed-b64c-1f7c461f3cd4
RS 15.187 [E],35.7835922,35.601831,Ugaritic,Alphabetic,Royal Palace,fd0c2844-e603-4b2c-9664-7034f833af27
RS 15.187 [F],35.7835922,35.601831,Ugaritic,Alphabetic,Royal Palace,56c832f6-7eea-47e3-b158-96276e6d8d7c
RS 15.187 [B],35.7835922,35.601831,Ugaritic,Alphabetic,Royal Palace,3825e816-86a3-4d57-a138-f2226646f035
RS 15.187 [G],35.7835922,35.601831,Ugaritic,Alphabetic,Royal Palace,0521ac54-6dd4-4090-984f-262ba7a52d37
RS 15.187 [D],35.7835922,35.601831,Ugaritic,Alphabetic,Royal Palace,6fbaf7bd-0702-4966-a040-3dac4894fb1d
RS 15.187 [A],35.7835922,35.601831,Ugaritic,Alphabetic,Royal Palace,89c32bc3-ac05-495f-b1cd-b0c4bac907b8
RS 15.188,35.7835922,35.601831,Ugaritic,Alphabetic,Royal Palace,ebf449e9-880e-4293-b31d-c58adeac8d4e
RS 15.189,35.7835922,35.601831,Ugaritic,Alphabetic,Royal Palace,e6ebbd3d-77ca-4d4b-8b84-4ccdc5566f39
RS 15.190,35.7829783,35.6016398,Akkadian,Logosyllabic,Royal Palace,5fc84d0e-ad61-4135-add1-c35694c0edd1
RS 15.191 [C],35.7835922,35.601831,Akkadian,Logosyllabic,Royal Palace,f04a4963-2f0a-4c7b-b465-8ea4f48f051b
RS 15.191 [B],35.7835922,35.601831,Akkadian,Logosyllabic,Royal Palace,43ce0a34-ad70-4fa9-8c29-5d8111de136a
RS 15.191 [A],35.7835922,35.601831,Ugaritic,Alphabetic,Royal Palace,62f90e39-76c5-4247-bf49-866595921faf
RS 15.192 [C],35.7836233,35.60185,unknown,unknown,Royal Palace,78dbc3e3-51bc-4140-8f70-3505b94168fa
RS 15.192 [E],35.7835922,35.601831,Ugaritic,Alphabetic,Royal Palace,78b171b7-dcfa-4165-9cbd-19b95e348fe2
RS 15.192 [F],35.7835922,35.601831,Akkadian,Logosyllabic,Royal Palace,bc528f62-ad0a-4fb1-8d77-e344c2d22866
RS 15.192 [B],35.7836233,35.60185,unknown,unknown,Royal Palace,c965f288-6eb8-41e2-be1d-d10c3b547f75
RS 15.192 [G],35.7835922,35.601831,Akkadian,Logosyllabic,Royal Palace,691e49d4-d12f-4b47-a9da-a7a5725c5fea
RS 15.192 [D],35.7835922,35.601831,Ugaritic,Alphabetic,Royal Palace,8ab6527c-9ecd-4f72-9d43-b8067e88179e
RS 15.192 [H],35.7835922,35.601831,Akkadian,Logosyllabic,Royal Palace,6471357f-e9d7-4475-882c-8b011a530cdb
RS 15.192 [J],35.7835922,35.601831,Ugaritic,Alphabetic,Royal Palace,16f40681-577c-4681-bee5-aa9f175d8c4c
RS 15.192 [K],35.7835922,35.601831,Ugaritic,Alphabetic,Royal Palace,5fbb061e-41d1-496d-be4f-8c200ba2c5d8
RS 15.192 [L],35.7835922,35.601831,Ugaritic,Alphabetic,Royal Palace,6469ae09-78c5-4ee7-a508-7ee2d78688f1
RS 15.192 [M],35.7835922,35.601831,Ugaritic,Alphabetic,Royal Palace,eaa1df4e-0a51-4584-93c7-7945eaa1c13e
RS 15.192 [N],35.7835922,35.601831,Ugaritic,Alphabetic,Royal Palace,51e052e3-80d4-40d9-a48a-763b45a92a70
RS 15.192 [P],35.7835922,35.601831,unknown,unknown,Royal Palace,c412f7be-1be1-43ec-9141-6e90314d9b6f
RS 15.192 [A],35.7836233,35.60185,Ugaritic,Alphabetic,Royal Palace,f6196bca-ac6a-42c2-a73f-e03575355bc2
RS 15.192 [I],35.7835922,35.601831,unknown,unknown,Royal Palace,26904e5a-5718-4d14-85a2-2912ad7194c1
RS 15.192 [O],35.7835922,35.601831,Akkadian,Logosyllabic,Royal Palace,ce11ef3e-2267-4af5-a0b1-47928d862283
RS 15.201,35.7831166,35.6016896,Egyptian,Hieroglyphic,Royal Palace,207a84bb-e48c-44e7-9a2c-1c31165ae157
RS 15.202,35.783164,35.6017107,Egyptian,Hieroglyphic,Royal Palace,6a61256e-c35b-411f-a6fb-b01c77235968
RS 15.203,35.783164,35.6017107,Egyptian,Hieroglyphic,Royal Palace,3a0c1d6c-3a78-4f10-9250-53ee10ff157f
RS 15.204,35.7836275,35.6017718,Egyptian,Hieroglyphic,Royal Palace,30c735ea-f743-4afc-9cca-6e4ebb82f7c5
RS 15.212,35.7833241,35.601806,Egyptian,Hieroglyphic,Royal Palace,eccecb83-f51e-4688-be36-2d42c19aae2f
RS 15.219,35.7836233,35.60185,unknown,unknown,Royal Palace,2897065a-4b6c-4a4b-b7a1-569057a4003b
RS 15.226,35.7835922,35.601831,Ugaritic,Alphabetic,Royal Palace,f81d4f91-5e13-4324-8750-2c81d60effbf
RS 15.239,35.783164,35.6017107,Egyptian,Hieroglyphic,Royal Palace,b17c7f91-acc5-44e3-92b7-0de1f00cb8d5
RS 15.319,35.783724,35.601757,Ugaritic,Alphabetic,Royal Palace,53d9688a-0586-4376-af7a-02c04aaad578
RS 15.562,35.7818307,35.601629,Akkadian,Logosyllabic,unknown,4bdf9eb3-dd3a-4a3d-b07d-9dc5eba05eaa
RS 15.563 [C],35.7835922,35.601831,Ugaritic,Alphabetic,Royal Palace,c41fc48d-44ae-4bd0-b219-bd81d542f787
RS 15.563 [E],35.7835922,35.601831,Ugaritic,Alphabetic,Royal Palace,0b6a8c00-cd23-4f6a-81f8-eda4c113ceaf
RS 15.563 [F],35.7835922,35.601831,Ugaritic,Alphabetic,Royal Palace,2f77bd44-31ea-459a-83d6-1d843a77f576
RS 15.563 [B],35.7835922,35.601831,Ugaritic,Alphabetic,Royal Palace,464b9936-9109-4846-ae9b-c657c77af738
RS 15.563 [G],35.7835922,35.601831,Ugaritic,Alphabetic,Royal Palace,173112aa-2f41-4b1e-9b43-db3498851ee0
RS 15.563 [D],35.7835922,35.601831,Ugaritic,Alphabetic,Royal Palace,7cccd9e7-6694-45ed-a746-888ac9c33f52
RS 15.563 [A],35.7835922,35.601831,Ugaritic,Alphabetic,Royal Palace,24f5ff6a-6590-4501-b892-5f4d89670c1b
RS 15.564 [B],35.7835922,35.601831,unknown,unknown,Royal Palace,4e5ce64b-2a57-4a0e-86a3-683985640b0f
RS 15.564 [A],35.7835922,35.601831,Ugaritic,Alphabetic,Royal Palace,dd6f3154-57f0-4d61-995d-db140d84345f
RS 16.001,35.7833737,35.6015766,Ugaritic,Alphabetic,Royal Palace,e7002337-5ed9-465f-9c55-7b1635861386
RS 16.002,35.7828337,35.6016393,Ugaritic,Alphabetic,Royal Palace,ce636fcc-8c23-413a-bbfa-652398bdf5fd
RS 16.003,35.7832676,35.6016295,Akkadian,Logosyllabic,Royal Palace,309b3fa7-d30a-442e-bac1-ade9ae266de8
RS 16.004,35.7837135,35.6017522,Ugaritic,Alphabetic,Royal Palace,6f11a7ab-c57d-4f35-90a2-08d0197ec511
RS 16.005,35.7832924,35.6015107,Ugaritic,Alphabetic,Royal Palace,59cecb5e-41aa-487d-9ef6-3cba0d896e5d
RS 16.006+,35.7833588,35.6015666,Ugaritic,Alphabetic,Royal Palace,93dbf9ec-c16f-493e-bc1a-3ee10d74f473
RS 16.007 [C],35.7832867,35.6015082,Ugaritic,Alphabetic,Royal Palace,5b498630-9752-49b7-b760-c4be60e9eea3
RS 16.007 [E]+,35.7832867,35.6015082,Ugaritic,Alphabetic,Royal Palace,665c1926-4187-4a09-9a01-501c769f7098
RS 16.007 [F],35.7832867,35.6015082,Ugaritic,Alphabetic,Royal Palace,58c2e17a-a8c8-4f31-8cf2-c10e6cf3ac0a
RS 16.007 [B],35.7832867,35.6015082,Ugaritic,Alphabetic,Royal Palace,89cddb0d-2810-4c45-b996-35771d5957b5
RS 16.007 [G],35.7832867,35.6015082,Ugaritic,Alphabetic,Royal Palace,60b998ff-c9cb-49c1-bdc1-5d563087a781
RS 16.007 [D],35.7832867,35.6015082,Ugaritic,Alphabetic,Royal Palace,6414bd0a-dc9d-4e99-8f9e-9ac9aa37fa93
RS 16.007+,35.7832867,35.6015082,Ugaritic,Alphabetic,Royal Palace,94f85f6f-ebe6-4ac6-9a10-6ba80c0f13fe
RS 16.007 [A],35.7832867,35.6015082,Ugaritic,Alphabetic,Royal Palace,2f6c2e56-b366-4efb-9c7c-a2a4d887495c
RS 16.019,35.7818956,35.6014227,unknown,unknown,Out of Context,982e4e71-f87d-4db7-a9b3-13cca9c942e3
RS 16.060,35.7828325,35.6016452,Ugaritic,Alphabetic,Royal Palace,6b392b16-5e6f-4758-9329-936cf9c0c08b
RS 16.061,35.7828325,35.6016452,Akkadian,Logosyllabic,Royal Palace,a6b52c5c-f052-402a-a0ae-670366a28145
RS 16.075,35.7832867,35.6015082,unknown,unknown,Royal Palace,35509304-f8ce-44da-99e0-7a42c3d36f88
RS 16.078+,35.7833145,35.6015326,Ugaritic,Alphabetic,Royal Palace,e97750f9-e7e0-4dc6-a693-6eeb3d3e6643
RS 16.079,35.7833145,35.6015326,Ugaritic,Alphabetic,Royal Palace,04cf00e8-c762-405a-8543-80cb5b5cf0dd
RS 16.086,35.7830721,35.6016447,Akkadian,Logosyllabic,Royal Palace,f0c06aeb-283d-45dc-9fca-1cb86ff1ea97
RS 16.094,35.7833631,35.6016657,Egyptian,Hieroglyphic,Royal Palace,be40f40f-c823-4440-aeef-b9c5af6ef082
RS 16.107,35.7833631,35.6016657,Ugaritic,Alphabetic,Residential Quarter,7368d5a3-61d2-4eed-811f-09e62fbf61ae
RS 16.109,35.7832989,35.6015222,unknown,unknown,Royal Palace,36ee93e6-4e16-42e5-93fa-cb5182d6c621
RS 16.110,35.7831485,35.6016241,Akkadian,Logosyllabic,Royal Palace,f891b0d8-f624-43ea-b1ec-7e585d9ccbe3
RS 16.111,35.7832611,35.6016495,Akkadian,Logosyllabic,Royal Palace,55289a16-ca2d-43f8-9454-ed36c8d2be6c
RS 16.112,35.7832472,35.6016612,Akkadian,Logosyllabic,Royal Palace,922c0e3a-7ce2-43dd-98c5-0577e1d2ae2f
RS 16.113,35.7831713,35.6016486,unknown,unknown,Royal Palace,a7f46c7e-b926-4576-b0ff-2072e21f1a58
RS 16.114,35.7832614,35.6016484,Akkadian,Logosyllabic,Royal Palace,53c0609a-3e83-4b11-919b-9621ff65a7da
RS 16.115B,35.7832702,35.6016183,Ugaritic,Alphabetic,Royal Palace,697a2088-adb8-47ab-ab4b-9cba24c7b040
RS 16.115A,35.7832702,35.6016183,Ugaritic,Alphabetic,Royal Palace,3521bedb-dc42-40af-8966-beb9ec805f50
RS 16.116,35.7832554,35.6016591,Akkadian,Logosyllabic,Royal Palace,7bb9ffbc-b53f-475c-9580-ead787cc5b18
RS 16.117,35.7832972,35.6015199,unknown,unknown,Royal Palace,35b128c9-c2b5-4de0-b633-1b7b8682d2cc
RS 16.125,35.7832638,35.601648,Akkadian,Logosyllabic,Royal Palace,b1018481-e932-4dc7-b9a4-77db59d96ad8
RS 16.126B+,35.7832638,35.601648,Akkadian,Logosyllabic,Royal Palace,7a26e1be-2439-446b-a4ef-da3abe2e3dc1
RS 16.126A,35.7832638,35.601648,Akkadian,Logosyllabic,Royal Palace,921b1c8c-83d1-49b6-be70-bcc3ae5bb482
RS 16.127,35.7827676,35.6015803,Ugaritic,Alphabetic,Royal Palace,dfa17486-2bd0-4a71-9ad5-e0502ffd0c8c
RS 16.128,35.7827676,35.6015803,Ugaritic,Alphabetic,Royal Palace,462fd7bc-4601-4473-9490-50c72eeaee58
RS 16.129,35.7827676,35.6015803,Akkadian,Logosyllabic,Royal Palace,fb358447-c4c5-4bff-861f-593d8a6bef91
RS 16.130,35.7832258,35.601646,unknown,unknown,Royal Palace,4507cabd-a446-4e44-862e-3b571cc03bbe
RS 16.131,35.7831084,35.6016407,Akkadian,Logosyllabic,Royal Palace,a37b077d-22bb-4816-b185-142e2c696b2d
RS 16.132,35.783083,35.6016405,Akkadian,Logosyllabic,Royal Palace,fc981502-936f-45bc-85b2-f7481bd92b5a
RS 16.133,35.783083,35.6016405,Akkadian,Logosyllabic,Royal Palace,750c2334-a7c6-4b08-b626-7760e8588a09
RS 16.134,35.783083,35.6016405,Akkadian,Logosyllabic,Royal Palace,5714db18-c452-4f94-8011-8a8d08b87bab
RS 16.135,35.783083,35.6016405,Akkadian,Logosyllabic,Royal Palace,13205ab7-c622-43db-a600-be3573348e76
RS 16.136,35.7831084,35.6016407,Akkadian,Logosyllabic,Royal Palace,430f9cd0-9643-430b-9b7b-9a2916b16ce8
RS 16.137,35.7831132,35.601639,Akkadian,Logosyllabic,Royal Palace,7fce43a6-c2c5-414e-a272-9c03ea710b8a
RS 16.137 [bis] [B],35.7832633,35.6016077,unknown,unknown,Royal Palace,170adcf8-cc77-4c2a-ba59-8885d8c3497e
RS 16.137 [bis]+,35.7832633,35.6016077,Ugaritic,Alphabetic,Royal Palace,915999ad-9fc2-4451-afff-d14d9f76a3fc
RS 16.137 [bis] [A],35.7832633,35.6016077,unknown,unknown,Royal Palace,ca75377b-c323-4795-a2a8-8b463d53011e
RS 16.138,35.7831132,35.601639,Akkadian,Logosyllabic,Royal Palace,eb5044cc-6394-41b4-899f-05e19d99bd86
RS 16.139,35.7831132,35.601639,Akkadian,Logosyllabic,Royal Palace,6e9cbfd8-8915-4c9a-b006-0c135c3491fb
RS 16.140,35.7831132,35.601639,Akkadian,Logosyllabic,Royal Palace,a7004517-c449-40d6-90e5-d0e229af69b0
RS 16.141,35.7831132,35.601639,Akkadian,Logosyllabic,Royal Palace,52e353e4-bca3-40c4-b599-6ea383074cbc
RS 16.142,35.783103,35.601644,Akkadian,Logosyllabic,Royal Palace,75e08518-d87c-46da-ae61-553b59848666
RS 16.143,35.783103,35.601644,Akkadian,Logosyllabic,Royal Palace,665bc8b8-c09c-4e57-99e8-086c01a875c5
RS 16.144,35.783103,35.601644,Akkadian,Logosyllabic,Royal Palace,ce9fe76b-f4cc-4832-95ab-5b90b2e6c951
RS 16.145,35.783103,35.601644,Akkadian,Logosyllabic,Royal Palace,1907df28-c5a2-4e1e-8126-9c8a1ba79870
RS 16.146+,35.783103,35.601644,Akkadian,Logosyllabic,Royal Palace,14860c2a-5dd7-4699-b49f-be5e9d881149
RS 16.147,35.783103,35.601644,Akkadian,Logosyllabic,Royal Palace,d3eede29-db7c-41bc-86d0-b8feb771483c
RS 16.148+,35.783103,35.601644,Akkadian,Logosyllabic,Royal Palace,8394c08e-5adf-481b-a7ce-177e26ea3484
RS 16.149,35.783103,35.601644,Akkadian,Logosyllabic,Royal Palace,a4179789-c926-413a-b29a-2ff4206b9494
RS 16.150,35.783091,35.6016355,Akkadian,Logosyllabic,Royal Palace,ba9eb59b-6bb7-4f17-bf1d-09e6717483d4
RS 16.151,35.7832611,35.6016495,Akkadian,Logosyllabic,Royal Palace,71ec7bbb-abf6-4801-a0ef-651d6a1a89bb
RS 16.152,35.7831006,35.6016403,unknown,unknown,Royal Palace,e76c42c2-62ef-4c66-9766-5d90f3cbbc01
RS 16.153,35.7831006,35.6016403,Akkadian,Logosyllabic,Royal Palace,f6049a09-1758-4d6f-af4c-6612d377da13
RS 16.154,35.7830926,35.6016584,Akkadian,Logosyllabic,Royal Palace,425bfef4-9310-40be-85ae-cc5e53801ef2
RS 16.155,35.7832294,35.6016463,Akkadian,Logosyllabic,Royal Palace,39e05159-f267-49bd-9f00-d1772ea6f98f
RS 16.156,35.7831006,35.6016403,Akkadian,Logosyllabic,Royal Palace,d9ae3317-f2a6-432e-bc0a-6d280c5eaa93
RS 16.157,35.7831006,35.6016403,Akkadian,Logosyllabic,Royal Palace,3e45f8ee-b9cb-46fc-bffe-8a0853a95850
RS 16.158,35.7831006,35.6016403,Akkadian,Logosyllabic,Royal Palace,e4c9773c-efdd-4c23-8f78-95166d99cf06
RS 16.159,35.7831006,35.6016403,unknown,unknown,Royal Palace,d7bfe3e3-0319-4665-8e1c-eb5d97ff8770
RS 16.160,35.7831006,35.6016403,Akkadian,Logosyllabic,Royal Palace,8d588eaf-f74f-4c98-8f28-5132a00b9f9d
RS 16.161,35.783083,35.6016405,unknown,unknown,Royal Palace,4deb0801-e642-4319-aec7-c3abc7682fff
RS 16.162,35.7830931,35.6016505,Akkadian,Logosyllabic,Royal Palace,b14dfc43-793b-46ef-82ab-3f734ac4cc6c
RS 16.163,35.7830931,35.6016505,Akkadian,Logosyllabic,Royal Palace,9be73adc-2df1-44bd-adf5-b3daf66f86b8
RS 16.165,35.7828841,35.6015999,Ugaritic,Alphabetic,Royal Palace,00552d5a-6685-494d-a63d-3fcf64598ca3
RS 16.166,35.7830987,35.6016448,Akkadian,Logosyllabic,Royal Palace,b132bba9-07bb-4718-9dda-80bfc198785c
RS 16.167,35.783083,35.6016405,Akkadian,Logosyllabic,Royal Palace,6ba3f464-69d9-4c11-ab2d-6edabce5eb40
RS 16.170,35.782989,35.6016061,Akkadian,Logosyllabic,Royal Palace,830afb28-4a15-4739-b277-1f7e69c22f17
RS 16.171,35.783083,35.6016405,Akkadian,Logosyllabic,Royal Palace,dec50d6a-d209-4798-89ff-5608219f7e07
RS 16.172,35.783083,35.6016405,Akkadian,Logosyllabic,Royal Palace,7b05d4c4-6031-4eda-a3b3-3bfbf0763a3f
RS 16.173,35.7830487,35.6016331,Akkadian,Logosyllabic,Royal Palace,6bbdb09d-27f4-45a0-88c0-d07971ea8cab
RS 16.174,35.7830987,35.6016448,Akkadian,Logosyllabic,Royal Palace,0b75bbe7-1a1c-4afa-a11b-23d9e9715943
RS 16.175,35.783025,35.6016283,Akkadian,Logosyllabic,Royal Palace,7d309a02-bb07-4949-b367-754c02b3f22c
RS 16.176,35.7827676,35.6015803,Ugaritic,Alphabetic,Royal Palace,86c61535-2403-43f5-9fa9-d437712662f5
RS 16.177,35.7827676,35.6015803,Ugaritic,Alphabetic,Royal Palace,f7161877-7f28-4668-9b46-f826c32495c1
RS 16.178,35.7830895,35.6016452,Akkadian,Logosyllabic,Royal Palace,fb22b730-5566-44db-9275-363b5d6ba68c
RS 16.179,35.7827651,35.6015794,Ugaritic; Akkadian,Alphabetic; Logosyllabic,Royal Palace,c5ae9fb8-f8c1-4c03-add7-d117d1e56700
RS 16.180,35.7832258,35.601646,Ugaritic; Akkadian,Alphabetic; Logosyllabic,Royal Palace,008d2358-0806-49ef-b63c-e7841337b876
RS 16.181,35.7818956,35.6014227,unknown,unknown,Out of Context,604052dd-67ed-4c57-b3d6-6238ed2621f8
RS 16.182+,35.7831316,35.6016349,Akkadian,Logosyllabic,Royal Palace,84684f23-a3f4-4a3a-bba5-44521ae25ab9
RS 16.183,35.7831435,35.6016447,unknown,unknown,Royal Palace,ededeff9-1541-40e0-a58d-a65213db4ad2
RS 16.184,35.7831151,35.6016467,Akkadian,Logosyllabic,Royal Palace,405cffc3-92f1-403b-a7b5-15e1716109c1
RS 16.185,35.783083,35.6016405,Akkadian,Logosyllabic,Royal Palace,23efc266-f96e-431d-9278-dfbd26a0ed62
RS 16.186,35.7832727,35.6015086,Akkadian,Logosyllabic,Royal Palace,ee694920-0314-4825-b440-0f62231317b7
RS 16.187 [C],35.7832702,35.6016183,Akkadian,Logosyllabic,Royal Palace,de457b0b-2237-4a14-b18a-0bdfbc353767
RS 16.187 [B],35.7832702,35.6016183,Akkadian,Logosyllabic,Royal Palace,6957cecf-b7cc-462a-a0e9-b2f263ee2670
RS 16.187 [A],35.7832702,35.6016183,Akkadian,Logosyllabic,Royal Palace,d7d928e6-57ba-4da6-baf5-14efc091fc21
RS 16.188,35.7830938,35.6016335,Akkadian,Logosyllabic,Royal Palace,eeb0d9d1-9553-4662-afa3-1790263770e6
RS 16.189,35.7830968,35.6016365,Akkadian,Logosyllabic,Royal Palace,56688390-cfc8-4934-b25d-f6ca8dee9192
RS 16.190,35.7830968,35.6016365,Akkadian,Logosyllabic,Royal Palace,199eb83f-e650-4e4f-b83c-44754a2bcd56
RS 16.191+,35.783223,35.6016429,Ugaritic,Alphabetic,Royal Palace,063943c0-b1db-46fa-bec0-d5e0874450bc
RS 16.191B,35.783223,35.6016429,Akkadian,Logosyllabic,Royal Palace,104c199c-b413-4205-b1a7-9ce204f3da73
RS 16.191A,35.783223,35.6016429,Akkadian,Logosyllabic,Royal Palace,d46e4ace-36f5-446a-ba54-27b20ca2ab2f
RS 16.192,35.7832764,35.601509,unknown,unknown,Royal Palace,d4cd80f2-8aaf-457b-9d45-63ebcff6e8e7
RS 16.192A+,35.7832764,35.601509,Akkadian,Logosyllabic,Royal Palace,bce5524b-44b0-4287-a012-4ce964f67856
RS 16.193,35.783083,35.6016405,Ugaritic,Alphabetic,Royal Palace,5359843d-53c8-4c40-a59d-d994e4ec6f8b
RS 16.194,35.783083,35.6016405,Ugaritic,Alphabetic,Royal Palace,4984bd8c-bc84-4148-8495-909d2d5ac8cc
RS 16.195,35.783083,35.6016405,Ugaritic,Alphabetic,Royal Palace,2d194a06-21b7-46ea-8d31-f98d7cb215b3
RS 16.196,35.783083,35.6016405,Ugaritic,Alphabetic,Royal Palace,fa47146c-3121-4b17-a49f-9876544ee3e5
RS 16.197,35.7830832,35.6016574,Akkadian,Logosyllabic,Royal Palace,faff499e-c8a1-43d5-8314-e2b494f983f7
RS 16.198 [B],35.7830832,35.6016574,Akkadian,Logosyllabic,Royal Palace,3ee3ca53-dae8-4bfb-a2f4-0bda2e080e9c
RS 16.198 [A]+,35.7830832,35.6016574,Ugaritic,Alphabetic,Royal Palace,7cd3e366-57b7-4d7f-8443-0326d2d3053f
RS 16.199,35.7831006,35.6016403,unknown,unknown,Royal Palace,a5ba7d50-a900-4a90-9216-d100193d641c
RS 16.200,35.7830832,35.6016574,Akkadian,Logosyllabic,Royal Palace,7b62a74c-0f32-4619-99c5-44ad0c315aaf
RS 16.201,35.7831006,35.6016403,Akkadian,Logosyllabic,Royal Palace,2c0b6198-ee91-4de1-8815-5ef0e2b0f1ed
RS 16.202,35.7831006,35.6016403,Akkadian,Logosyllabic,Royal Palace,226927f7-0989-4d0c-af30-1ef1f83e7563
RS 16.203,35.7831006,35.6016403,Akkadian,Logosyllabic,Royal Palace,a9dd384e-dc09-4287-8f77-d1d80dc4e250
RS 16.204,35.7831006,35.6016403,Akkadian,Logosyllabic,Royal Palace,950749b0-873b-4fa3-99de-4e2e8d87b382
RS 16.205,35.7831006,35.6016403,unknown,unknown,Royal Palace,8828a9a7-3c04-48b3-91e2-badc7ce748be
RS 16.206,35.7831006,35.6016403,Akkadian,Logosyllabic,Royal Palace,f5165a0d-95af-48ba-98d4-52d2c7763eca
RS 16.207,35.7831006,35.6016403,Akkadian,Logosyllabic,Royal Palace,2cee6c35-5d59-4880-a7ab-c3868a4ec0df
RS 16.208,35.7831006,35.6016403,Akkadian,Logosyllabic,Royal Palace,d746e750-2f8e-44a2-902a-8956a6931167
RS 16.238+,35.7830832,35.6016574,Akkadian,Logosyllabic,Royal Palace,99976fa4-9e3d-4a46-a381-7a16ceacb3a5
RS 16.239,35.7830832,35.6016574,Akkadian,Logosyllabic,Royal Palace,fc8b9bbf-5446-4e87-9606-f9ecb098b5ac
RS 16.240,35.7830832,35.6016574,Akkadian,Logosyllabic,Royal Palace,0c70d9ee-c08d-4f08-9944-6b03175d23b5
RS 16.241+,35.7830832,35.6016574,Akkadian,Logosyllabic,Royal Palace,e4bba0b0-5fcd-484a-83a4-3d5658610d18
RS 16.242,35.7830832,35.6016574,Akkadian,Logosyllabic,Royal Palace,bdec8e5c-c629-4279-9ba2-6cb9cd36d71e
RS 16.243,35.7830832,35.6016574,Akkadian,Logosyllabic,Royal Palace,b3206a64-aee0-45c5-9344-e4c0eeb55cdb
RS 16.244,35.7830832,35.6016574,Akkadian,Logosyllabic,Royal Palace,2c2f610f-b438-4980-b552-bd0cd8c29c17
RS 16.245,35.7830832,35.6016574,Akkadian,Logosyllabic,Royal Palace,764ccbdd-42b3-4abd-889d-1e77a34f3133
RS 16.246,35.7830832,35.6016574,Akkadian,Logosyllabic,Royal Palace,d0739556-75ed-4e5a-b18a-44cb100cf5f7
RS 16.247,35.7830832,35.6016574,Akkadian,Logosyllabic,Royal Palace,b715e3a8-cc07-423e-92f3-5436f4657102
RS 16.248,35.7830832,35.6016574,Akkadian,Logosyllabic,Royal Palace,18efc148-ff00-4987-9391-e77a63e0b6ba
RS 16.249,35.7830832,35.6016574,Akkadian,Logosyllabic,Royal Palace,92366ad3-479f-4f6c-9cba-d77963ef38d2
RS 16.250,35.7830832,35.6016574,Akkadian,Logosyllabic,Royal Palace,ec0a5f76-edba-438d-9972-25e771a2bdbe
RS 16.251,35.7830832,35.6016574,Akkadian,Logosyllabic,Royal Palace,fc0b449f-38ac-4927-bcd5-0030fe15d025
RS 16.252,35.7830832,35.6016574,Akkadian,Logosyllabic,Royal Palace,1166a0fb-b8b5-4c11-aa25-4870b1123a4e
RS 16.253,35.7830832,35.6016574,Akkadian,Logosyllabic,Royal Palace,7542bc93-70ce-43bd-9f99-935bf7dd962e
RS 16.254,35.7830832,35.6016574,unknown,unknown,Royal Palace,6d018416-d3d4-4703-9289-c5e0bd6bde71
RS 16.254C,35.7830832,35.6016574,Akkadian,Logosyllabic,Royal Palace,2dc4ba91-b610-46c7-af01-d7d72c5ff0e6
RS 16.254E,35.7830832,35.6016574,Akkadian,Logosyllabic,Royal Palace,9ea297fe-5514-42e2-9b71-542d0609a67f
RS 16.254F,35.7830832,35.6016574,Akkadian,Logosyllabic,Royal Palace,ada817ad-c854-4e20-ab6f-48eb8797c099
RS 16.254B,35.7830832,35.6016574,unknown,unknown,Royal Palace,4765384e-8f1a-4d59-b2c7-a62cef17b375
RS 16.254D,35.7830832,35.6016574,Akkadian,Logosyllabic,Royal Palace,26020bf6-809e-4ca1-baaa-a0723f7535d2
RS 16.254A,35.7830832,35.6016574,Akkadian,Logosyllabic,Royal Palace,7083ffc6-7a87-4e3a-acfa-26f3bc4b23d3
RS 16.255 [H],35.7818956,35.6014227,unknown,unknown,Out of Context,ef52a157-f7f4-44bf-88cb-04200549a05a
RS 16.255 [J],35.7830832,35.6016574,Akkadian,Logosyllabic,Royal Palace,132fd223-8b44-4833-b641-ac7c82d0eb7d
RS 16.255 [K],35.7830832,35.6016574,Akkadian,Logosyllabic,Royal Palace,6928e6aa-bece-4cc2-b1d5-34f37ff53363
RS 16.255 [L],35.7830832,35.6016574,Akkadian,Logosyllabic,Royal Palace,7ab57553-eea0-4d24-89a8-e8052735ab74
RS 16.255 [M],35.7830832,35.6016574,Akkadian,Logosyllabic,Royal Palace,9e0e4687-0912-4f1d-a4ab-d4d351a8361f
RS 16.255 [N],35.7830832,35.6016574,Akkadian,Logosyllabic,Royal Palace,fb4f1649-6469-47b7-90e7-909c2e7abd42
RS 16.255 [P],35.7830832,35.6016574,Akkadian,Logosyllabic,Royal Palace,eb8ea00f-6e56-4bc4-9e40-401fcf4dc935
RS 16.255 [Q],35.7830832,35.6016574,Akkadian,Logosyllabic,Royal Palace,8ba3ae80-4df8-418d-b681-30454cbfd39f
RS 16.255 [R],35.7830832,35.6016574,Akkadian,Logosyllabic,Royal Palace,135d10df-c764-4e6f-bbd6-7ffa34e15718
RS 16.255C,35.7830832,35.6016574,Akkadian,Logosyllabic,Royal Palace,3975ae3b-10b6-439f-a23c-e2ef6f2c333b
RS 16.255E,35.7830832,35.6016574,Akkadian,Logosyllabic,Royal Palace,f57359e3-b4f9-40aa-aed4-3821b7acb27d
RS 16.255F,35.7830832,35.6016574,Akkadian,Logosyllabic,Royal Palace,7a2c4aa9-8794-47f7-b440-68698fcbc358
RS 16.255B,35.7830832,35.6016574,Akkadian,Logosyllabic,Royal Palace,f29eb1c3-a5d9-4916-9d6d-bec5b799fffd
RS 16.255G,35.7830832,35.6016574,Akkadian,Logosyllabic,Royal Palace,e987f60c-0cfe-4788-87f1-2bb1fe98ad78
RS 16.255D,35.7830832,35.6016574,Akkadian,Logosyllabic,Royal Palace,7d8d2dfa-6cd7-45e9-92c4-d759dbde7703
RS 16.255 [I],35.7830832,35.6016574,Akkadian,Logosyllabic,Royal Palace,829ec6f0-876e-46d4-a984-85f5efd93cee
RS 16.255 [O],35.7830832,35.6016574,Akkadian,Logosyllabic,Royal Palace,9fc56caa-88e7-4e49-874a-be09240690db
RS 16.255A+,35.7830832,35.6016574,Akkadian,Logosyllabic,Royal Palace,f0ea89dc-ab80-4a61-89e3-baa4f1658363
RS 16.256,35.7830605,35.601638,Akkadian,Logosyllabic,Royal Palace,dfb30683-71eb-4ec3-8b85-342eeaa2df7e
RS 16.257,35.7832611,35.6016495,unknown,unknown,Royal Palace,5eb17b93-e319-467e-9ca1-56a054361859
RS 16.258,35.7832502,35.6016351,unknown,unknown,Royal Palace,b8fe7488-89e2-430e-8256-35ac8353b455
RS 16.259,35.7831084,35.6016407,Akkadian,Logosyllabic,Royal Palace,82cfce5a-c528-47c4-b983-d16e2ef3ad08
RS 16.260,35.7831132,35.601639,Akkadian,Logosyllabic,Royal Palace,bf1e80c9-d3df-41c4-9aab-a00a4c6b0693
RS 16.261,35.7830715,35.6016312,unknown,unknown,Royal Palace,28d4c489-eb53-4382-af20-b5745db277f2
RS 16.262,35.7830715,35.6016312,Akkadian,Logosyllabic,Royal Palace,21ba68d1-16ad-4e25-bfd2-2ffdf22a9258
RS 16.263,35.7830715,35.6016312,Akkadian,Logosyllabic,Royal Palace,be353dcd-e9ed-43cd-ac7c-3b777b08da57
RS 16.264,35.7827686,35.6015817,Ugaritic,Alphabetic,Royal Palace,dab14a0e-d207-4819-a92f-ae15a0448a86
RS 16.265,35.7827686,35.6015817,Ugaritic,Alphabetic,Royal Palace,92776ad5-7611-449f-9a8e-ac1e34699c70
RS 16.266,35.7827686,35.6015817,Ugaritic,Alphabetic,Royal Palace,4e2ebc81-0ea8-4e59-81ab-f5c74452a65f
RS 16.267,35.7830715,35.6016312,Akkadian,Logosyllabic,Royal Palace,06761546-7658-4506-89ec-59dec25c686a
RS 16.268,35.7832298,35.601603,Ugaritic,Alphabetic,Royal Palace,fb6119b6-6657-49c1-b2a0-6e181c956bfb
RS 16.269,35.7830715,35.6016312,Akkadian,Logosyllabic,Royal Palace,afa4f842-af81-4c53-ba41-e03167e4f8ae
RS 16.270,35.7830832,35.6016574,Ugaritic; Akkadian,Alphabetic; Logosyllabic,Royal Palace,f516657c-6292-4b23-9931-f7d72b32e750
RS 16.271,35.7832267,35.601629,Ugaritic,Alphabetic,Royal Palace,579cda06-46bd-40ab-9ab1-1314d91795a4
RS 16.272,35.7832267,35.601629,unknown,unknown,Royal Palace,c4f582be-b958-4267-86ec-809b8b894659
RS 16.273,35.7830323,35.6016469,Akkadian,Logosyllabic,Royal Palace,23c04eb0-ffc7-42fb-9474-a71f871d01b3
RS 16.274,35.783234,35.6016589,Akkadian,Logosyllabic,Royal Palace,765fb24d-3a33-451c-8d78-5238bb11bfc7
RS 16.275,35.7830715,35.6016312,Akkadian,Logosyllabic,Royal Palace,287aefc2-76c0-4b1b-842d-11c42d55f0a6
RS 16.276,35.7830715,35.6016312,Akkadian,Logosyllabic,Royal Palace,c355feba-529a-4161-8efa-1df9fa1942a5
RS 16.277,35.7830414,35.6016373,Akkadian,Logosyllabic,Royal Palace,4e2171dc-3360-4c7c-8da0-c73beb39d1cf
RS 16.278,35.7830446,35.6016394,Akkadian,Logosyllabic,Royal Palace,fc775d16-09a0-41e7-9800-a423c084348d
RS 16.279,35.7831265,35.6016406,Akkadian,Logosyllabic,Royal Palace,828988cf-cdf0-43ff-88b1-a4c41a206bc8
RS 16.280,35.783083,35.6016405,unknown,unknown,Royal Palace,48f7bfc9-1fc3-432b-8108-e99c2f6462f1
RS 16.280C,35.783083,35.6016405,Ugaritic,Alphabetic,Royal Palace,0af3a142-f05b-4aef-ac1b-07bc8f1ba853
RS 16.280E,35.783083,35.6016405,Ugaritic,Alphabetic,Royal Palace,c77bd21b-6e10-42dd-8af8-8a7e4c5796d0
RS 16.280B,35.783083,35.6016405,Ugaritic,Alphabetic,Royal Palace,b8805eb3-84ff-4027-b764-42fa8044df0a
RS 16.280D,35.783083,35.6016405,Akkadian,Logosyllabic,Royal Palace,df153a19-a3f8-43ed-a011-5613725a07b8
RS 16.280A,35.783083,35.6016405,Ugaritic,Alphabetic,Royal Palace,9347ad3f-543e-47bd-83ff-2c054268f4f9
RS 16.281,35.783083,35.6016405,Akkadian,Logosyllabic,Royal Palace,08ba1770-b4d6-4eb1-b138-eb82231daf54
RS 16.282,35.7830715,35.6016312,Akkadian,Logosyllabic,Royal Palace,35897f5f-986b-47b7-8fe9-2df9e97fc1f8
RS 16.283,35.7830715,35.6016312,Akkadian,Logosyllabic,Royal Palace,3f93918f-3a16-47e6-b0d5-8959bdd1612c
RS 16.284,35.7830414,35.6016373,Akkadian,Logosyllabic,Royal Palace,61db2f5a-723e-42b7-9b2b-6eecd4d8b8cb
RS 16.285,35.7830715,35.6016312,Akkadian,Logosyllabic,Royal Palace,fd4c430c-e5fa-4dff-b634-ad825946c0c3
RS 16.286,35.7831006,35.6016403,Akkadian,Logosyllabic,Royal Palace,c592c0f3-d9b4-43bf-8590-b5d2790a1da9
RS 16.287,35.7832265,35.6015184,Akkadian,Logosyllabic,Royal Palace,c3f3f6b3-e51c-4ed0-8ce0-d89c29e87783
RS 16.288,35.7829452,35.6016158,Ugaritic,Alphabetic,Royal Palace,bb24cab7-e9dd-4eb1-8df1-46c6879aa92f
RS 16.289C,35.7832348,35.6016335,Ugaritic,Alphabetic,Royal Palace,03fb2186-19ab-48bc-b2f4-54221f4b852b
RS 16.289B,35.7832348,35.6016335,Ugaritic,Alphabetic,Royal Palace,b2caaf0d-f609-4e35-b87a-64f841265f2d
RS 16.289A,35.7832348,35.6016335,Ugaritic,Alphabetic,Royal Palace,8d009bee-be77-420c-b25e-b2aef57bd574
RS 16.290,35.7832457,35.6016523,Akkadian,Logosyllabic,Royal Palace,53bed562-0313-4d6a-9e67-1ab632bd2b44
RS 16.291,35.7832457,35.6016523,Akkadian,Logosyllabic,Royal Palace,2bca2e10-5852-4142-8d05-e6772aefe10d
RS 16.292B,35.783234,35.6016589,Akkadian,Logosyllabic,Royal Palace,c54d0935-7ebd-4a96-a507-0e7428bfb6f9
RS 16.292A,35.783234,35.6016589,Akkadian,Logosyllabic,Royal Palace,3d31f6cf-a332-4723-b682-97f291421b17
RS 16.293,35.7827617,35.6015931,Ugaritic,Alphabetic,Royal Palace,18306e2b-0039-4a2e-86d9-8e3e17c2284c
RS 16.294,35.7827676,35.6015803,Akkadian,Logosyllabic,Royal Palace,e401c632-d798-492e-bb50-fe096acb6178
RS 16.295,35.7831682,35.6016392,Akkadian,Logosyllabic,Royal Palace,bba58519-6654-4c17-a9fd-f61561669a1b
RS 16.296,35.7830948,35.6016357,unknown,unknown,Royal Palace,9d8f4e05-aa99-4405-b9b1-95adff3dbb65
RS 16.311,35.783025,35.6016283,Akkadian,Logosyllabic,Royal Palace,71959684-e241-4264-9751-ce01412ead36
RS 16.313,35.7830673,35.601622,Akkadian,Logosyllabic,Royal Palace,fe67789e-46cd-490d-b1fe-60e8a145d062
RS 16.318,35.7818956,35.6014227,unknown,unknown,Out of Context,53079db9-bf2f-48c3-9fb4-43a0fff2744e
RS 16.339,35.7830715,35.6016312,unknown,unknown,Royal Palace,a218f3f5-fd0d-4102-ba5c-224acd773d54
RS 16.340,35.7831747,35.6016499,Egyptian,Hieroglyphic,Royal Palace,7ae0fada-0b2f-4f21-b615-7325b55aefe8
RS 16.341,35.7827686,35.6015817,Ugaritic,Alphabetic,Royal Palace,b8dab3d3-641c-4016-9052-eb604ac6ac90
RS 16.343,35.7831006,35.6016403,Akkadian,Logosyllabic,Royal Palace,38bcc70c-a01c-448a-b8af-5b69bc8717d2
RS 16.344,35.7830832,35.6016574,Akkadian,Logosyllabic,Royal Palace,f6f85148-20cc-4c2f-a0ea-7aeb8e67a7a4
RS 16.345,35.7832472,35.6016612,unknown,unknown,Royal Palace,d7b15be6-aeed-429b-831f-7a53a4f4a0e7
RS 16.346,35.7832472,35.6016612,Akkadian,Logosyllabic,Royal Palace,53169033-8a84-47f9-b6b3-7ed2987eaddf
RS 16.347,35.7827644,35.6016094,unknown,unknown,Royal Palace,49284d2b-bf20-4baf-aa6d-e869cec8f680
RS 16.348,35.7830397,35.6016272,Akkadian,Logosyllabic,Royal Palace,757607c3-8ce0-46ff-8baf-ac7119c3a7b3
RS 16.349,35.7832435,35.6016428,Akkadian,Logosyllabic,Royal Palace,34027787-5ec3-4fd7-a530-595981f18b80
RS 16.350 [B],35.7832301,35.6016378,Akkadian,Logosyllabic,Royal Palace,64475fb0-a529-4019-a693-c99b806e9f3d
RS 16.350 [A],35.7832301,35.6016378,Ugaritic,Alphabetic,Royal Palace,e7ab0368-a577-4a49-9137-44c5353a666e
RS 16.352C,35.7832728,35.6016314,Ugaritic,Alphabetic,Royal Palace,e7938537-4d29-4356-ae27-cd0af6b2ac62
RS 16.352B,35.7832728,35.6016314,Ugaritic,Alphabetic,Royal Palace,2a7c1cc8-5139-4ed7-9c97-337414ade44e
RS 16.352A,35.7832705,35.60163,Ugaritic,Alphabetic,Royal Palace,06141cd1-cdbd-4a31-bb8a-447b0ab0c519
RS 16.353,35.7830624,35.6016636,Akkadian,Logosyllabic,Royal Palace,19122ba0-4b7c-4568-ad93-044210127975
RS 16.354,35.7832294,35.6016463,Akkadian,Logosyllabic,Royal Palace,38799bfc-c2dc-4d69-9aa4-e3ab9f8ce1da
RS 16.355,35.7827686,35.6015817,Ugaritic; Akkadian,Alphabetic; Logosyllabic,Royal Palace,6b724fa3-4dc8-4817-ab22-979f3c761314
RS 16.356,35.7830715,35.6016312,Akkadian,Logosyllabic,Royal Palace,52f3fc93-512e-4dae-893e-2d212886c068
RS 16.357,35.7830673,35.601622,Akkadian,Logosyllabic,Royal Palace,a989f3a1-ada4-4f9b-9bc3-d3788b71cf0f
RS 16.359C,35.7832435,35.6016499,Akkadian,Logosyllabic,Royal Palace,64d7c25e-ec5d-428f-a697-50ba43d589c6
RS 16.359B,35.7832435,35.6016499,Akkadian,Logosyllabic,Royal Palace,563f686a-7801-45a3-9c4c-f70f40906922
RS 16.359D,35.7832435,35.6016499,unknown,unknown,Royal Palace,d3bc6352-7dfd-426c-9892-98833b6c8c02
RS 16.359A+,35.7832435,35.6016499,Akkadian,Logosyllabic,Royal Palace,3d196f53-022d-41ab-a6e3-c96ecb764655
RS 16.363,35.7830832,35.6016574,Akkadian,Logosyllabic,Royal Palace,14697a4a-32b9-4dbd-8960-70a57ae60ec6
RS 16.364,35.7832354,35.6015547,Akkadian,Logosyllabic,Royal Palace,360fd1df-b20b-4ab3-a548-918e3e72f62a
RS 16.365,35.7827676,35.6015803,Ugaritic,Alphabetic,Royal Palace,a8832bd7-3c37-40e5-b7b9-ec7a51cd7311
RS 16.366,35.7827676,35.6015803,Ugaritic,Alphabetic,Royal Palace,297227f4-9cf0-4342-aafc-01aab2c04be2
RS 16.367 [C],35.7823659,35.6016876,Akkadian,Logosyllabic,Royal Palace,408092bf-debf-42a4-88be-fd1b421263e8
RS 16.367B,35.7823659,35.6016876,Akkadian,Logosyllabic,Royal Palace,44dfb035-f0db-41f5-a6bc-c355bfec6850
RS 16.367A,35.7823659,35.6016876,Akkadian,Logosyllabic,Royal Palace,f520367e-0157-425c-9939-18a248b7fb04
RS 16.368,35.7830968,35.6016365,Akkadian,Logosyllabic,Royal Palace,68c736e1-5b08-4555-b2c8-91520bfbcafb
RS 16.369,35.7829351,35.6016177,Ugaritic,Alphabetic,Royal Palace,8e206aca-09b5-49cd-b7cb-272dce14b3df
RS 16.369 [C],35.7829351,35.6016177,Ugaritic,Alphabetic,Royal Palace,f031f439-228d-4809-8302-875dbbe4a4a2
RS 16.369 [E],35.7829351,35.6016177,Ugaritic,Alphabetic,Royal Palace,42440327-2f9f-4b49-8f54-95629541f342
RS 16.369 [F],35.7829351,35.6016177,Ugaritic,Alphabetic,Royal Palace,c38b608b-004f-41da-98d6-4becd6286ce4
RS 16.369 [B],35.7829351,35.6016177,Ugaritic,Alphabetic,Royal Palace,51b5b6ac-9d7e-42e0-b47c-cb451126ddbf
RS 16.369 [G],35.7829351,35.6016177,Ugaritic,Alphabetic,Royal Palace,6a764767-6d4e-4e65-b026-f8cfcdb4f69b
RS 16.369 [D],35.7829351,35.6016177,Ugaritic,Alphabetic,Royal Palace,734953d5-f796-4c3d-9f44-e3b48876a10f
RS 16.369 [H],35.7829351,35.6016177,Ugaritic,Alphabetic,Royal Palace,10dfa5de-011b-4de0-b81c-efd53d7f3dbc
RS 16.369 [A],35.7829351,35.6016177,Ugaritic,Alphabetic,Royal Palace,41186b86-c1e0-47d8-bc0f-a5dea067d593
RS 16.370,35.7823659,35.6016876,Ugaritic,Alphabetic,Royal Palace,8c71b6c4-db41-4575-ae52-93d0447af22c
RS 16.371,35.783081,35.6016327,Akkadian,Logosyllabic,Royal Palace,9c8c78b3-cfc8-4854-9a85-5f4ca0ed775e
RS 16.372,35.7830715,35.6016312,Ugaritic,Alphabetic,Royal Palace,2a51037f-346f-452a-a079-3393d614d17c
RS 16.373 [C],35.7832372,35.6015707,Ugaritic,Alphabetic,Royal Palace,b0b620c1-5db0-48b9-81c3-4803b5adc55f
RS 16.373 [B],35.7832372,35.6015707,Ugaritic,Alphabetic,Royal Palace,4c69a58f-9cf9-4ac4-a906-76c8061f3876
RS 16.373 [A],35.7832372,35.6015707,Ugaritic,Alphabetic,Royal Palace,31194746-3b84-429a-8904-560c71ba075e
RS 16.374,35.7827686,35.6015817,Ugaritic,Alphabetic,Royal Palace,9b0d4ae2-2d75-4f77-a622-e6ef35949bbc
RS 16.375 [F],35.7832726,35.6015205,Ugaritic,Alphabetic,Royal Palace,7c1c9c5f-7fad-415a-9786-3da3add749f1
RS 16.375C,35.7832726,35.6015205,Ugaritic,Alphabetic,Royal Palace,040d6f80-85b6-4712-b551-762ad8042567
RS 16.375E,35.7832726,35.6015205,Ugaritic,Alphabetic,Royal Palace,41e1bf1d-3404-4a9a-8b13-d997e1bd2060
RS 16.375B,35.7832726,35.6015205,Ugaritic,Alphabetic,Royal Palace,a4499a17-1457-4e5f-8d1b-2cbea41b5cb2
RS 16.375D,35.7832726,35.6015205,Ugaritic,Alphabetic,Royal Palace,dac92b40-c5d2-4836-8a4c-a09125110559
RS 16.375A,35.7832726,35.6015205,Ugaritic,Alphabetic,Royal Palace,3bd598ed-d00e-4803-aac0-d9b38f444fb6
RS 16.376,35.7831686,35.6016463,Ugaritic,Alphabetic,Royal Palace,30b7e3d5-660f-4e9d-b7d3-1824355e083b
RS 16.377,35.7832472,35.6016612,Ugaritic,Alphabetic,Royal Palace,9dd3e561-7501-4041-9c24-c0846f33ce1e
RS 16.378 [E],35.7830926,35.6016291,Ugaritic,Alphabetic,Royal Palace,72d0b627-6d54-4e90-805a-825723645559
RS 16.378 [F],35.7830926,35.6016291,Ugaritic,Alphabetic,Royal Palace,fc4e0f4f-f7dd-44c4-a951-20fae13241d0
RS 16.378 [G],35.7830926,35.6016291,Ugaritic,Alphabetic,Royal Palace,3ea0ec9a-7273-442c-bada-c5aa3c28b5a9
RS 16.378 [D],35.7830926,35.6016291,Ugaritic,Alphabetic,Royal Palace,bf7829a9-aa05-4a97-a956-25b76d96e83b
RS 16.378 [H],35.7830926,35.6016291,Ugaritic,Alphabetic,Royal Palace,6b209484-54ba-4786-b716-d4517bcd374e
RS 16.378C,35.7830926,35.6016291,Ugaritic,Alphabetic,Royal Palace,0d654909-de1f-4444-9371-53c85957a2bb
RS 16.378B,35.7830926,35.6016291,Ugaritic,Alphabetic,Royal Palace,df25f8f0-7114-4e43-838f-2970434ae72e
RS 16.378A,35.7830926,35.6016291,Ugaritic,Alphabetic,Royal Palace,7846bc1e-4547-4de1-ad3e-e6edb075cfc3
RS 16.379,35.7832633,35.6016077,Ugaritic,Alphabetic,Royal Palace,4fd0a7e3-0127-4965-b9ae-e78f8102c86a
RS 16.380C,35.7832633,35.6016077,Ugaritic,Alphabetic,Royal Palace,a67d6a5c-35d0-4a25-9276-278ec1a7b6a7
RS 16.380B,35.7832633,35.6016077,Ugaritic,Alphabetic,Royal Palace,cb271663-ef0d-4311-a667-5fbfd1b46feb
RS 16.380A,35.7832633,35.6016077,Ugaritic,Alphabetic,Royal Palace,15a1422b-27ed-4c2b-934b-c49675708dee
RS 16.381 [C],35.7832661,35.6016274,unknown,unknown,Royal Palace,228f79c7-dddf-4dbe-bef8-7f639fa9709a
RS 16.381B,35.7832661,35.6016274,Ugaritic,Alphabetic,Royal Palace,a5dff04c-8c1f-47e8-a049-49a6bea42e1e
RS 16.381A,35.7832661,35.6016274,Ugaritic,Alphabetic,Royal Palace,391cc4e7-2c3a-4143-b388-365ccbab73e2
RS 16.382,35.7830673,35.601622,Ugaritic,Alphabetic,Royal Palace,eab5f9bf-6ae4-45ac-b7c7-afb48d78ffe5
RS 16.383,35.7834628,35.6019364,Akkadian,Logosyllabic,Royal Palace,a449c018-c37b-4f28-96cd-5a470ac94187
RS 16.384,35.7830832,35.6016574,Akkadian,Logosyllabic,Royal Palace,411a5814-d646-4217-ad48-da0dff1e6b94
RS 16.385,35.7830832,35.6016574,Akkadian,Logosyllabic,Royal Palace,31e24204-9f1c-42b7-9bef-ff9c9e38cf5c
RS 16.386,35.7830728,35.6016207,Akkadian,Logosyllabic,Royal Palace,20ff6c80-c82d-45b9-89bd-47f9ffc5c021
RS 16.387,35.7830931,35.6016505,Akkadian,Logosyllabic,Royal Palace,1c98246b-fb6d-432f-ad92-bbe24475950a
RS 16.393B,35.7830286,35.601633,unknown,unknown,Royal Palace,bc4f7e2c-0544-49e4-8106-bc23a45d0ee4
RS 16.393A,35.7831006,35.6016403,unknown,unknown,Royal Palace,f86d6596-975c-4335-aeda-3d44d251ec91
RS 16.394,35.7832603,35.6016217,Ugaritic,Alphabetic,Royal Palace,f1a0bd12-962a-45df-ae54-4bd76cbed184
RS 16.395,35.7832633,35.6016077,Ugaritic,Alphabetic,Royal Palace,98845c1c-a39d-4808-8713-cb1a413a2d04
RS 16.396,35.7827676,35.6015803,Ugaritic,Alphabetic,Royal Palace,8657155d-46ff-472a-8f96-389b98c3bd9b
RS 16.397,35.7827676,35.6015803,Ugaritic,Alphabetic,Royal Palace,b3bc7695-acba-4aad-ae06-2582517c7bf0
RS 16.398,35.7827676,35.6015803,Ugaritic,Alphabetic,Royal Palace,4525b089-c314-47c3-b4b0-cde73c836829
RS 16.399,35.7832633,35.6016077,Ugaritic,Alphabetic,Royal Palace,8957c8f0-4510-4956-af52-433a65a9b795
RS 16.400,35.7832633,35.6016077,unknown,unknown,Royal Palace,a3812260-e7a5-4044-8c98-c2b276f55167
RS 16.401,35.7832633,35.6016077,Ugaritic,Alphabetic,Royal Palace,6547c590-36c5-4e6f-a9fb-3b4f8b34b736
RS 16.402 [B],35.7832603,35.6016217,unknown,unknown,Royal Palace,eb107ab6-2f7e-4140-a375-c35b0dba2d47
RS 16.402+,35.7832603,35.6016217,Ugaritic,Alphabetic,Royal Palace,e1ee7da2-30e7-47cc-9d6d-16112acb4c63
RS 16.402 [A],35.7832603,35.6016217,unknown,unknown,Royal Palace,ea9585fa-d216-4fa0-93b8-6570ee3826fc
RS 16.413,35.7823659,35.6016876,Akkadian,Logosyllabic,Royal Palace,2447ccf0-f2ac-43a5-b6f7-e538f5839b18
RS 16.414,35.7823659,35.6016876,Akkadian,Logosyllabic,Royal Palace,272964d4-9da8-4755-83bd-2eea2184ad63
RS 16.415,35.7823659,35.6016876,Akkadian,Logosyllabic,Royal Palace,047e6477-2de4-4be5-aa71-f75d17b80507
RS 16.416,35.7823659,35.6016876,Ugaritic,Alphabetic,Royal Palace,5411d01a-416a-4206-8fba-63e1e1e6db56
RS 16.416 [bis],35.7823659,35.6016876,Akkadian,Logosyllabic,Royal Palace,b4030503-2697-4ba8-8e28-b0e0b0399b64
RS 16.417,35.7827676,35.6015803,Ugaritic,Alphabetic,Royal Palace,1cbc6541-d6ea-41a2-af34-5000dae3ff89
RS 17.001,35.7831986,35.6016246,Akkadian,Logosyllabic,Royal Palace,aa70820a-479c-4e72-8f54-a3b568d0a9da
RS 17.002,35.7823678,35.6016861,Egyptian,Hieroglyphic,Royal Palace,3a6dff46-f9a1-4101-95ed-c766f48dcda7
RS 17.003,35.7830673,35.601622,Akkadian,Logosyllabic,Royal Palace,a1c0e893-47ab-40ab-a6a6-b04d0717cfdc
RS 17.004,35.7831436,35.6016138,Akkadian,Logosyllabic,Royal Palace,685dc05d-7954-4ecc-b3f3-b287ee577a3c
RS 17.007+,35.7831781,35.6016129,Ugaritic,Alphabetic,Royal Palace,7eb14b5c-861a-4b7e-bc7a-cf52387bfc26
RS 17.008,35.7831905,35.6015408,Ugaritic,Alphabetic,Royal Palace,231becc1-ec79-44a3-a2e0-520efbce8a2b
RS 17.009,35.7832046,35.6015716,unknown,unknown,Royal Palace,1beb0cc9-1589-490d-b7be-30adc6749491
RS 17.010,35.7842995,35.6019527,Akkadian,Logosyllabic,Residential Quarter,165119e3-1fe4-49ff-9ffc-7a0b35d72b89
RS 17.016,35.7833446,35.60161,Ugaritic,Alphabetic,Royal Palace,6645f387-4b19-4eb0-83a4-a44b3e5d0ca9
RS 17.017,35.7831766,35.6016174,unknown,unknown,Royal Palace,12b18c2f-02b5-4402-ae9a-b1041a9eef5d
RS 17.018,35.7831966,35.6014758,Akkadian,Logosyllabic,Royal Palace,47d3dc45-378e-4786-a3db-e8ab5efe6c73
RS 17.019,35.7843395,35.6018301,Akkadian,Logosyllabic,Residential Quarter,17fb0363-6a03-4d6f-aea0-7bd4a32cdef0
RS 17.020,35.7843395,35.6018301,Akkadian,Logosyllabic,Residential Quarter,6ec227d6-7bd9-4b2f-a1ee-ddc687e9b012
RS 17.021,35.7843395,35.6018301,Akkadian,Logosyllabic,Residential Quarter,ab7705db-39f0-46d2-aa00-cadb121a2e08
RS 17.022+,35.7843395,35.6018301,Akkadian,Logosyllabic,Residential Quarter,ef428dfd-d60c-466b-9db9-92ce596d1752
RS 17.023,35.783184,35.6015369,Ugaritic,Alphabetic,Royal Palace,7de61539-ffa4-43a0-b50b-7cd7f4a7a076
RS 17.028,35.7831517,35.6014084,Akkadian,Logosyllabic,Royal Palace,10c1b9f0-6861-48d0-8c52-1cc724323084
RS 17.029,35.7843395,35.6018301,Ugaritic,Alphabetic,Residential Quarter,60f25b77-84c6-4d00-aab8-36239c4063c4
RS 17.030,35.7843395,35.6018301,Akkadian,Logosyllabic,Residential Quarter,8af802c7-102c-4fc9-b26a-6a7b94fd4811
RS 17.031+,35.7831863,35.6015414,Ugaritic,Alphabetic,Royal Palace,21ff6dc1-3fef-45a1-b79b-efa04f4ba75e
RS 17.033,35.7843395,35.6018301,Akkadian,Logosyllabic,Residential Quarter,a2497185-66b1-442e-9c9b-c5e9620b5fa7
RS 17.034+,35.7843395,35.6018301,Akkadian,Logosyllabic,Residential Quarter,edf0e2a5-2369-4d70-9b65-bba8c0857677
RS 17.035,35.7831436,35.6013999,Akkadian,Logosyllabic,Royal Palace,05fff37f-9298-48d4-ae72-71444eddcbfb
RS 17.036,35.7843395,35.6018301,Akkadian,Logosyllabic,Residential Quarter,7dbef1ad-7b93-4c59-9e5a-cd07ddf8ed73
RS 17.037,35.7831887,35.6015988,Akkadian,Logosyllabic,Royal Palace,66e963ce-4218-4850-84c3-5e3e833acb6a
RS 17.038,35.7843395,35.6018301,Akkadian,Logosyllabic,Residential Quarter,618a8bc0-e2e1-4059-b25d-53c9fa9126a0
RS 17.039+,35.7831263,35.6016066,Akkadian,Logosyllabic,Royal Palace,de2fe6c4-6f7e-4dbf-820f-d579f32a8844
RS 17.040,35.7842995,35.6019527,Akkadian,Logosyllabic,Residential Quarter,a737b7fe-7a47-4bea-a029-b30fd66bdb86
RS 17.041,35.7843395,35.6018301,Akkadian,Logosyllabic,Residential Quarter,3427b046-f15a-41fd-a927-8bc06030a70a
RS 17.042,35.7831483,35.6014015,Akkadian,Logosyllabic,Royal Palace,cda04974-fc43-4293-9614-345e2a53d511
RS 17.049,35.7837615,35.6017965,Ugaritic,Alphabetic,Royal Palace,c52febb3-7696-454c-816d-749f8a7c6411
RS 17.050,35.7837615,35.6017965,Akkadian,Logosyllabic,Royal Palace,a1820f0a-68fd-474d-b077-865d1c5774dc
RS 17.051,35.7837615,35.6017965,Akkadian,Logosyllabic,Royal Palace,489c60f9-0d7a-4e62-b24b-ccfdb6c24291
RS 17.052,35.7837615,35.6017965,Ugaritic,Alphabetic,Royal Palace,557b16a5-8ba6-41f7-9762-620babbd6fa0
RS 17.053,35.7831277,35.6015629,Akkadian,Logosyllabic,Royal Palace,d6bf85b2-e09e-4123-bdb6-0d50de7ac2e1
RS 17.058,35.7831603,35.6014415,Egyptian,Hieroglyphic,Royal Palace,a5891aee-3873-4e5b-9112-be2874c1cc3e
RS 17.059,35.7832202,35.6014493,Akkadian,Logosyllabic,Royal Palace,744f79bd-98bd-4b98-b54e-198f88759677
RS 17.061,35.7843395,35.6018301,Akkadian,Logosyllabic,Residential Quarter,871f47c7-65ea-4fdd-88dc-71ec2dfb3ddb
RS 17.062+,35.7831722,35.601406,Akkadian,Logosyllabic,Royal Palace,a3d873ff-69c7-4cd5-a097-8b4b8beb256a
RS 17.063,35.7843395,35.6018301,Ugaritic,Alphabetic,Residential Quarter,cac8fcab-e826-44db-8fa4-32dba17e9ca5
RS 17.064,35.7835345,35.6015515,Akkadian,Logosyllabic,Royal Palace,227537e3-6fac-4ad6-aa31-d5a6d6c7133b
RS 17.065,35.7843395,35.6018301,Akkadian,Logosyllabic,Residential Quarter,576cf095-12f5-4bdc-98e1-9ee2b3832bf1
RS 17.066,35.7831592,35.6014053,Akkadian,Logosyllabic,Royal Palace,50c0e819-7ead-4cd2-b1bc-41bd05934df2
RS 17.067,35.7843395,35.6018301,Akkadian,Logosyllabic,Residential Quarter,3708f71b-cccc-4c8d-bbe2-ebdf65f8f4fc
RS 17.068,35.783156,35.6014025,Akkadian,Logosyllabic,Royal Palace,b700f72a-7ce1-4014-902e-6366cf5dafa1
RS 17.069+,35.7831688,35.6014241,Akkadian,Logosyllabic,Royal Palace,44c8d7ea-7a46-4c2e-a240-e03ed1fb6e16
RS 17.070,35.7818956,35.6014227,unknown,unknown,Out of Context,7670ddf0-b23f-469b-84ed-ebb921671d7d
RS 17.071,35.7831582,35.6015804,Ugaritic,Alphabetic,Royal Palace,191f5a68-f68e-4c33-9605-6e8b239d1227
RS 17.072,35.783156,35.6014025,Ugaritic,Alphabetic,Royal Palace,325dacb9-b64a-4905-8395-08752578c9cf
RS 17.073,35.783156,35.6014025,Ugaritic,Alphabetic,Royal Palace,a0fadb4c-f077-4d5e-b292-366e7e5ebdc0
RS 17.074,35.7829301,35.601614,Ugaritic,Alphabetic,Royal Palace,89ed6689-6bc8-41ab-b1ed-cb8942865a70
RS 17.076,35.7818956,35.6014227,unknown,unknown,Out of Context,2d905c83-fad7-4454-a9a3-215d534b49b9
RS 17.077,35.7831921,35.6014166,Akkadian,Logosyllabic,Royal Palace,2f3037d6-0973-44ad-ac89-ed5f662a372e
RS 17.078,35.7837615,35.6017965,Akkadian,Logosyllabic,Royal Palace,bf61d4ae-49d8-4d14-bb80-1efc6c551be5
RS 17.079+,35.7831538,35.6014087,Akkadian,Logosyllabic,Royal Palace,dd49c151-2629-4ffb-8ac6-4b6d7bfe1aae
RS 17.080,35.7842995,35.6019527,Akkadian,Logosyllabic,Residential Quarter,12fbd9c3-5a4b-478b-a02a-e546258456d6
RS 17.081,35.7842995,35.6019527,Akkadian,Logosyllabic,Residential Quarter,cdf51077-1007-4f68-adf5-336e88d09769
RS 17.082,35.7843395,35.6018301,Akkadian,Logosyllabic,Residential Quarter,6669b36e-2142-4ce4-b176-d693270f61de
RS 17.083,35.7837632,35.6017973,Akkadian,Logosyllabic,Royal Palace,ca8e4de1-2429-48b9-bafb-b4b1322e1239
RS 17.084,35.7831655,35.6013617,Akkadian,Logosyllabic,Royal Palace,1077c720-72a9-468e-a914-213b2085a0d7
RS 17.085,35.7842995,35.6019527,Akkadian,Logosyllabic,Residential Quarter,0a4dd110-7007-46cd-8021-5ee093233799
RS 17.086+,35.7831532,35.6015786,Akkadian,Logosyllabic,Royal Palace,b06fdeaa-9818-40d3-829e-e7c7d60e8a1e
RS 17.087,35.7842995,35.6019527,unknown,unknown,Residential Quarter,344446f1-ac22-465c-b993-597d82ddfa41
RS 17.088,35.7835914,35.6014342,Akkadian,Logosyllabic,Royal Palace,b3d89d57-26b1-4956-bcf9-650a03125477
RS 17.090,35.7842745,35.6020863,Egyptian,Hieroglyphic,Residential Quarter,e5152805-3965-4c12-b63e-9775c0913031
RS 17.097,35.783624,35.6014447,Akkadian,Logosyllabic,Royal Palace,22944241-e64c-46f5-92db-c4794b68848b
RS 17.098,35.7842995,35.6019527,Akkadian,Logosyllabic,Residential Quarter,9acc2ad6-ca89-4656-807f-ae60cefee4d7
RS 17.099,35.783624,35.6014447,Akkadian,Logosyllabic,Royal Palace,83268f91-bac5-4b2b-9a98-7d1ae851f37b
RS 17.100 [C],35.7836278,35.6014383,Ugaritic,Alphabetic,Royal Palace,a4c5bf4b-d887-4898-b02a-56a85283a079
RS 17.100 [B],35.7836278,35.6014383,unknown,unknown,Royal Palace,a15e270b-c0c6-4450-bdb1-9611cd389dab
RS 17.100 [A]+,35.7836278,35.6014383,Ugaritic,Alphabetic,Royal Palace,68163261-bf3b-41b5-a0ed-0867d194b5b0
RS 17.102,35.7831533,35.6015652,Akkadian,Logosyllabic,Royal Palace,420e74de-240b-4055-8fc0-d0eb40817457
RS 17.103,35.7837615,35.6017965,Ugaritic,Alphabetic,Royal Palace,79d6f937-397d-4b68-8820-8f82ee2f9e52
RS 17.104,35.7831552,35.6015669,Ugaritic,Alphabetic,Royal Palace,60a9e08d-25c5-4afc-a0e3-c8fcbda23ce8
RS 17.104 [A],35.7831552,35.6015669,Ugaritic,Alphabetic,Royal Palace,482f7367-5345-4cc1-856b-ccb5f682ce10
RS 17.106,35.7837622,35.6017963,Ugaritic,Alphabetic,Royal Palace,2a8d09bf-0f2c-4140-8e51-012d223f424a
RS 17.107,35.7842995,35.6019527,Akkadian,Logosyllabic,Residential Quarter,0829d035-f2c3-44d2-9710-49e7035b68fd
RS 17.108,35.7831744,35.6014199,Akkadian,Logosyllabic,Royal Palace,37b25ed7-de4f-40e2-b03a-e95901819ef7
RS 17.109,35.7832137,35.6013766,Hittite,Logosyllabic,Royal Palace,1cad6423-a1c4-44bc-922b-0f2aebe621cc
RS 17.110,35.783148,35.6013773,Akkadian,Logosyllabic,Royal Palace,bf69b5f6-30ab-4871-91ce-3859cfac1c63
RS 17.111,35.7831733,35.6015517,Ugaritic,Alphabetic,Royal Palace,101c7769-7ee4-4df4-8dc1-31389a93a55e
RS 17.112,35.7831687,35.6013617,Akkadian,Logosyllabic,Royal Palace,303c3a99-5e95-4cbf-baeb-79a4429f0c69
RS 17.113,35.7818956,35.6014227,unknown,unknown,Out of Context,4920c9bf-982f-46a8-9859-14a54bc125aa
RS 17.114,35.7842995,35.6019527,Akkadian,Logosyllabic,Residential Quarter,11fe3578-217d-45db-a043-95323322b461
RS 17.115,35.7831733,35.6015517,Ugaritic,Alphabetic,Royal Palace,b50e7d3f-4f52-427b-b222-268ff07eb17c
RS 17.116,35.7831726,35.6014855,Akkadian,Logosyllabic,Royal Palace,78cd3290-6351-4339-9ad4-fd5747ac48e6
RS 17.117,35.7843395,35.6018301,Ugaritic,Alphabetic,Residential Quarter,1b25d3b7-813d-4ed4-a988-66e017412a88
RS 17.118,35.7831614,35.6015807,Ugaritic,Alphabetic,Royal Palace,e8497d0e-6d85-4d77-8dad-fa9143a80110
RS 17.120,35.7843395,35.6018301,Ugaritic,Alphabetic,Residential Quarter,45cb881e-e313-4d04-b7e7-da8b87b27d21
RS 17.121,35.7830953,35.6015491,Akkadian,Logosyllabic,Royal Palace,c2dc4cf0-17e6-4492-abd4-75e1c70a270b
RS 17.122,35.7831733,35.6015517,Ugaritic,Alphabetic,Royal Palace,bb180091-68b9-48c2-816c-34ae401fbb77
RS 17.123,35.7831437,35.6013794,Akkadian,Logosyllabic,Royal Palace,5d8494c0-0774-45f8-b02d-420f9842a10c
RS 17.124,35.7831733,35.6015517,Ugaritic,Alphabetic,Royal Palace,54f7010b-70f0-4904-90b4-ffead8ba8818
RS 17.125,35.7837615,35.6017965,Ugaritic,Alphabetic,Royal Palace,f7cf42a3-79e3-4181-a4e0-82e1420c7fed
RS 17.126,35.7831037,35.6014732,Akkadian,Logosyllabic,Royal Palace,996c3d41-ef2a-40d0-98d3-95c394ec47c6
RS 17.127,35.7831246,35.6015626,Akkadian,Logosyllabic,Royal Palace,cc0423af-7c74-4b35-a381-8bde1c09a7d1
RS 17.128,35.7831648,35.6013915,Akkadian,Logosyllabic,Royal Palace,c90d0a2c-e23c-48f9-ba94-b5ca308683c9
RS 17.129,35.7831719,35.6013841,Akkadian,Logosyllabic,Royal Palace,5376e0b6-5a2f-4c56-8e63-151576f3558e
RS 17.130,35.7832136,35.601392,Akkadian,Logosyllabic,Royal Palace,5643163f-088f-4f99-a84c-48832a4d9679
RS 17.131,35.7837632,35.6017973,Akkadian,Logosyllabic,Royal Palace,08abf5a6-67b9-4e27-9c65-f2f73bbe0157
RS 17.132,35.7832136,35.6013966,Akkadian,Logosyllabic,Royal Palace,fbb8ab15-5c71-4f5c-b212-5a72ed30ec8c
RS 17.133,35.7831677,35.6013918,Akkadian,Logosyllabic,Royal Palace,8a352fa9-209c-417e-928a-a6da5f6482ba
RS 17.134,35.7836192,35.6014309,Akkadian,Logosyllabic,Royal Palace,8dab5760-24f8-4a2d-94b4-8af6b1266678
RS 17.135+,35.7831603,35.6013959,Akkadian,Logosyllabic,Royal Palace,13371be7-69b1-44c7-8d22-805f8b35df51
RS 17.136,35.7832449,35.6013725,Akkadian,Logosyllabic,Royal Palace,497d9c06-c883-4252-9069-2dc89bae9042
RS 17.137,35.783207,35.6013942,Akkadian,Logosyllabic,Royal Palace,5491de39-a551-4395-8a22-cc8f99b23233
RS 17.139,35.7837615,35.6017965,Ugaritic,Alphabetic,Royal Palace,a21452e5-142a-4f5c-b7cb-a8355e93b672
RS 17.140,35.7831733,35.6015517,Ugaritic,Alphabetic,Royal Palace,bc487753-a0a4-46b6-abae-eb5ef1634852
RS 17.141,35.7837615,35.6017965,Ugaritic,Alphabetic,Royal Palace,f2a16c28-d231-426b-8534-1a66598d7865
RS 17.142,35.7837615,35.6017965,Akkadian,Logosyllabic,Royal Palace,2e37148f-9528-4e2d-968d-f341293fa7b5
RS 17.143,35.7837615,35.6017965,Akkadian,Logosyllabic,Royal Palace,79dad588-b750-4658-8e3d-451e767520e5
RS 17.144,35.7837615,35.6017965,Akkadian,Logosyllabic,Royal Palace,06a98955-a269-4d7a-99dd-148d0096e29b
RS 17.145,35.7831753,35.6013801,Akkadian,Logosyllabic,Royal Palace,fa49b282-35fe-4e44-8676-8f0e67e5dcb1
RS 17.146,35.783616,35.6014894,Akkadian,Logosyllabic,Royal Palace,bcafa6f2-c98f-4e17-8363-6ac64f2db9e3
RS 17.147,35.7831577,35.6015627,Akkadian,Logosyllabic,Royal Palace,abeb63e4-3424-4aa3-b462-22243ab13425
RS 17.148,35.7837622,35.6017954,Akkadian,Logosyllabic,Royal Palace,294f32d4-b375-4641-9862-1b23a2d9083d
RS 17.149,35.7843395,35.6018301,Akkadian,Logosyllabic,Residential Quarter,8a51d89b-560d-4cf1-916a-3e8010dbcd77
RS 17.150,35.7843395,35.6018301,unknown,unknown,Residential Quarter,aaad50a9-3c59-4e78-9b5b-7e79e60b1cf8
RS 17.151,35.7837615,35.6017965,Ugaritic,Alphabetic,Royal Palace,2c5863a9-4254-4589-9b0f-ca44f9ea6598
RS 17.152,35.7843786,35.6022276,Akkadian,Logosyllabic,Residential Quarter,8033ee2e-ab00-4228-a094-b309422768fe
RS 17.153,35.7836227,35.6014378,Akkadian,Logosyllabic,Royal Palace,d3c1b874-e897-42b8-8767-92c4cc0a840c
RS 17.154,35.7843572,35.602227,Akkadian,Logosyllabic,Residential Quarter,6fb8ba44-ebf6-46c2-b90d-fc3c22d1e83e
RS 17.155,35.7843395,35.6018301,Akkadian; Sumerian,Logosyllabic,Residential Quarter,cab3b6a9-4c11-42d3-9d9a-7326c391ddcf
RS 17.156,35.7837622,35.6017954,Ugaritic,Alphabetic,Royal Palace,2d073281-beb4-40df-88a6-30b1c3166572
RS 17.158,35.7831776,35.6013822,Akkadian,Logosyllabic,Royal Palace,1d88ec80-9334-4f67-ab8d-fe40c4f881b7
RS 17.159,35.7832119,35.601393,Akkadian,Logosyllabic,Royal Palace,becd42f2-a074-4952-a733-ab42ef49f59d
RS 17.192,35.7818956,35.6014227,unknown,unknown,Out of Context,ec0c1639-9a55-47ce-a0ad-50f9ff98a9f8
RS 17.226,35.7831852,35.6013832,Akkadian,Logosyllabic,Royal Palace,d60ff60d-445f-4c16-b307-824122c4dd1d
RS 17.227,35.7832134,35.6013892,Akkadian,Logosyllabic,Royal Palace,e9a6c7de-2d96-4e14-b3e8-d768eaf871f4
RS 17.228,35.7831904,35.6013883,Akkadian,Logosyllabic,Royal Palace,45bdc69b-292c-4614-98b7-73b762bc01f9
RS 17.229,35.7832057,35.6013759,Akkadian,Logosyllabic,Royal Palace,a1461633-4b19-4597-b2c4-07418dbfada9
RS 17.230,35.7831963,35.601383,Akkadian,Logosyllabic,Royal Palace,2b850925-c38f-49d1-a2ae-7df9d76bfaab
RS 17.231,35.7831699,35.6013925,Akkadian,Logosyllabic,Royal Palace,be15a3d6-b47b-4749-85fc-0fd3defebf59
RS 17.232,35.7831699,35.6013925,Akkadian,Logosyllabic,Royal Palace,ba958ac0-2976-4021-8993-ae765e2d6049
RS 17.234,35.7832035,35.6013765,Akkadian,Logosyllabic,Royal Palace,36b0b5c0-0bb4-4d55-8bae-4ece06aa8c60
RS 17.235+,35.7832221,35.6013903,Akkadian,Logosyllabic,Royal Palace,9be0c19b-e905-4dc4-9d61-183df8af05f4
RS 17.236,35.7831577,35.6015627,Ugaritic,Alphabetic,Royal Palace,9a708f3c-68a8-44ae-adf6-9806f53c74d9
RS 17.237,35.7831771,35.601382,unknown,unknown,Royal Palace,cc0699fe-05ba-4bb6-8c2e-a10fa92d27f8
RS 17.238,35.7831816,35.6013774,Akkadian,Logosyllabic,Royal Palace,6d40e182-c099-4f1c-9cc2-6cc8fee50350
RS 17.239,35.7837615,35.6017965,Akkadian,Logosyllabic,Royal Palace,43e5f85d-c7f6-4b57-b0e7-d383682d044c
RS 17.240,35.7836278,35.6014383,Akkadian,Logosyllabic,Royal Palace,11af0ce3-5b66-43cd-ad06-25afcb2e517d
RS 17.241,35.7831667,35.6015601,unknown,unknown,Royal Palace,bdaa2036-46a8-4089-bff5-7350212d84f1
RS 17.242,35.7837622,35.6017963,Akkadian,Logosyllabic,Royal Palace,6c02a46a-c53d-4a5d-b616-8832fac55bc9
RS 17.243,35.7831852,35.6013832,Akkadian,Logosyllabic,Royal Palace,2ff6e370-17cf-480c-b3ac-a90c660af4a8
RS 17.244,35.7831687,35.6013617,Akkadian,Logosyllabic,Royal Palace,25d7186a-c937-4bea-a8f8-40a1a7f9a91f
RS 17.245,35.7837615,35.6017965,Ugaritic,Alphabetic,Royal Palace,bc36e1d4-a72e-4245-b475-1199ac58809d
RS 17.246,35.7837615,35.6017965,Ugaritic,Alphabetic,Royal Palace,78b05d16-d231-4686-87c2-956a55fdc663
RS 17.247,35.7837615,35.6017965,Akkadian,Logosyllabic,Royal Palace,0e7b05c3-7d32-4872-b75b-bf9d4292ded2
RS 17.248,35.7837615,35.6017965,Akkadian,Logosyllabic,Royal Palace,c747ef43-2578-41d8-a4dc-b94df98e1c46
RS 17.249,35.7837615,35.6017965,Ugaritic,Alphabetic,Royal Palace,da5e1520-a3e8-44a5-9c9f-24d0ed161605
RS 17.250,35.7842995,35.6019527,Akkadian,Logosyllabic,Residential Quarter,faa9c076-d5a0-483c-aef8-37afe65cb3bd
RS 17.251,35.7831796,35.6013857,Akkadian,Logosyllabic,Royal Palace,17f1b703-211d-45d3-85a3-bf23324e6043
RS 17.252,35.7831684,35.6013837,Akkadian,Logosyllabic,Royal Palace,e7522cfb-b4cf-478b-9fb8-ac4f656462fa
RS 17.285,35.7837615,35.6017965,Ugaritic,Alphabetic,Royal Palace,0c2450e5-83e0-42f7-8a33-9279857179b3
RS 17.286,35.7837615,35.6017965,Akkadian,Logosyllabic,Royal Palace,0611ae8b-58b4-4e1f-936f-20aeda307487
RS 17.287,35.7837615,35.6017965,Ugaritic,Alphabetic,Royal Palace,af431d2b-535f-428a-8a15-5efdb77e29f0
RS 17.288,35.7837615,35.6017965,Akkadian,Logosyllabic,Royal Palace,f1f0d96c-26ed-4b6a-ba5b-ed29d5e64652
RS 17.289,35.7837615,35.6017965,Akkadian,Logosyllabic,Royal Palace,48fa6c0d-d78a-419a-a77f-1951b9338ba5
RS 17.290,35.7837615,35.6017965,Ugaritic,Alphabetic,Royal Palace,9b6f68a6-946a-487a-876a-320a3f39a0f7
RS 17.291,35.7837615,35.6017965,Ugaritic,Alphabetic,Royal Palace,073145dc-36c9-4c5c-b82f-e752edc9b7a2
RS 17.292,35.7818956,35.6014227,unknown,unknown,Out of Context,d31ec685-1136-4c2c-b7de-90980cec3b66
RS 17.293,35.7837615,35.6017965,Ugaritic,Alphabetic,Royal Palace,fdeb2b3f-334c-40dc-b601-973292446433
RS 17.294,35.7837615,35.6017965,Ugaritic,Alphabetic,Royal Palace,fbca915d-67ec-49b8-966e-a7fbf8f2f380
RS 17.297,35.7831577,35.6015627,Ugaritic,Alphabetic,Royal Palace,473a3fb8-6e9e-443c-82e7-10d3d55249ee
RS 17.297 [B],35.7831577,35.6015627,Ugaritic,Alphabetic,Royal Palace,e89ec3b8-8023-490c-ab51-2c7258da66a3
RS 17.297A,35.7831577,35.6015627,Ugaritic,Alphabetic,Royal Palace,841f3b7c-9723-43ce-bb87-026416b0a533
RS 17.298 [C],35.7837615,35.6017965,unknown,unknown,Royal Palace,9fbd8205-eadb-40c1-92b6-d643a0bfeed0
RS 17.298B,35.7837615,35.6017965,Ugaritic,Alphabetic,Royal Palace,18712874-62ff-408d-a68b-a6ded666db8f
RS 17.298A,35.7837615,35.6017965,Ugaritic,Alphabetic,Royal Palace,cdd5c80e-409b-4138-8d00-758bd16f9dff
RS 17.299,35.7837615,35.6017965,Akkadian,Logosyllabic,Royal Palace,f9262115-1869-4980-b919-7d393d4436ec
RS 17.300,35.7831325,35.6013808,Akkadian,Logosyllabic,Royal Palace,cbb5d56d-b31a-4bfc-89f9-ba8bb9f096a8
RS 17.300 [C],35.7831325,35.6013808,Akkadian,Logosyllabic,Royal Palace,7008dd10-8e2a-4895-8ad4-d36e2697c355
RS 17.300 [E],35.7831325,35.6013808,Akkadian,Logosyllabic,Royal Palace,983aa308-e19b-4924-9eaf-6fd5125177e2
RS 17.300 [F],35.7831325,35.6013808,Akkadian,Logosyllabic,Royal Palace,8e2532e8-2270-41cb-aa67-eb43a266d574
RS 17.300 [B],35.7831325,35.6013808,Akkadian,Logosyllabic,Royal Palace,ccb1f6db-6072-4923-91ab-0ad10656909d
RS 17.300 [G],35.7831325,35.6013808,Akkadian,Logosyllabic,Royal Palace,8fd565b0-dd24-424a-aac6-3923c76f78bf
RS 17.300 [D],35.7831325,35.6013808,Akkadian,Logosyllabic,Royal Palace,cefef3d4-8c2e-41f1-aa84-288587d58d91
RS 17.300 [H],35.7831325,35.6013808,Akkadian,Logosyllabic,Royal Palace,6f37235e-1cf2-430b-8b62-334f03b13aac
RS 17.300 [J],35.7831325,35.6013808,Ugaritic,Alphabetic,Royal Palace,f0dba218-b7f9-4683-9790-93ba3477da8c
RS 17.300 [A],35.7831325,35.6013808,Akkadian,Logosyllabic,Royal Palace,5926f589-65f9-49ff-81e2-85de2fd64cb6
RS 17.300 [I],35.7831325,35.6013808,Akkadian,Logosyllabic,Royal Palace,6ad4befc-6abb-4395-81e2-ebceb9fde6b1
RS 17.311,35.7831873,35.6015367,unknown,unknown,Royal Palace,02328cfb-cbcf-4d54-b743-fbed681c24e7
RS 17.312,35.7831171,35.601391,Ugaritic,Alphabetic,Royal Palace,81c7fb1c-e113-43ff-a63d-c9d55ba7bc79
RS 17.314,35.7831778,35.6013848,Akkadian,Logosyllabic,Royal Palace,5ecc7b77-d239-42a8-82c2-5ef8545d2354
RS 17.315,35.7831062,35.601525,Akkadian,Logosyllabic,Royal Palace,b9a227cc-04db-45e1-b239-6c849ada4487
RS 17.316,35.7831759,35.6013848,Akkadian,Logosyllabic,Royal Palace,0980096b-f307-4ca6-9cd7-5f53743bd486
RS 17.317,35.7831852,35.6013832,Akkadian,Logosyllabic,Royal Palace,ab86a088-2da4-4196-8cbb-adef84600405
RS 17.318B,35.7831776,35.6013837,Ugaritic,Alphabetic,Royal Palace,897464bc-5d45-40ce-bc4d-9ea043743adb
RS 17.318A+,35.7831776,35.6013837,Akkadian,Logosyllabic,Royal Palace,d6b98970-57de-430d-95a5-210af98140c2
RS 17.319,35.7831766,35.6013848,Akkadian,Logosyllabic,Royal Palace,7a690447-a11f-45ba-9d05-f17c36d394d7
RS 17.320,35.7842995,35.6019527,Akkadian,Logosyllabic,Residential Quarter,df6d8cf8-be2d-4364-905b-13ba1ff01aef
RS 17.321,35.7842995,35.6019527,Akkadian,Logosyllabic,Residential Quarter,044f10ee-d8c5-448f-97c4-f6b6116bd1cf
RS 17.322,35.7830796,35.6015836,Akkadian,Logosyllabic,Royal Palace,b75363f4-8637-4638-942b-bfe428d1376e
RS 17.323,35.7818956,35.6014227,unknown,unknown,Out of Context,8c896b29-a9a9-42fc-81d6-b252d305078a
RS 17.324,35.7842995,35.6019527,Akkadian,Logosyllabic,Residential Quarter,e4ccd93a-1198-43f2-96d4-f3ec0a81359f
RS 17.325,35.783162,35.601563,Akkadian,Logosyllabic,Royal Palace,385248a6-b961-416e-830e-aec90fe99041
RS 17.326,35.7843395,35.6018301,Ugaritic,Alphabetic,Residential Quarter,ad011ed0-3964-40b7-a42d-32b1fd800d20
RS 17.327,35.7842995,35.6019527,Ugaritic,Alphabetic,Residential Quarter,d7d6f6cc-6ac1-4877-814d-d56fba524a65
RS 17.328,35.7843395,35.6018301,Akkadian,Logosyllabic,Residential Quarter,e1dd0ebf-eed7-45da-b0d0-c950c94420de
RS 17.329,35.7831144,35.6013783,Akkadian,Logosyllabic,Royal Palace,3df028d2-119e-453e-9be1-f372f4372fe1
RS 17.330+,35.7831354,35.6014362,Akkadian,Logosyllabic,Royal Palace,ebdee894-d8a0-43a1-80e8-0be7f7e85d28
RS 17.331,35.7831794,35.6014162,Akkadian,Logosyllabic,Royal Palace,ee609a40-e16f-4874-8505-f46044a37fdd
RS 17.331 [A],35.7831794,35.6014162,Akkadian,Logosyllabic,Royal Palace,43cd5037-865d-431d-b0bd-931ae7b37d9b
RS 17.332,35.7842995,35.6019527,Akkadian,Logosyllabic,Residential Quarter,cccf95b1-5859-47b5-9302-6fa8ac973be5
RS 17.333,35.783083,35.601571,Akkadian,Logosyllabic,Royal Palace,126b7efa-d468-4d8b-b3ba-bdbe9c922d7b
RS 17.334,35.7831784,35.6013833,Akkadian,Logosyllabic,Royal Palace,0c31503e-d2b8-4c7d-98b8-c137242fc3d3
RS 17.335,35.7831852,35.6013832,unknown,unknown,Royal Palace,3b4e11bf-e626-45e8-83fb-018b7319a5d6
RS 17.336,35.7843395,35.6018301,Akkadian,Logosyllabic,Residential Quarter,b56b3229-c105-47e2-8419-6684bd713c50
RS 17.337,35.783182,35.6013867,Akkadian,Logosyllabic,Royal Palace,d95bcc86-ec13-4bc6-88af-9848d796f764
RS 17.338,35.7831871,35.601381,Akkadian,Logosyllabic,Royal Palace,94834964-3be1-44da-a634-e087b71f74ea
RS 17.339 [C],35.7831852,35.6013832,Akkadian,Logosyllabic,Royal Palace,cab1688e-1c3e-4bd1-ba0a-5c45fd390243
RS 17.339 [B],35.7831852,35.6013832,Akkadian,Logosyllabic,Royal Palace,850f4e77-e286-4cb3-ad2c-1d707e45a605
RS 17.339 [A],35.7818956,35.6014227,unknown,unknown,Out of Context,5fe88474-d620-4a04-acd5-79896fb4a472
RS 17.340,35.7832124,35.601393,Akkadian,Logosyllabic,Royal Palace,f7e29eaa-5e93-462e-a218-c40ac7c7799a
RS 17.341,35.7831788,35.6013775,Akkadian,Logosyllabic,Royal Palace,50aeee97-72af-4923-979a-83953dcfb302
RS 17.342,35.7831724,35.601391,Akkadian,Logosyllabic,Royal Palace,7f9b4b95-7e7f-4d12-9f33-38d9504d7e21
RS 17.343B,35.783112,35.6014836,Ugaritic,Alphabetic,Royal Palace,e4a8d086-aa25-496d-b88c-f95a777ecf33
RS 17.343A,35.783112,35.6014836,Akkadian,Logosyllabic,Royal Palace,bc41141e-a8f0-49a5-954b-8c4b07c01624
RS 17.344,35.7832057,35.6013759,Akkadian,Logosyllabic,Royal Palace,2275eeaf-bdeb-4355-9989-e08f7d592cb5
RS 17.345,35.7831779,35.6013779,Ugaritic; Akkadian,Alphabetic; Logosyllabic,Royal Palace,4cab81ab-c813-4316-bbc4-f63b57a7c148
RS 17.346,35.7831896,35.6013804,Akkadian,Logosyllabic,Royal Palace,bc45b0c7-19e4-40a5-b457-e34d641882f7
RS 17.347,35.7831985,35.6013728,unknown,unknown,Royal Palace,e5c28d97-df8d-4426-9080-e90e0b9ec868
RS 17.348,35.783154,35.6013632,Akkadian,Logosyllabic,Royal Palace,cc46a7a0-3f65-4054-8004-4e2a3c4bca8d
RS 17.349 [E],35.7831852,35.6013832,Akkadian,Logosyllabic,Royal Palace,7f9389ac-f42d-4b03-98f8-8cf951d87134
RS 17.349 [D],35.7831852,35.6013832,Akkadian,Logosyllabic,Royal Palace,f876cc9d-94b9-4d3f-bd3d-f3a30ca16d75
RS 17.349C,35.7831852,35.6013832,Akkadian,Logosyllabic,Royal Palace,b8a600d8-19d3-4c63-8e7d-e9d33072e79e
RS 17.349B,35.7831852,35.6013832,Akkadian,Logosyllabic,Royal Palace,657dc698-8706-486e-ae1e-f80fbb627b3f
RS 17.349A,35.7831852,35.6013832,unknown,unknown,Royal Palace,34c3f6e2-757a-4775-967e-1c04d5332c47
RS 17.351C,35.7831928,35.6013761,Akkadian,Logosyllabic,Royal Palace,093e9b13-b892-4ace-8353-8447b9b1408f
RS 17.351B,35.7831928,35.6013761,Akkadian,Logosyllabic,Royal Palace,ee43ef56-6e58-46eb-882d-2b5cdb8e2f32
RS 17.351A,35.7831928,35.6013761,Akkadian,Logosyllabic,Royal Palace,d92be7d8-7829-432a-ace8-3598aa93c162
RS 17.352,35.7831884,35.6013851,Akkadian,Logosyllabic,Royal Palace,9c21d9e7-5939-41cf-9e5f-e4eff54c9475
RS 17.353,35.7831588,35.601386,Akkadian,Logosyllabic,Royal Palace,3b69a980-5938-4228-941a-be39abcd1a64
RS 17.354,35.7831851,35.601616,Akkadian,Logosyllabic,Royal Palace,97dbfc44-e71a-4926-8ed1-17c720b4784b
RS 17.355,35.7831362,35.6013775,Akkadian,Logosyllabic,Royal Palace,917370c8-1060-4ccf-a4aa-b18540daa3c9
RS 17.356,35.783205,35.6013897,Akkadian,Logosyllabic,Royal Palace,1b8414ea-3747-4c59-96a8-2a0ead803a8f
RS 17.357,35.7831788,35.6013775,Akkadian,Logosyllabic,Royal Palace,d9d17616-3fc9-4af6-9851-643a0933fa3b
RS 17.358,35.7831773,35.6013782,Akkadian,Logosyllabic,Royal Palace,8a8fc940-f357-4f26-a3ed-79c126bcc257
RS 17.360,35.7831978,35.6013807,Akkadian,Logosyllabic,Royal Palace,8fab0250-876a-424e-aa28-13b1171db77a
RS 17.360 [E],35.7818956,35.6014227,unknown,unknown,Out of Context,baa192fa-9892-44e9-bec7-b617ec9a2f2c
RS 17.360 [F],35.7831978,35.6013807,unknown,unknown,Royal Palace,4d8d00aa-851a-40af-9d95-00f42280f35b
RS 17.360 [D],35.7831978,35.6013807,unknown,unknown,Royal Palace,28f69619-8a62-4818-9522-eb26b043a3e9
RS 17.360C,35.7831978,35.6013807,unknown,unknown,Royal Palace,0429473f-3886-4638-95df-65c36a7376ab
RS 17.360B,35.7831978,35.6013807,unknown,unknown,Royal Palace,7df1901b-f3de-4b6f-ae50-453e316b5a4c
RS 17.360A+,35.7831978,35.6013807,Akkadian,Logosyllabic,Royal Palace,f7496e4c-2cf5-4315-8f59-e11ae73efa9c
RS 17.361C,35.7832092,35.6013758,Ugaritic,Alphabetic,Royal Palace,24616824-257a-41fb-b60c-c06156ae492d
RS 17.361B,35.7832092,35.6013758,Ugaritic,Alphabetic,Royal Palace,f8d1d83e-d2aa-4405-81a1-10df2043c035
RS 17.361A,35.7832092,35.6013758,Akkadian,Logosyllabic,Royal Palace,ee7d8640-c2eb-43b0-ba3b-3018a2e33777
RS 17.362,35.7832092,35.6013758,Akkadian,Logosyllabic,Royal Palace,3368c139-64d4-49d8-8ae6-1fab6ec1c4cc
RS 17.363,35.7831568,35.6013774,Akkadian,Logosyllabic,Royal Palace,7c17acdd-35f3-4d37-8a31-c50b02390d14
RS 17.364,35.7832092,35.6013758,Ugaritic,Alphabetic,Royal Palace,73562880-000e-4e36-80f4-e6e5a8fe5501
RS 17.365+,35.7831399,35.6014079,Akkadian,Logosyllabic,Royal Palace,bc7d531e-02fd-4e93-996c-1119701249ca
RS 17.366,35.7831397,35.601389,Akkadian,Logosyllabic,Royal Palace,de22c49f-ee8e-41a7-8416-e6993956add7
RS 17.367,35.7831978,35.6013807,Akkadian,Logosyllabic,Royal Palace,4ceafa7c-5b96-4bf5-a771-fa2cee2144c8
RS 17.368,35.7831397,35.601389,Akkadian,Logosyllabic,Royal Palace,657e79f4-2ae7-4c33-8af5-e99514453471
RS 17.369,35.7832179,35.6013856,Akkadian,Logosyllabic,Royal Palace,1e9e34ad-1c5f-4155-a9b2-84f3f9b70c9d
RS 17.369C,35.7832179,35.6013856,Ugaritic,Alphabetic,Royal Palace,96bee254-2a58-4dd1-9e87-38273dfb091c
RS 17.369B,35.7832179,35.6013856,Ugaritic,Alphabetic,Royal Palace,fc3de8cf-d7a5-4196-aeab-4e734af8d88b
RS 17.369A,35.7832179,35.6013856,unknown,unknown,Royal Palace,a8df5411-ef48-4cf2-ac24-6524b64351eb
RS 17.370 [C],35.7832159,35.6013875,Ugaritic,Alphabetic,Royal Palace,83bde497-3309-4e59-b985-cbe2c9dc0f3a
RS 17.370 [E],35.7832159,35.6013875,Ugaritic,Alphabetic,Royal Palace,9f7d99be-d543-457a-8a7c-8c68e2a84aee
RS 17.370 [B],35.7832159,35.6013875,Ugaritic,Alphabetic,Royal Palace,cb838687-6c82-4393-a796-f61090f6a557
RS 17.370 [D],35.7832159,35.6013875,Ugaritic,Alphabetic,Royal Palace,e7fb32f5-5f44-4fc1-9ca8-ac6300948ee5
RS 17.370 [A],35.7832159,35.6013875,Ugaritic,Alphabetic,Royal Palace,da7fad05-d789-48cb-8280-ad1bdcceefda
RS 17.371+,35.783137,35.6014082,Akkadian,Logosyllabic,Royal Palace,91b0272d-d94e-46b8-adcb-4a56c7f71e19
RS 17.372 [B],35.7831557,35.6013644,Akkadian,Logosyllabic,Royal Palace,404f0e7f-df42-48fc-bf72-9531d780e047
RS 17.372 [A],35.7831557,35.6013644,unknown,unknown,Royal Palace,60a7ca48-be58-494e-b9b2-44c445473208
RS 17.373,35.7831753,35.6013818,Akkadian,Logosyllabic,Royal Palace,c0d2d3cd-f072-4dfe-8235-63a6810d976d
RS 17.374,35.7831995,35.6013791,unknown,unknown,Royal Palace,59e49c48-159c-486d-94a0-8c69a4246cd9
RS 17.375C,35.7832159,35.6013875,Ugaritic,Alphabetic,Royal Palace,b9499f6b-3a36-480d-8229-80524b3158fd
RS 17.375B,35.7832159,35.6013875,Ugaritic,Alphabetic,Royal Palace,5e885da0-e397-4621-828e-6b1481e88f40
RS 17.375A,35.7832159,35.6013875,Ugaritic,Alphabetic,Royal Palace,d262daee-385e-439d-a9f1-a61bddae754c
RS 17.376+,35.7831299,35.6014135,Akkadian,Logosyllabic,Royal Palace,a5ae328b-bf60-4f85-b6b9-754918beb5b3
RS 17.377,35.783225,35.6013713,unknown,unknown,Royal Palace,5d7ea520-5235-4921-b5da-40eebf809914
RS 17.378 [C],35.7831519,35.6013857,Ugaritic,Alphabetic,Royal Palace,453e361b-a030-45b2-a875-9a585c51ed8f
RS 17.378 [D],35.7831519,35.6013857,Ugaritic,Alphabetic,Royal Palace,befb5c5b-c4ae-42f9-abe3-de2b3237504a
RS 17.378B,35.7831519,35.6013857,unknown,unknown,Royal Palace,9f308aaf-7982-43b4-a69d-317114b3d337
RS 17.378A,35.7831519,35.6013857,Akkadian,Logosyllabic,Royal Palace,8dbe36f1-fb4f-4025-9a5f-749498b0de48
RS 17.379,35.7832095,35.6013817,unknown,unknown,Royal Palace,2e1002d1-b29b-4e18-bbc5-a432db2b6a78
RS 17.379 [A],35.7832095,35.6013817,Akkadian,Logosyllabic,Royal Palace,48008268-7774-4f13-9ac1-7d4d19bb3eb2
RS 17.380+,35.7831519,35.6013857,Akkadian,Logosyllabic,Royal Palace,98b3e957-c2c6-4830-9fb6-926e223307aa
RS 17.381,35.7831852,35.6013832,unknown,unknown,Royal Palace,a017bc29-17b4-45c7-81bd-aa8971ceb5fb
RS 17.382,35.7831543,35.6013879,unknown,unknown,Royal Palace,5e716edf-4923-4f09-be28-96f507e557d7
RS 17.383,35.7837615,35.6017965,Akkadian,Logosyllabic,Royal Palace,c704ea5a-f7ad-4852-8a9b-c0249c87499d
RS 17.384,35.7837615,35.6017965,Ugaritic,Alphabetic,Royal Palace,d5fb0b7d-c13f-4b5a-a211-a8bf9fc2d1df
RS 17.385,35.7837615,35.6017965,Akkadian,Logosyllabic,Royal Palace,a847980f-170b-4010-ab4a-daa2a4e32427
RS 17.386,35.7837615,35.6017965,Ugaritic; Akkadian,Alphabetic; Logosyllabic,Royal Palace,55ffb121-6e4a-4ad5-be85-6de1e5479a87
RS 17.387,35.7837615,35.6017965,unknown,unknown,Royal Palace,44ae7e53-695a-47a2-99f6-3f3d85ccacfe
RS 17.388,35.7837615,35.6017965,Akkadian,Logosyllabic,Royal Palace,5e1e4df6-1b75-44ce-8141-8fae40b64b1f
RS 17.389,35.7837615,35.6017965,Ugaritic,Alphabetic,Royal Palace,3c8af47a-45f8-4e76-a87a-52847c0e6ce7
RS 17.390,35.7837615,35.6017965,Akkadian,Logosyllabic,Royal Palace,cebf7f04-57d6-4347-8555-bfee22c94145
RS 17.391,35.7837615,35.6017965,Akkadian,Logosyllabic,Royal Palace,154a4405-e8c9-46b3-aa31-eaeba6d23e67
RS 17.392,35.7837615,35.6017965,Ugaritic,Alphabetic,Royal Palace,a636be7b-ca1a-4921-addf-b475f52e1487
RS 17.393,35.7837615,35.6017965,Akkadian,Logosyllabic,Royal Palace,46a81c44-fb8e-4406-8c4b-058314988499
RS 17.394+,35.7837615,35.6017965,Akkadian,Logosyllabic,Royal Palace,f1423f2f-ee0b-4afe-ac8c-4eeab9f3a334
RS 17.395,35.7837615,35.6017965,Ugaritic,Alphabetic,Royal Palace,e438191d-24a7-42cb-ac61-0726614ba8e1
RS 17.396,35.7831846,35.6013772,Akkadian,Logosyllabic,Royal Palace,0cad1337-e580-44f8-a423-538a0a9b3995
RS 17.397 [C],35.7837615,35.6017965,Ugaritic,Alphabetic,Royal Palace,92bb8ac7-066e-4dc0-be16-f1221097cd23
RS 17.397 [B],35.7837615,35.6017965,unknown,unknown,Royal Palace,c6354d93-0b9a-4ef7-8996-d42bf6713a87
RS 17.397 [D],35.7837615,35.6017965,Ugaritic,Alphabetic,Royal Palace,fe763455-3f82-4964-9770-060cc8ce0b58
RS 17.397 [A],35.7837615,35.6017965,Ugaritic,Alphabetic,Royal Palace,f4d3584a-929b-4373-b0c3-c35f028f4a34
RS 17.398,35.7837615,35.6017965,Akkadian,Logosyllabic,Royal Palace,c056e41c-1d1b-4ecd-8aa7-eaa561773c28
RS 17.399,35.7837615,35.6017965,Ugaritic,Alphabetic,Royal Palace,ddcc4aea-3aff-4f71-9f15-1acebb26aecf
RS 17.406,35.7831431,35.6013874,Akkadian,Logosyllabic,Royal Palace,9c8f4462-2679-4e1d-aae9-d46a213841ef
RS 17.407,35.7831724,35.601391,Akkadian,Logosyllabic,Royal Palace,99ddcb5b-8334-4ebb-a685-7f5087dbdd63
RS 17.408,35.7832124,35.6013777,Akkadian,Logosyllabic,Royal Palace,4552df68-528b-4f7d-955a-58a7ed61aa53
RS 17.409 [C],35.7842428,35.601998,Ugaritic,Alphabetic,Residential Quarter,248add4a-a225-44b9-9a1f-38b8e2768518
RS 17.409 [E],35.7842428,35.601998,Ugaritic,Alphabetic,Residential Quarter,771beb74-d976-4aff-92ca-7abbdb917401
RS 17.409 [F],35.7842428,35.601998,Ugaritic,Alphabetic,Residential Quarter,d1c5acdf-f021-496f-a4e8-345a1fb15e7f
RS 17.409 [B],35.7842428,35.601998,Ugaritic,Alphabetic,Residential Quarter,1a94eb21-686e-4504-b07b-18a785048442
RS 17.409 [G],35.7842428,35.601998,Ugaritic,Alphabetic,Residential Quarter,869ef745-6125-4ddd-aeb3-53e5cec67584
RS 17.409 [D],35.7842428,35.601998,Ugaritic,Alphabetic,Residential Quarter,b18fefef-b3d9-4967-8872-8f832af313e5
RS 17.409 [H],35.7842428,35.601998,Ugaritic,Alphabetic,Residential Quarter,60097166-5672-4fd1-a5c9-dcbae65efe21
RS 17.409 [J],35.7842428,35.601998,Ugaritic,Alphabetic,Residential Quarter,8a593ea6-a948-49ea-a6a4-ebac7eb2c6c9
RS 17.409 [A],35.7842428,35.601998,Ugaritic,Alphabetic,Residential Quarter,daabead9-6e23-493d-aea3-ed5d9f92ce7f
RS 17.409 [I],35.7842428,35.601998,Ugaritic,Alphabetic,Residential Quarter,e2b8f66e-dd24-4e64-a8d0-d5037e8ee15b
RS 17.410B,35.7832204,35.6013849,Akkadian,Logosyllabic,Royal Palace,942a28bb-39c9-478e-8e9a-ed0c30ee3c89
RS 17.410A,35.7832204,35.6013849,Akkadian,Logosyllabic,Royal Palace,e4866e67-fa91-4f00-95ec-094c109f8139
RS 17.420,35.7843395,35.6018301,Egyptian,Hieroglyphic,Residential Quarter,4ce732ee-cf38-4284-8470-e1a673b2efd7
RS 17.421,35.7843395,35.6018301,Egyptian,Hieroglyphic,Residential Quarter,fcdd4b33-3ea9-4400-9b48-f0983f8907d3
RS 17.422,35.7837615,35.6017965,Akkadian,Logosyllabic,Royal Palace,afb0eabb-8388-4588-8b2f-8868c3436c6e
RS 17.423,35.7837615,35.6017965,Akkadian,Logosyllabic,Royal Palace,e117c6ef-8c6b-4156-b766-d4d4957df462
RS 17.424,35.7837615,35.6017965,unknown,unknown,Royal Palace,a3a677fe-8ed7-4f7d-9974-a64d264d4f60
RS 17.425,35.7837615,35.6017965,Akkadian,Logosyllabic,Royal Palace,db47f2e4-8d20-4957-ae7b-f56fdd397ea2
RS 17.426,35.7837615,35.6017965,Akkadian,Logosyllabic,Royal Palace,d1818e48-2e18-415b-a14b-f178a1a8d02e
RS 17.427,35.7837615,35.6017965,unknown,unknown,Royal Palace,f6be159a-2170-40f6-8531-fe85cbcdf0a8
RS 17.427B,35.7837615,35.6017965,Ugaritic,Alphabetic,Royal Palace,c39315dd-dd8c-41d5-ae66-1d25213539c2
RS 17.427A,35.7837615,35.6017965,Ugaritic,Alphabetic,Royal Palace,87279c3f-bc4b-4601-b369-e0b8642c0f8d
RS 17.428,35.7837615,35.6017965,Akkadian,Logosyllabic,Royal Palace,aa97dd0d-96bc-4c4d-8dd1-df96ccde4c5a
RS 17.429,35.7837615,35.6017965,Akkadian,Logosyllabic,Royal Palace,ab5d89aa-04ce-49ec-b2c4-3e3633d453ec
RS 17.430,35.7837615,35.6017965,Akkadian,Logosyllabic,Royal Palace,2425cc8f-76f2-4e18-83ef-b7ba39026d57
RS 17.431,35.7837615,35.6017965,Akkadian,Logosyllabic,Royal Palace,01053e90-e942-4c89-a66e-f0450030b25f
RS 17.432,35.7837615,35.6017965,Akkadian,Logosyllabic,Royal Palace,3d3122cb-d7d0-4951-b12c-510452b05145
RS 17.433,35.7837615,35.6017965,Akkadian,Logosyllabic,Royal Palace,4d2a26df-752e-49ab-9541-ab6383a1f723
RS 17.434 [B],35.7837615,35.6017965,Ugaritic,Alphabetic,Royal Palace,d92707e9-73d2-41ea-a413-d843ebe043cc
RS 17.434+,35.7837615,35.6017965,Ugaritic,Alphabetic,Royal Palace,2352d1cd-5386-4c4e-ab3d-db3dc00519ef
RS 17.434 [A],35.7837615,35.6017965,Ugaritic,Alphabetic,Royal Palace,e07d6970-79e3-4e0b-b5e0-bb73b826af69
RS 17.435+,35.7837615,35.6017965,Ugaritic,Alphabetic,Royal Palace,54bdc8c1-1254-4fd8-8bf6-5c5629d8a289
RS 17.436,35.7837615,35.6017965,unknown,unknown,Royal Palace,dc6dbe9b-c4f0-4b27-a2d3-5ded752a598c
RS 17.437,35.7837615,35.6017965,unknown,unknown,Royal Palace,88360ea7-992a-46c0-9103-91862057801b
RS 17.438 [B],35.7837615,35.6017965,unknown,unknown,Royal Palace,ef0824ae-e5da-4219-871d-df1b6e3595c9
RS 17.438+,35.7837615,35.6017965,Ugaritic,Alphabetic,Royal Palace,aa5114aa-b115-42cb-9f72-b897f79b519e
RS 17.438 [A],35.7837615,35.6017965,unknown,unknown,Royal Palace,77b233f0-76da-4975-8a99-cd799b35f331
RS 17.439,35.7837615,35.6017965,Ugaritic,Alphabetic,Royal Palace,be00e171-654b-4d97-a1ff-76d7ffee9046
RS 17.440,35.7837615,35.6017965,Ugaritic,Alphabetic,Royal Palace,8645dba5-6535-4672-8f33-48abed6164b0
RS 17.441,35.7837615,35.6017965,Ugaritic,Alphabetic,Royal Palace,52f5627d-5dc0-494d-bc24-531938fae094
RS 17.442,35.7837615,35.6017965,Ugaritic,Alphabetic,Royal Palace,e34aafb8-76f1-4a85-9a3a-d1f8f31e281a
RS 17.443,35.7837615,35.6017965,Ugaritic,Alphabetic,Royal Palace,35b7876b-f0ef-4b66-810e-cf7c8ccd33d1
RS 17.444,35.7837615,35.6017965,Ugaritic,Alphabetic,Royal Palace,33bc7ee2-3bdd-45e0-aca2-5db84667e815
RS 17.445,35.7836315,35.6014518,Akkadian,Logosyllabic,Royal Palace,a5c73b09-85fc-414a-8958-d28932e32ebc
RS 17.446,35.7823659,35.6016876,unknown,unknown,Royal Palace,5b7c30ea-ccff-45d5-844b-9b1dd32ab6fd
RS 17.447,35.7831852,35.6013832,Akkadian,Logosyllabic,Royal Palace,fc43155b-75f9-466e-8484-86b573f74fea
RS 17.448,35.7823659,35.6016876,Akkadian,Logosyllabic,Royal Palace,1a0d62ed-9489-4739-aa8b-e935137822f1
RS 17.449,35.7831773,35.6013854,Akkadian,Logosyllabic,Royal Palace,48c80191-46b9-4963-af18-2426f11abae7
RS 17.450,35.7831778,35.6014569,Akkadian,Logosyllabic,Royal Palace,5d68c5e0-eae0-497c-ba87-366f660da699
RS 17.450A,35.7831662,35.6013743,Akkadian,Logosyllabic,Royal Palace,d7c3a83d-38f9-4f7d-930d-0277c6def3ba
RS 17.451,35.7842995,35.6019527,Akkadian,Logosyllabic,Residential Quarter,7b957171-8f59-4bbd-aa0c-e41b039f8d0c
RS 17.452,35.7837612,35.601796,Akkadian,Logosyllabic,Royal Palace,2efeba43-56de-4531-98d5-c4279c18b7a8
RS 17.453,35.7837612,35.6017963,Akkadian,Logosyllabic,Royal Palace,14216447-8209-4b8e-9e6e-1f9433d89f83
RS 17.454,35.7831939,35.6013824,Akkadian,Logosyllabic,Royal Palace,2b7a8d71-93ff-426f-a415-404d3c12a441
RS 17.455,35.7842995,35.6019527,Akkadian,Logosyllabic,Residential Quarter,ba3ca1ad-ee6c-487c-8ff5-3353c01bcf6e
RS 17.456,35.7831581,35.6013813,Akkadian,Logosyllabic,Royal Palace,751a7ad4-08c5-49d1-b443-c33a349500a4
RS 17.457,35.7831443,35.6014273,Akkadian,Logosyllabic,Royal Palace,045e164b-46bc-4910-b1af-26530b1d8926
RS 17.458,35.7831784,35.6013833,Akkadian,Logosyllabic,Royal Palace,3b487e18-7c93-4990-9f68-497b8bf7def6
RS 17.459,35.7831981,35.6013889,Akkadian,Logosyllabic,Royal Palace,fdff7424-e939-4647-8e43-54927e38c419
RS 17.460,35.7831061,35.6014465,Akkadian,Logosyllabic,Royal Palace,259335d8-f10c-4c31-a554-39ad91c115b2
RS 17.461,35.7832494,35.6013683,Akkadian,Logosyllabic,Royal Palace,3d63c5bd-7946-45cf-8e59-b7c300d7396e
RS 17.462,35.7831939,35.6013824,Akkadian,Logosyllabic,Royal Palace,d1854057-ed13-4402-9b13-6b41bb8d1436
RS 17.463,35.7837615,35.6017965,Akkadian,Logosyllabic,Royal Palace,2c218383-f564-48f4-a44e-e8ef93d12821
RS 17.463 [B],35.7837615,35.6017965,Akkadian,Logosyllabic,Royal Palace,ad0bfa20-d32b-43ff-9ca0-36d5907c3f32
RS 17.463 [A],35.7837615,35.6017965,Akkadian,Logosyllabic,Royal Palace,f7cee396-db3a-40cd-b65f-9e0081118450
RS 17.464,35.7818307,35.601629,Akkadian,Logosyllabic,unknown,84a58fca-f07e-4a0a-a969-2c35bed94141
RS 17.465,35.7843395,35.6018301,Akkadian,Logosyllabic,Residential Quarter,2d39ecd2-fb13-4b1e-8fe8-e90c2ceed7ef
RS 17.[466],35.7831517,35.6014084,Akkadian,Logosyllabic,Royal Palace,c48f2e8f-26a2-4f4f-bbf6-c72c656986dc
RS 17.[467],35.7831517,35.6014084,Akkadian,Logosyllabic,Royal Palace,ad90d855-19f7-4699-b609-a0c4d0865f66
RS 17.[468],35.7831501,35.6015804,Ugaritic,Alphabetic,Royal Palace,e7d2420e-0b5f-4125-9425-c322bf2a3951
RS 17.[469],35.7818307,35.601629,Ugaritic,Alphabetic,unknown,4d62d6ed-4d2a-4c60-bb3a-1721a35e0812
RS 17.[470],35.7829895,35.6016046,Ugaritic,Alphabetic,Royal Palace,20930196-2f4d-4b85-9f45-b82cf5a5cdb3
RS 17.[471] [C],35.7837615,35.6017965,Ugaritic,Alphabetic,Royal Palace,da8acea5-c9bc-400c-a66f-707e199302c2
RS 17.[471] [B],35.7837615,35.6017965,Ugaritic,Alphabetic,Royal Palace,22a46f99-d499-4783-a75b-0eca562bd929
RS 17.[471] [D],35.7837615,35.6017965,Ugaritic,Alphabetic,Royal Palace,49f00913-cb13-490f-938a-66277e5e0583
RS 17.[471] [A],35.7837615,35.6017965,Ugaritic,Alphabetic,Royal Palace,52df8299-b9fd-4787-84f1-34f075f5ca2c
RS 17.[472],35.7843395,35.6018301,Ugaritic,Alphabetic,Residential Quarter,f6e9ff01-dec9-4942-9abc-40131131a59c
RS 17.[473] [B],35.7836249,35.6014496,Ugaritic,Alphabetic,Royal Palace,8f101f3b-3995-43d8-b5d8-a5112d93e522
RS 17.[473] [A],35.7836315,35.6014518,Ugaritic,Alphabetic,Royal Palace,87693ca4-e877-4ab5-a2f2-7b9f6e1546d7
RS 17.[474] [C],35.7831397,35.601389,Ugaritic,Alphabetic,Royal Palace,4ed55baa-cb58-45a9-9e3f-d7d938f95946
RS 17.[474] [B],35.7831397,35.601389,Ugaritic,Alphabetic,Royal Palace,cc9341ff-b6be-4ad6-92de-81957ef55337
RS 17.[474] [D],35.7831397,35.601389,Ugaritic,Alphabetic,Royal Palace,f8ea0a81-d64f-4a41-9aab-36943cf86416
RS 17.[474] [A],35.7831397,35.601389,Ugaritic,Alphabetic,Royal Palace,5f441ef4-7eb5-469d-8a1c-ed2c5649e1d6
RS 17.[475] [C],35.783164,35.6015634,Ugaritic,Alphabetic,Royal Palace,9a72b8b8-1fa4-4dbf-bd33-1c3d1b460166
RS 17.[475] [B],35.783164,35.6015634,Ugaritic,Alphabetic,Royal Palace,c5b5d725-69ea-43ed-9424-c3287ee42427
RS 17.[475] [A],35.783164,35.6015634,Ugaritic,Alphabetic,Royal Palace,242045b4-8fb9-4f9e-bb5d-a972126f5476
RS 17.[476],35.7832122,35.6013768,Egyptian,Hieroglyphic,Royal Palace,0042fea3-5c2a-4d56-8304-126d0178886e
RS 17.[478],35.7818956,35.6014227,unknown,unknown,Out of Context,cec1546a-6b3e-4462-8ec6-e2efab20e1a5
RS 17.[479],35.7818956,35.6014227,unknown,unknown,Out of Context,d108c329-101a-432f-8deb-6589cbe29faf
RS 17.[480A-B],35.7818956,35.6014227,unknown,unknown,Out of Context,a0c2972e-198f-4039-95b3-a8e1e0b8237c
RS 18.001,35.7831586,35.6013644,Akkadian,Logosyllabic,Royal Palace,dec0376c-35c6-4833-8a7c-8bff7f567a67
RS 18.002,35.7831461,35.6013874,Akkadian,Logosyllabic,Royal Palace,fb368ddd-cabb-481c-bb90-b4e2bce9f1d7
RS 18.003,35.7832159,35.6013875,Akkadian,Logosyllabic,Royal Palace,3077f7d4-cb78-41e1-902e-756ca33a99d4
RS 18.004,35.7831567,35.6013689,Akkadian,Logosyllabic,Royal Palace,5dafb8ca-064f-4482-89d0-f6a9dabf85a1
RS 18.005,35.7834271,35.6014035,Ugaritic,Alphabetic,Royal Palace,939c3297-fcf8-4d60-a759-fa18c4ddad9b
RS 18.006,35.783112,35.6013369,unknown,unknown,Between the Royal Palace and the Southern Palace,3a20ef6c-82cc-42bd-9ab4-61a5a82da8d0
RS 18.007 [G],35.7831016,35.601422,Ugaritic,Alphabetic,Royal Palace,2a7e16dc-7013-4272-850e-4c7ce629466b
RS 18.007 [H],35.7831016,35.601422,Ugaritic,Alphabetic,Royal Palace,ed03c36d-192d-4e40-b0b0-b1e5ccfd8e9c
RS 18.007 [J],35.7831016,35.601422,Ugaritic,Alphabetic,Royal Palace,29c39dac-655b-4c6c-a90b-a8ada2d1fa7f
RS 18.007 [K],35.7831016,35.601422,Ugaritic,Alphabetic,Royal Palace,0409b6fa-a0f5-47e2-969d-f9f32200938c
RS 18.007 [L],35.7831016,35.601422,Ugaritic,Alphabetic,Royal Palace,c792e7e9-2cb7-420a-8bf3-33626d669b13
RS 18.007 [M],35.7831016,35.601422,Ugaritic,Alphabetic,Royal Palace,bfafcdfa-61b5-48c9-8bb5-e8e05d3c2e76
RS 18.007 [N],35.7831016,35.601422,Ugaritic,Alphabetic,Royal Palace,de44e3ae-fef0-4f13-b5e1-0b362694ae9f
RS 18.007 [S],35.7831016,35.601422,Ugaritic,Alphabetic,Royal Palace,9045680b-f157-4130-a8d6-48dd079c2931
RS 18.007 [P],35.7831016,35.601422,Ugaritic,Alphabetic,Royal Palace,d1f586d4-4584-476a-8e13-b2f397f15093
RS 18.007 [Q],35.7831016,35.601422,Ugaritic,Alphabetic,Royal Palace,538a6779-c04a-45c1-8df2-06469144809e
RS 18.007 [R],35.7831016,35.601422,Ugaritic,Alphabetic,Royal Palace,1264c62e-6299-4c9e-b33f-b87db98ffc28
RS 18.007 [T],35.7831016,35.601422,Ugaritic,Alphabetic,Royal Palace,e7f62bb8-b911-4538-8388-f10afdc6357b
RS 18.007C,35.7831016,35.601422,Ugaritic,Alphabetic,Royal Palace,f11c5b5a-986e-44ee-ae97-8403a37e835b
RS 18.007E,35.7831016,35.601422,Ugaritic,Alphabetic,Royal Palace,0056d230-428d-4138-8ccd-301e3d24d0a7
RS 18.007F,35.7831016,35.601422,Ugaritic,Alphabetic,Royal Palace,28a34ff2-ff25-47c0-bf24-6acff59b1326
RS 18.007B,35.7831016,35.601422,Ugaritic,Alphabetic,Royal Palace,462247dc-eac5-4a07-b415-86054e5a1071
RS 18.007D,35.7831016,35.601422,Ugaritic,Alphabetic,Royal Palace,ce5675ae-9be4-4c61-840b-7daf0f2af2a3
RS 18.007 [I],35.7831016,35.601422,Ugaritic,Alphabetic,Royal Palace,01325878-50aa-479c-bce7-86c36528ada9
RS 18.007 [O],35.7831016,35.601422,Ugaritic,Alphabetic,Royal Palace,d42a2029-64e4-4e18-b77c-f710da07aa56
RS 18.007 [U],35.7831016,35.601422,Ugaritic,Alphabetic,Royal Palace,82aab954-9200-4535-8466-043c86328a14
RS 18.007A,35.7831016,35.601422,Ugaritic,Alphabetic,Royal Palace,e3a75088-9d6f-4f56-9440-858e02db1f56
RS 18.008,35.7832127,35.6013776,Ugaritic,Alphabetic,Royal Palace,9efc2395-db5b-4476-8993-6193d7254c9e
RS 18.009 [E],35.7831508,35.6013888,Ugaritic,Alphabetic,Royal Palace,c05801b6-e985-4a22-95d1-08e7ee7edd74
RS 18.009 [F],35.7831508,35.6013888,Ugaritic,Alphabetic,Royal Palace,97426c1c-109e-4bea-a7d8-af0fc8c18585
RS 18.009 [G],35.7831508,35.6013888,Ugaritic,Alphabetic,Royal Palace,2633167f-45c4-4ff3-8f53-d6163f20dd7d
RS 18.009 [D],35.7831508,35.6013888,Ugaritic,Alphabetic,Royal Palace,0743e9a1-7330-4bea-aee9-bffef2c3c707
RS 18.009 [H],35.7831508,35.6013888,Ugaritic,Alphabetic,Royal Palace,a7ff3b23-29c0-4849-b31c-5d312f2f7910
RS 18.009 [J],35.7831508,35.6013888,Ugaritic,Alphabetic,Royal Palace,776a7075-2cc2-4960-ad6e-53b2e8df2898
RS 18.009 [K],35.7831508,35.6013888,Ugaritic,Alphabetic,Royal Palace,0f9c0773-3c59-4e8c-99a4-bc9f980843ed
RS 18.009C,35.7831508,35.6013888,Ugaritic,Alphabetic,Royal Palace,2bd637b5-7740-4f43-aed0-e4d2dc35a776
RS 18.009B,35.7831508,35.6013888,Ugaritic,Alphabetic,Royal Palace,1b9ad829-2408-4bcf-a28f-c1ec7de5da12
RS 18.009 [I],35.7831508,35.6013888,Ugaritic,Alphabetic,Royal Palace,709ac90f-2978-49eb-b89b-0e5734b4cf42
RS 18.009A,35.7831508,35.6013888,Ugaritic,Alphabetic,Royal Palace,68acfcd9-80f2-4389-a78f-11d8176261fb
RS 18.010+,35.78313,35.6013912,Ugaritic,Alphabetic,Royal Palace,1c371902-86a3-4630-a47e-e9c85174bd99
RS 18.011,35.7832183,35.6013529,Ugaritic,Alphabetic,Royal Palace,b05fc580-20e3-4ad4-8db2-0f2c567106b5
RS 18.012,35.783135,35.6014014,Ugaritic,Alphabetic,Royal Palace,4cc5750f-cce8-427f-a69c-f8cd4183492f
RS 18.013B,35.7831485,35.6013673,Ugaritic,Alphabetic,Royal Palace,3c2548d5-8126-4c5f-8abd-b764d4196658
RS 18.013A,35.7831485,35.6013673,Ugaritic,Alphabetic,Royal Palace,9f5644b4-5a41-477f-a2bc-6ee5cb7e198c
RS 18.019,35.7831629,35.6013766,Akkadian,Logosyllabic,Royal Palace,13b0b335-63f5-41f5-976a-f924bec20088
RS 18.020,35.7831177,35.6014081,unknown,unknown,Royal Palace,c1f3099c-2832-4861-90c6-81d93574c50f
RS 18.021,35.7831531,35.6013683,Akkadian,Logosyllabic,Royal Palace,df7db40d-0960-41fd-85b6-0cc5654d1c15
RS 18.022,35.7830811,35.6013876,Akkadian,Logosyllabic,Royal Palace,f79ccc6a-a7e4-4f54-938e-61f8ecd58f51
RS 18.023,35.7830688,35.6014164,Ugaritic,Alphabetic,Royal Palace,0e502c9b-427d-4f33-9494-284f315d9174
RS 18.024,35.7831022,35.6014115,Ugaritic,Alphabetic,Royal Palace,8b9d9d35-1e73-4db7-a863-a2515f04a94f
RS 18.025,35.7831022,35.6014115,Ugaritic,Alphabetic,Royal Palace,0472c7ab-392c-4075-9181-cb8b2269d7b1
RS 18.026,35.7831022,35.6014115,Ugaritic,Alphabetic,Royal Palace,187f4870-7712-4b2a-96ab-027371a6808b
RS 18.027,35.7831022,35.6014115,Ugaritic; Akkadian,Alphabetic; Logosyllabic,Royal Palace,bc41bd23-37c1-482a-a4eb-07b76c43d29c
RS 18.028,35.7831022,35.6014115,Ugaritic,Alphabetic,Royal Palace,d55342d2-7ff3-4e62-a497-387f4466779a
RS 18.028 [B],35.7831022,35.6014115,Ugaritic,Alphabetic,Royal Palace,9713aaf9-2032-4315-9a41-a474c6a998a9
RS 18.028 [A],35.7831022,35.6014115,Ugaritic,Alphabetic,Royal Palace,e0d70e94-7c2a-4217-993f-3783a31bd4e4
RS 18.029,35.7831022,35.6014115,Ugaritic,Alphabetic,Royal Palace,1e2956bc-e064-4fac-b079-026c25ac7f1b
RS 18.030,35.7831022,35.6014115,Ugaritic,Alphabetic,Royal Palace,3fbfccb3-a7bc-471b-bc9d-502225167bd7
RS 18.031,35.7831022,35.6014115,Ugaritic,Alphabetic,Royal Palace,06837c2d-6b8e-4951-a203-841dd2185813
RS 18.032,35.7831022,35.6014115,unknown,unknown,Royal Palace,c2ecd7b0-684c-440c-9860-fca1df21d58c
RS 18.033,35.7831022,35.6014115,Ugaritic,Alphabetic,Royal Palace,6b7c4029-5cd8-4239-af1b-db95ef15bd75
RS 18.034,35.7831022,35.6014115,Ugaritic,Alphabetic,Royal Palace,71475d1c-8bea-4bad-91c7-6f54d7dcf6a9
RS 18.035,35.7831022,35.6014115,Ugaritic,Alphabetic,Royal Palace,d01ed363-4ad2-4ac3-a2c3-8398ba1b4385
RS 18.036,35.7831022,35.6014115,Ugaritic,Alphabetic,Royal Palace,ba950c2b-a899-453c-84dd-b8782633b91b
RS 18.037,35.7831022,35.6014115,Ugaritic,Alphabetic,Royal Palace,a9978086-ed55-4a35-955d-c8ff4f5a555f
RS 18.038,35.7831022,35.6014115,Ugaritic,Alphabetic,Royal Palace,240268e8-82f3-4204-99c9-15444a6e8c3c
RS 18.039,35.7831022,35.6014115,Ugaritic,Alphabetic,Royal Palace,54359a0f-3249-40f4-ac4c-93b55f277a19
RS 18.040,35.7831022,35.6014115,Ugaritic,Alphabetic,Royal Palace,eb758bcd-072c-48a2-a8b1-89763fcbe563
RS 18.041,35.7831022,35.6014115,Ugaritic,Alphabetic,Royal Palace,a11581cd-77c7-437f-8dea-af10d234f892
RS 18.041 [A],35.7831323,35.6014265,Ugaritic,Alphabetic,Royal Palace,6022e34f-e8ea-4bdc-a807-451e8b9ad224
RS 18.042,35.7831022,35.6014115,Ugaritic,Alphabetic,Royal Palace,d20b65ee-bcb6-4bda-93fd-1b3e1392329c
RS 18.043,35.7831022,35.6014115,Ugaritic,Alphabetic,Royal Palace,5833e4fb-e0dd-47f5-938c-9080d9d02384
RS 18.044,35.7831022,35.6014115,Ugaritic,Alphabetic,Royal Palace,3ccc209a-0eba-4246-abed-297c0934d612
RS 18.045,35.7831022,35.6014115,Ugaritic,Alphabetic,Royal Palace,048afebf-572a-467f-b8b3-2862e8b2c581
RS 18.046,35.7831022,35.6014115,Ugaritic,Alphabetic,Royal Palace,0cd4f95b-71d5-4d36-b85a-ad1ed247e9db
RS 18.047,35.7831022,35.6014115,Ugaritic,Alphabetic,Royal Palace,8ab62590-fc61-4174-8b03-b468d5c339bf
RS 18.048,35.7831022,35.6014115,Ugaritic,Alphabetic,Royal Palace,6ef8f3c5-93b4-4ca6-99fe-ff7a83af9bda
RS 18.049,35.7831022,35.6014115,Ugaritic,Alphabetic,Royal Palace,925a0c5d-6cfd-4aac-9140-cbc1a547a1f6
RS 18.049bis,35.7818956,35.6014227,unknown,unknown,Out of Context,b964888f-a7fe-4099-87a7-0336ddb959c6
RS 18.050,35.7831022,35.6014115,Ugaritic,Alphabetic,Royal Palace,def51055-e2f8-48ac-889e-3ed9861393c7
RS 18.051,35.7831022,35.6014115,Ugaritic,Alphabetic,Royal Palace,337971be-f402-4c76-9340-ff0f94b80734
RS 18.052,35.7831022,35.6014115,Ugaritic,Alphabetic,Royal Palace,e85d2d7a-12b9-4f8d-8724-345b49d56d2c
RS 18.053,35.7829669,35.601596,Akkadian,Logosyllabic,Royal Palace,8e11c653-53ce-42e7-9946-ea9610d91751
RS 18.054,35.7830793,35.6013147,Akkadian,Logosyllabic,Between the Royal Palace and the Southern Palace,80634924-3e71-44d8-8e61-583018099884
RS 18.054B,35.7830793,35.6013147,Akkadian,Logosyllabic,Between the Royal Palace and the Southern Palace,332ef85d-122a-4f03-a7d6-e97bdf09403c
RS 18.054A,35.7830793,35.6013147,Akkadian,Logosyllabic,Between the Royal Palace and the Southern Palace,81c402bb-b1d4-48f8-b313-5fb8483cd701
RS 18.055,35.7829261,35.6015795,Ugaritic,Alphabetic,Royal Palace,85abbb9a-5510-490a-83a7-bad9bc19f3a8
RS 18.056,35.783119,35.6014601,Ugaritic,Alphabetic,Royal Palace,535308ef-ef6b-4de7-8a64-5af997b9e8a0
RS 18.056A,35.783119,35.6014601,unknown,unknown,Royal Palace,6adb8879-9ada-470d-b5d1-75bd70b34ac3
RS 18.057,35.7830764,35.6013251,Akkadian,Logosyllabic,Between the Royal Palace and the Southern Palace,4b4425cd-9c4a-4da0-a396-4160e69c46a6
RS 18.070,35.7830606,35.6014109,unknown,unknown,Royal Palace,ecde93c2-89b0-4c3f-b320-1cb58a126a4a
RS 18.072,35.7831022,35.6014115,Ugaritic,Alphabetic,Royal Palace,c0647ec3-ddd7-4964-ae72-5fac10b9ac98
RS 18.073,35.7831022,35.6014115,Ugaritic,Alphabetic,Royal Palace,4e37dd07-2b62-4c49-a8f7-0d7133f9e44d
RS 18.074,35.7831022,35.6014115,Ugaritic,Alphabetic,Royal Palace,389dbbe7-6801-4167-8bc6-49a0591ce9a4
RS 18.074 [B],35.7831022,35.6014115,Ugaritic,Alphabetic,Royal Palace,cdaf902a-6dbe-4d67-a182-db283d271827
RS 18.074 [A],35.7831022,35.6014115,Ugaritic,Alphabetic,Royal Palace,6d9ef910-4c87-437f-a189-0bb780acacf7
RS 18.075,35.7831022,35.6014115,Ugaritic,Alphabetic,Royal Palace,eb7d3949-e000-426f-a050-9266c3f17aa9
RS 18.076,35.7831022,35.6014115,Ugaritic,Alphabetic,Royal Palace,73787945-385c-43ea-b707-cfe0e07d33be
RS 18.077,35.7831022,35.6014115,Ugaritic,Alphabetic,Royal Palace,f3c85f29-35d2-43d9-afb2-08df5f9598d1
RS 18.078,35.7831022,35.6014115,Ugaritic,Alphabetic,Royal Palace,ab4d5e67-f9d7-432c-9241-95882dc97c13
RS 18.079,35.7831022,35.6014115,Ugaritic,Alphabetic,Royal Palace,3d419200-795f-46b5-a138-5e45e554fbbe
RS 18.080 [C],35.7831022,35.6014115,unknown,unknown,Royal Palace,3b4fffeb-5b27-4863-b044-d2640b0229e3
RS 18.080B,35.7831022,35.6014115,Ugaritic,Alphabetic,Royal Palace,f5ae0d2a-b39c-47b9-b18c-abbe86e31f68
RS 18.080A,35.7831022,35.6014115,Ugaritic,Alphabetic,Royal Palace,744e4279-7505-4f25-b11f-4e2c6ded4af3
RS 18.081,35.7831022,35.6014115,Ugaritic,Alphabetic,Royal Palace,3557ff42-df75-47c6-be9a-cd109c2bf23f
RS 18.082,35.7831022,35.6014115,Ugaritic,Alphabetic,Royal Palace,240acc3d-125e-4bb8-8d59-5c04c16bb165
RS 18.083,35.7831022,35.6014115,Ugaritic,Alphabetic,Royal Palace,639cbd1f-15e4-4d95-bb9a-24a88158eed4
RS 18.084,35.7831022,35.6014115,Ugaritic,Alphabetic,Royal Palace,720a3da8-c3a1-4d78-888a-e3b7e9e12840
RS 18.085,35.7831022,35.6014115,Ugaritic,Alphabetic,Royal Palace,d716cbab-cf64-4bf5-8d62-a21d1ea923af
RS 18.086,35.7831022,35.6014115,Ugaritic,Alphabetic,Royal Palace,a155ca6a-fec6-4fcf-9160-6241ef4483cf
RS 18.087,35.7831022,35.6014115,Ugaritic,Alphabetic,Royal Palace,125e7971-2e1e-4e97-a607-113b6d0030af
RS 18.089,35.7830436,35.6013121,Akkadian,Logosyllabic,Between the Royal Palace and the Southern Palace,c9f8d8e0-fa7b-4518-8031-b54754c1b07b
RS 18.090,35.783029,35.6013023,Akkadian,Logosyllabic,Between the Royal Palace and the Southern Palace,d06a4c02-858d-4e1a-a926-9624716afc3e
RS 18.098,35.7831022,35.6014115,Ugaritic,Alphabetic,Royal Palace,654773b7-692b-4a31-b107-d716715a4831
RS 18.099,35.7830296,35.6014721,Ugaritic,Alphabetic,Royal Palace,54337785-60b1-45f5-a2c7-be753f51ba9f
RS 18.100,35.7831508,35.6017538,Akkadian,Logosyllabic,Royal Palace,fe3a0b2e-0adb-4dea-9714-f73141d6f573
RS 18.101B,35.7830776,35.6013195,Akkadian,Logosyllabic,Between the Royal Palace and the Southern Palace,2e9f55ad-9c2c-49c7-8702-dd39aca24611
RS 18.101A,35.7830776,35.6013195,Akkadian,Logosyllabic,Between the Royal Palace and the Southern Palace,67cb89aa-004f-46b9-9925-b563638abc5b
RS 18.102,35.7836302,35.601434,Ugaritic; Akkadian,Alphabetic; Logosyllabic,Royal Palace,559070bf-9c47-45b8-be15-a83e49b5ce4b
RS 18.106+,35.7835837,35.6013721,Ugaritic,Alphabetic,Royal Palace,05465899-21f3-431e-8564-f67341fab82c
RS 18.107,35.7827699,35.6015327,Ugaritic,Alphabetic,Royal Palace,b859f5fb-b48e-4a54-8c57-f2aed75dd974
RS 18.108,35.7829642,35.6015692,Ugaritic,Alphabetic,Royal Palace,45cabe69-6d46-4346-8d52-51d1508bfc7b
RS 18.109,35.7830267,35.6014693,Ugaritic,Alphabetic,Royal Palace,252a65a6-43ba-46a9-b314-1dce0c374779
RS 18.110,35.7835914,35.6013462,Ugaritic,Alphabetic,Royal Palace,4fa61235-f477-43d3-98cd-9ac8cf3d1059
RS 18.111,35.7836252,35.6013753,Ugaritic,Alphabetic,Royal Palace,88ac9b71-5e8a-46ab-9b15-5459c062ae65
RS 18.112,35.7828938,35.6015358,Ugaritic,Alphabetic,Royal Palace,faf85696-4c75-46b0-9127-daefd774badc
RS 18.113,35.7829327,35.6015237,Ugaritic,Alphabetic,Royal Palace,b06b7508-481d-4c77-9086-7168847367ea
RS 18.113 [B],35.7829391,35.6015359,Ugaritic,Alphabetic,Royal Palace,57856cee-4ce4-4cba-878d-3b6e68f74548
RS 18.113A+,35.7829391,35.6015359,Ugaritic,Alphabetic,Royal Palace,a6ad4f4d-f83e-4548-810f-2483ba7d07a0
RS 18.114,35.783223,35.6012891,Akkadian,Logosyllabic,Southern Palace,c907b529-4d7f-45d4-97c3-6708cad1e8ed
RS 18.115,35.7830368,35.6013928,Akkadian,Logosyllabic,Royal Palace,a3cc473c-98f8-41d2-b93c-c7f8c21d0766
RS 18.116,35.7828926,35.6015332,Akkadian,Logosyllabic,Royal Palace,07c3f7d2-60a7-4301-a2f3-571d18edcb7d
RS 18.117,35.7830523,35.6014851,Ugaritic,Alphabetic,Royal Palace,2c946f66-7e4a-4f19-a97b-794debb56cd2
RS 18.118,35.7830497,35.6014888,Ugaritic,Alphabetic,Royal Palace,661c4f87-cce5-41e9-863b-ba7ae8026935
RS 18.119,35.7830497,35.6014888,Ugaritic,Alphabetic,Royal Palace,f717098c-b2e7-420f-8af2-de50cdc85652
RS 18.128,35.7831087,35.601426,unknown,unknown,Royal Palace,9559b8ad-3e45-44c7-a89f-2362bd6e8577
RS 18.129,35.7831022,35.6014115,Ugaritic,Alphabetic,Royal Palace,ede9a91b-4130-405c-bf90-bce81b005fc5
RS 18.130,35.7831022,35.6014115,Ugaritic,Alphabetic,Royal Palace,f500e631-45e9-426a-934a-a92f56a3f005
RS 18.131+,35.7831022,35.6014115,Ugaritic,Alphabetic,Royal Palace,722f35e7-4f5e-4964-ac6f-e1a345842a8f
RS 18.132,35.7831022,35.6014115,Ugaritic,Alphabetic,Royal Palace,b9420529-817b-4e65-9e18-bfb57fd9f820
RS 18.133,35.7831022,35.6014115,Ugaritic,Alphabetic,Royal Palace,deb83449-287b-406f-afae-ac0f264adcf4
RS 18.134,35.7831022,35.6014115,Ugaritic,Alphabetic,Royal Palace,9df1ab5f-3a29-4e44-ba36-6f5d143c7527
RS 18.135,35.7831022,35.6014115,Ugaritic,Alphabetic,Royal Palace,fa101d54-e201-4fd6-a30d-b06d1d555263
RS 18.136,35.7831022,35.6014115,Ugaritic,Alphabetic,Royal Palace,901ad3a9-3d60-4f78-80ea-5cc39f65240e
RS 18.137,35.7831022,35.6014115,Ugaritic,Alphabetic,Royal Palace,68a1e78b-2713-43a2-a784-2c29d4070aea
RS 18.138,35.7831022,35.6014115,Ugaritic,Alphabetic,Royal Palace,ec76e366-746a-4154-8c07-b3e612c1cd08
RS 18.139,35.7831022,35.6014115,Ugaritic,Alphabetic,Royal Palace,c15c6ef4-fd4f-4052-8549-e42c41f2acfd
RS 18.140,35.7831022,35.6014115,Ugaritic,Alphabetic,Royal Palace,71c68200-e845-4827-857e-bd44d89340bb
RS 18.140 [C],35.7831022,35.6014115,Ugaritic,Alphabetic,Royal Palace,641edab7-e73e-41cf-bb96-9dd243e95a9e
RS 18.140 [E],35.7831022,35.6014115,Ugaritic,Alphabetic,Royal Palace,ff9805d1-7b9e-4194-a245-2481d4628863
RS 18.140 [B],35.7831022,35.6014115,Ugaritic,Alphabetic,Royal Palace,4748e05b-2ee0-4f16-9ed2-a65fc244b84d
RS 18.140 [D],35.7831022,35.6014115,Ugaritic,Alphabetic,Royal Palace,fa41b13b-c324-4269-9ec1-79e988cb0eef
RS 18.140 [A],35.7831022,35.6014115,Ugaritic,Alphabetic,Royal Palace,6a1dcbb6-d523-434f-a085-386c57ff2f1f
RS 18.141,35.7831022,35.6014115,Ugaritic,Alphabetic,Royal Palace,fb166d7c-0706-491a-a0d9-245d730f2a7a
RS 18.142,35.7831022,35.6014115,Ugaritic,Alphabetic,Royal Palace,aeeaae30-56c8-4cf6-9c2f-19e0e5b1e34d
RS 18.143 [C],35.7831022,35.6014115,Ugaritic,Alphabetic,Royal Palace,cb24a26c-aa49-4a84-9ca3-a383f5ca0397
RS 18.143 [E],35.7831022,35.6014115,unknown,unknown,Royal Palace,2bd166af-df38-458f-b224-1ae8854bc8f0
RS 18.143 [B],35.7831022,35.6014115,Ugaritic,Alphabetic,Royal Palace,1621b71c-6a73-4d7f-b44a-04bba5975852
RS 18.143 [D],35.7831022,35.6014115,Ugaritic,Alphabetic,Royal Palace,9e1bb0b4-6365-4610-9c38-2cfc6d8afba6
RS 18.143 [A],35.7831022,35.6014115,Ugaritic,Alphabetic,Royal Palace,deeb31b6-b5c4-464f-b52f-1f97413fdec8
RS 18.144,35.7831022,35.6014115,Ugaritic,Alphabetic,Royal Palace,d6285090-f9a8-43dd-81bc-e739af19a7a6
RS 18.145 [C],35.7831022,35.6014115,Ugaritic,Alphabetic,Royal Palace,e34343e6-9af5-4310-8e37-94a996124ad4
RS 18.145 [B],35.7831022,35.6014115,Akkadian,Logosyllabic,Royal Palace,140dec3e-c3f4-487c-9118-b84ad5fb8cda
RS 18.145 [A],35.7831022,35.6014115,Akkadian,Logosyllabic,Royal Palace,b9e6f867-ace4-401a-af03-54dfe4b46e76
RS 18.146,35.7831022,35.6014115,Ugaritic,Alphabetic,Royal Palace,c01217d6-24ea-4861-be8c-1a6a8b3bcf2b
RS 18.146bis,35.7831022,35.6014115,Ugaritic,Alphabetic,Royal Palace,9504de3e-8c26-434c-9913-bde40f982e62
RS 18.147,35.7831022,35.6014115,Ugaritic,Alphabetic,Royal Palace,f8ef3b18-715a-40a8-a89e-110a80f0848d
RS 18.148,35.7831022,35.6014115,Ugaritic,Alphabetic,Royal Palace,ed6c4c1a-f1df-4e1a-b09d-1b545d87e068
RS 18.160,35.7836448,35.6015226,Egyptian,Hieroglyphic,Royal Palace,32c337aa-5c95-4f2d-8258-23f217c7203b
RS 18.161,35.7836448,35.6015226,Egyptian,Hieroglyphic,Royal Palace,457fb6de-8568-455b-a4c4-39823da75980
RS 18.177,35.7818956,35.6014227,unknown,unknown,Out of Context,1457f3d3-642a-4286-a5f9-d121cf715b02
RS 18.250 [C],35.7831022,35.6014115,Ugaritic,Alphabetic,Royal Palace,4a0bc3a5-2070-483c-ac3c-cdb8d2ec63c6
RS 18.250 [D],35.7831384,35.6014484,Ugaritic,Alphabetic,Royal Palace,86b297ff-0912-4738-8919-e42bb348728f
RS 18.250B,35.7831022,35.6014115,Ugaritic,Alphabetic,Royal Palace,d7014dd0-885e-4f2b-a4e3-aef7bf20d509
RS 18.250A,35.7831022,35.6014115,Ugaritic,Alphabetic,Royal Palace,8e15da76-3c2a-4417-8312-023545867ff8
RS 18.251,35.7831022,35.6014115,Ugaritic,Alphabetic,Royal Palace,e70aae74-97cd-43cf-8249-a1be72126f41
RS 18.251 [C],35.7831022,35.6014115,Ugaritic,Alphabetic,Royal Palace,2c4ac026-c688-4732-b3db-14ead4cb480a
RS 18.251 [B],35.7831022,35.6014115,Ugaritic,Alphabetic,Royal Palace,991fb673-48f4-421f-b34f-392000991e7f
RS 18.251 [A],35.7831022,35.6014115,Ugaritic,Alphabetic,Royal Palace,3c8458a6-ed69-4d2a-9a0e-960c73270a10
RS 18.252,35.7826859,35.6020036,Ugaritic; Akkadian,Alphabetic; Logosyllabic,Royal Palace,16123b1b-e64f-4079-ad7a-e6806c34dfea
RS 18.258,35.78304,35.6014182,Ugaritic,Alphabetic,Royal Palace,dd7db8d0-c60d-4f95-bc9a-03545e54972b
RS 18.264,35.7831188,35.6014141,Akkadian,Logosyllabic,Royal Palace,65240a79-15fe-4075-81dc-aac448328cfc
RS 18.265 [B],35.7831317,35.6014097,Ugaritic,Alphabetic,Royal Palace,c7896671-0620-4cb0-b7be-5f440122b0fe
RS 18.265 [A],35.7831317,35.6014097,Akkadian,Logosyllabic,Royal Palace,ca0461fc-0868-4158-8516-ce238e44cb78
RS 18.266,35.7830766,35.6013285,Akkadian,Logosyllabic,Between the Royal Palace and the Southern Palace,dab78347-b275-4b58-82b4-98a46bd891a5
RS 18.267,35.7830766,35.6013285,Akkadian,Logosyllabic,Between the Royal Palace and the Southern Palace,0958363e-5448-49e7-947f-34a582b5b130
RS 18.268,35.7830766,35.6013285,Akkadian,Logosyllabic,Between the Royal Palace and the Southern Palace,53b00a98-bc8f-4b12-8ca1-c2950b7ad0c5
RS 18.269,35.7830766,35.6013285,Akkadian,Logosyllabic,Between the Royal Palace and the Southern Palace,303a9d64-bfca-40ed-add6-be849c5c3a19
RS 18.270,35.7830435,35.6013138,Akkadian,Logosyllabic,Between the Royal Palace and the Southern Palace,5750675a-9bb7-408f-a5d5-81bbfff67fa3
RS 18.271,35.783044,35.6013123,Akkadian,Logosyllabic,Between the Royal Palace and the Southern Palace,ac1340e4-68a8-4bee-bd7f-f33ab0c48255
RS 18.272,35.783044,35.6013123,Akkadian,Logosyllabic,Between the Royal Palace and the Southern Palace,803e7f12-65aa-4009-bd57-bb3c206395b2
RS 18.273,35.7831022,35.6014115,Akkadian,Logosyllabic,Royal Palace,e8b31bcb-ec94-4de0-8132-ab6f466ce25b
RS 18.273A,35.7831022,35.6014115,Akkadian,Logosyllabic,Royal Palace,da9b8ce0-2a8d-4452-8754-175f244be9a0
RS 18.274,35.7831485,35.6013717,Akkadian,Logosyllabic,Royal Palace,a7dccdee-1574-4dad-8343-e5471e420183
RS 18.275,35.7831485,35.6013717,Akkadian,Logosyllabic,Royal Palace,956f299d-ff15-4b52-a06a-da5153496f44
RS 18.276,35.7830873,35.6013233,unknown,unknown,Between the Royal Palace and the Southern Palace,6049dd67-2f4a-4b49-b53b-1cfab8fbe932
RS 18.276 [A],35.7830873,35.6013233,Akkadian,Logosyllabic,Between the Royal Palace and the Southern Palace,92b58765-9506-47bd-ba44-e5fe577f894f
RS 18.277,35.7830873,35.6013233,unknown,unknown,Between the Royal Palace and the Southern Palace,8ce6cf9d-a3ba-4d80-b6f9-fb5268b55bfb
RS 18.277 [C],35.7830873,35.6013233,Akkadian,Logosyllabic,Between the Royal Palace and the Southern Palace,16157d4f-e304-4f10-8780-4d1e6d168982
RS 18.277 [B],35.7830873,35.6013233,Ugaritic,Alphabetic,Between the Royal Palace and the Southern Palace,bd914c16-53b4-43bb-853c-fd99a1f58c58
RS 18.277 [A],35.7830873,35.6013233,Akkadian,Logosyllabic,Between the Royal Palace and the Southern Palace,912ebd9e-c13c-4ca5-ba2b-e85cdba4be87
RS 18.279C,35.7830523,35.6014851,Akkadian,Logosyllabic,Royal Palace,8999a85c-8f23-46f6-9d0d-b5c744d6f6bf
RS 18.279E,35.7830523,35.6014851,Akkadian,Logosyllabic,Royal Palace,2e6be292-4bcd-4546-8f1a-e867ad6d78ac
RS 18.279B,35.7830523,35.6014851,Akkadian,Logosyllabic,Royal Palace,a625a631-c9d9-47da-a074-60f4ee462d27
RS 18.279D,35.7830523,35.6014851,Akkadian,Logosyllabic,Royal Palace,f7507393-fd74-4708-be01-6fd338da27af
RS 18.279A,35.7830523,35.6014851,Akkadian,Logosyllabic,Royal Palace,c94f43aa-1581-44c7-901f-fc4779d82535
RS 18.280,35.783105,35.6014199,Akkadian,Logosyllabic,Royal Palace,4a000546-7964-46b7-a39e-3e884aa74077
RS 18.281,35.7830207,35.601473,Akkadian,Logosyllabic,Royal Palace,f46bf248-0e16-42e3-b9ba-fdcefed6417a
RS 18.282,35.7830295,35.6014643,Hurrian,Logosyllabic,Royal Palace,aaef4cb2-ca72-46d4-946d-6d0535aa48d9
RS 18.283 [C],35.7830333,35.6014658,Akkadian,Logosyllabic,Royal Palace,71ec33f5-2c20-4d8b-9ad2-c752d75b4a5b
RS 18.283B,35.7830333,35.6014658,Akkadian,Logosyllabic,Royal Palace,e5106822-0e3c-495e-9e41-36676d6dab89
RS 18.283A,35.7830333,35.6014658,Akkadian,Logosyllabic,Royal Palace,195ec415-4b3f-409e-a934-d6743bb18b2c
RS 18.284,35.7831354,35.6014445,Akkadian,Logosyllabic,Royal Palace,f3f1bbc9-5762-407e-88d7-c0302d3c6206
RS 18.285,35.7837675,35.6018073,Akkadian,Logosyllabic,Royal Palace,0819de46-725e-49d9-bb75-eca5e653f9e0
RS 18.285 [A],35.7823659,35.6016876,Ugaritic,Alphabetic,Royal Palace,693a6bb4-f087-4798-9501-c467f1a09862
RS 18.286 [B],35.7823659,35.6016876,Ugaritic,Alphabetic,Royal Palace,3cd8b96f-c1e5-497b-af7a-3a9a453cdd46
RS 18.286 [A]+,35.7823659,35.6016876,Ugaritic,Alphabetic,Royal Palace,0c8dfac4-df41-446a-9b1b-96e9749b6b4f
RS 18.287,35.7823659,35.6016876,Ugaritic,Alphabetic,Royal Palace,aee12568-2e62-4018-862e-e7b046c1aa08
RS 18.288,35.7823659,35.6016876,Ugaritic,Alphabetic,Royal Palace,910d02dc-9890-4965-b2d9-aa88fa7d30cc
RS 18.289,35.7823659,35.6016876,Ugaritic,Alphabetic,Royal Palace,ab6ec91d-93a9-4cf4-8ecd-0e444b574ef8
RS 18.290,35.7830409,35.6014806,Ugaritic,Alphabetic,Royal Palace,44235a22-fdc6-4a48-b0d2-3147b606ecc6
RS 18.291,35.7823659,35.6016876,Ugaritic,Alphabetic,Royal Palace,327a59c5-d19e-4501-8353-844f5307658c
RS 18.293+,35.7823659,35.6016876,Ugaritic,Alphabetic,Royal Palace,c5a87f22-b551-4859-9442-55b25adcb4c5
RS 18.295,35.7823659,35.6016876,Ugaritic,Alphabetic,Royal Palace,44c61ac3-ec1e-4125-9bae-f77aa7dca2b2
RS 18.296,35.7823659,35.6016876,Ugaritic,Alphabetic,Royal Palace,7346d027-3a23-4ccf-b744-b9d3114160fc
RS 18.296 [A],35.7823659,35.6016876,Ugaritic,Alphabetic,Royal Palace,0ed44c2a-dae4-4993-a99c-1376a8adc19f
RS 18.297,35.7823659,35.6016876,Ugaritic,Alphabetic,Royal Palace,390346ae-69c1-4e36-a26e-8896882dfeca
RS 18.298,35.78303,35.6014368,Ugaritic,Alphabetic,Royal Palace,25d260bf-4954-483f-b412-6cea1810f667
RS 18.299,35.7823659,35.6016876,Ugaritic,Alphabetic,Royal Palace,4ee7a6d3-d9fe-404f-8664-3c21ec9953a6
RS 18.300,35.7823659,35.6016876,Ugaritic,Alphabetic,Royal Palace,3cc02f9d-b9b6-415e-93d1-a7572e5ad688
RS 18.301 [C],35.781993,35.6014534,Ugaritic,Alphabetic,Without Locus,274296f0-bd8f-44bd-851f-072c517d6cf8
RS 18.301 [B],35.7835837,35.6013721,Ugaritic,Alphabetic,Royal Palace,d08cb82c-62e0-4ff8-9adc-e349bedf3d78
RS 18.301 [A],35.7823659,35.6016876,Ugaritic,Alphabetic,Royal Palace,b5a5ea7c-ab99-4ec9-9506-e658d2efe8af
RS 18.[303],35.7818307,35.601629,Ugaritic,Alphabetic,unknown,5378f994-a0c7-4ba8-af7e-900c304e47f7
RS 18.[304],35.7818307,35.601629,Ugaritic,Alphabetic,unknown,f0bf6897-117d-4c3c-ae38-2d245eb46220
RS 18.[305],35.7818307,35.601629,Ugaritic,Alphabetic,unknown,0d899ebf-44b9-49fa-826a-300c026e0669
RS 18.[306],35.7818307,35.601629,Ugaritic; Akkadian,Alphabetic; Logosyllabic,unknown,0a30e0b3-899f-4df3-98b9-aa7a90dc02a4
RS 18.[307],35.7818307,35.601629,Ugaritic,Alphabetic,unknown,be7e7468-df88-4135-a851-353006148346
RS 18.[308],35.7818307,35.601629,Ugaritic,Alphabetic,unknown,a824eb6e-365b-40dd-8342-99d3c62a0c9b
RS 18.[309],35.7818307,35.601629,Ugaritic,Alphabetic,unknown,14395ef0-9036-4cd9-b057-d12fbe5cffe5
RS 18.[310],35.7831022,35.6014115,Akkadian,Logosyllabic,Royal Palace,7182f682-a6ad-4064-8029-6efc45d7c936
RS 18.[311],35.7831022,35.6014115,Akkadian,Logosyllabic,Royal Palace,33e40707-9582-454b-9c3c-c9d3f567888d
RS 18.[312],35.7831022,35.6014115,Ugaritic,Alphabetic,Royal Palace,80a181fe-2d9b-4269-a033-e10460cd0a65
RS 18.[313],35.7831022,35.6014115,Akkadian,Logosyllabic,Royal Palace,7c1409fc-2d8f-4cf1-8373-8b29ae26fd8d
RS 18.[314],35.7831022,35.6014115,Ugaritic,Alphabetic,Royal Palace,0c52553e-7ad5-48ef-9a37-01a3d5148450
RS 18.[315],35.7831022,35.6014115,Ugaritic,Alphabetic,Royal Palace,33abdb70-8f96-412f-8549-b066f4dfbb57
RS 18.[316],35.7831022,35.6014115,Ugaritic,Alphabetic,Royal Palace,f78f014a-58c8-46f5-a9b0-a308f0e93a9a
RS 18.[317],35.7831022,35.6014115,Ugaritic,Alphabetic,Royal Palace,df1d8543-ec58-4ee2-8bd0-cd74d311a035
RS 18.[318],35.7831022,35.6014115,Ugaritic,Alphabetic,Royal Palace,b5fbf217-f344-4b41-bef6-ea600db7b032
RS 18.[319],35.7831022,35.6014115,Ugaritic,Alphabetic,Royal Palace,e3e52af8-1aa2-43b2-b9f6-fcbad6f17678
RS 18.[320],35.7831022,35.6014115,Ugaritic,Alphabetic,Royal Palace,f19ffd31-37e1-468d-96ff-11f5f97940cd
RS 18.[321],35.7831022,35.6014115,Ugaritic,Alphabetic,Royal Palace,1dc1be32-7f34-463d-b28a-b17c8c442d0c
RS 18.[322],35.7831022,35.6014115,Ugaritic,Alphabetic,Royal Palace,d2b11d5f-5937-478e-92ae-1a3527b93c3b
RS 18.[323],35.7831022,35.6014115,Ugaritic,Alphabetic,Royal Palace,399d1ccd-008e-42e0-ae7f-c4c868da402e
RS 18.[324],35.7831022,35.6014115,Ugaritic,Alphabetic,Royal Palace,7b8af7a1-f2f5-49d4-ae00-47b38f9b779c
RS 18.[325]+,35.7831022,35.6014115,Ugaritic,Alphabetic,Royal Palace,9ef1ad5c-26cb-4d36-ad72-9d76e2d47597
RS 18.[326],35.7831022,35.6014115,Ugaritic,Alphabetic,Royal Palace,e7c85ac5-5790-467a-9fef-0a8c41d2e411
RS 18.[327],35.7831022,35.6014115,Ugaritic,Alphabetic,Royal Palace,d8750446-5872-4404-9106-7e315fbafd92
RS 18.[328],35.7831022,35.6014115,Ugaritic,Alphabetic,Royal Palace,5cfc7ac2-a01c-4c86-a24f-6e914d2cd57c
RS 18.[329],35.7831022,35.6014115,Ugaritic,Alphabetic,Royal Palace,17aeff9c-f959-4ccf-9f83-0ef4fb25657a
RS 18.[330],35.7831022,35.6014115,Ugaritic,Alphabetic,Royal Palace,be37085a-6a35-4cbb-9b7b-3df88d1d99e6
RS 18.[331],35.7831022,35.6014115,Ugaritic,Alphabetic,Royal Palace,196b1912-b89d-4f7b-9c47-d57070373b8e
RS 18.[332],35.7831022,35.6014115,Ugaritic,Alphabetic,Royal Palace,611bcc1f-96b3-4a63-bafc-5b7b7d5f80ac
RS 18.[333],35.7831022,35.6014115,Ugaritic,Alphabetic,Royal Palace,655cc987-3772-4155-b486-b5b8083bb5b8
RS 18.[334],35.7831022,35.6014115,Ugaritic,Alphabetic,Royal Palace,c3c09ad2-4269-46bc-8f7f-74804415f403
RS 18.[335],35.7831022,35.6014115,Ugaritic,Alphabetic,Royal Palace,79b5d0b0-dcbf-482f-bdc8-e4c7836ae0f6
RS 18.[336],35.7831022,35.6014115,Ugaritic,Alphabetic,Royal Palace,dd63c9fe-72d3-430f-bc7c-52a18a0fe9cf
RS 18.[337],35.7831022,35.6014115,Ugaritic,Alphabetic,Royal Palace,278e8122-4296-4adc-afb9-196588efd1e9
RS 18.[338],35.7831022,35.6014115,Ugaritic,Alphabetic,Royal Palace,b48a0a34-e138-4496-92b4-f6b98f8f9fd4
RS 18.[339],35.7831022,35.6014115,Ugaritic,Alphabetic,Royal Palace,2b7b5e0b-d11a-4e45-8c76-3de61623e67e
RS 18.[340],35.7831022,35.6014115,Ugaritic,Alphabetic,Royal Palace,7d2c4863-82fc-4973-b1dc-6cf8d973b9a1
RS 18.[341],35.7831022,35.6014115,Ugaritic,Alphabetic,Royal Palace,014b7a51-170c-45a4-88b3-18d93688924e
RS 18.[342],35.7831022,35.6014115,Ugaritic,Alphabetic,Royal Palace,e1bc0044-6529-4ae8-862a-676a54f5b6c9
RS 18.[343],35.7831022,35.6014115,Ugaritic,Alphabetic,Royal Palace,b7f5c354-80f3-456a-bc0d-eeeb0d58b898
RS 18.[344],35.7831022,35.6014115,Ugaritic,Alphabetic,Royal Palace,cb82dce2-8cca-4ec3-8d46-c84563e5a719
RS 18.[345],35.7831022,35.6014115,Ugaritic,Alphabetic,Royal Palace,f621b47e-b467-4ae4-b719-afe8a3da5443
RS 18.[346],35.7831022,35.6014115,Ugaritic,Alphabetic,Royal Palace,5d065c8c-1c34-42c9-9713-f5d990b36d9d
RS 18.[347],35.7831022,35.6014115,Ugaritic,Alphabetic,Royal Palace,c0f7b04c-e24a-4159-8a5a-f41fba7b2f70
RS 18.[348],35.7831022,35.6014115,Ugaritic,Alphabetic,Royal Palace,4a525518-d953-4d15-aa6d-32fe0ca0e454
RS 18.[349],35.7831022,35.6014115,Ugaritic,Alphabetic,Royal Palace,b8a1fd55-d09a-41b1-aac9-25b6aa9e0c96
RS 18.[350],35.7831022,35.6014115,Ugaritic,Alphabetic,Royal Palace,3fa264c2-7198-45e3-8388-b03b8b7e799f
RS 18.[351],35.7831022,35.6014115,Ugaritic,Alphabetic,Royal Palace,34b2e262-6268-4aef-9bce-1ec8b254c92c
RS 18.[352],35.7831022,35.6014115,Ugaritic,Alphabetic,Royal Palace,1f1dcb39-864b-4aa6-bada-e50c52dc4eba
RS 18.[353],35.7831022,35.6014115,Ugaritic,Alphabetic,Royal Palace,32ba0b33-4f28-412d-a2f8-9e1bbd51bcea
RS 18.[354],35.7831022,35.6014115,Ugaritic,Alphabetic,Royal Palace,b1382392-b508-4f1a-ad49-3536ee76065b
RS 18.[355],35.7831022,35.6014115,Ugaritic,Alphabetic,Royal Palace,b2ad8390-f145-44a5-a3c0-9e485571236a
RS 18.[356],35.7831022,35.6014115,Ugaritic,Alphabetic,Royal Palace,1e08ca74-f8ef-45d7-8dbf-aa06dccf08b2
RS 18.[357],35.7831022,35.6014115,Ugaritic,Alphabetic,Royal Palace,d2509259-8a6b-42ed-b27a-9b19ffbf0c19
RS 18.[358],35.7831022,35.6014115,Ugaritic,Alphabetic,Royal Palace,9e706cf5-b3ae-4480-bf16-241833bc5f5b
RS 18.[359],35.7831022,35.6014115,Ugaritic,Alphabetic,Royal Palace,5cc76403-ef0c-46a6-9559-6d211a01f402
RS 18.[360],35.7831022,35.6014115,Ugaritic,Alphabetic,Royal Palace,ee935564-da1a-4f9f-9953-1bdcbd47e13a
RS 18.[361],35.7831022,35.6014115,Ugaritic,Alphabetic,Royal Palace,263e6c1b-a5a1-4be0-9fec-1e3e1e7917e6
RS 18.[362],35.7831022,35.6014115,Ugaritic,Alphabetic,Royal Palace,63c7382e-30a7-466b-a7df-43cbfc76c6ce
RS 18.[363],35.7831022,35.6014115,Ugaritic,Alphabetic,Royal Palace,ba9db5f7-0b41-447a-8a71-bf2b251ea5bc
RS 18.[364],35.7831022,35.6014115,Ugaritic,Alphabetic,Royal Palace,f658d3b8-1640-45a1-93b7-f7a5a601bf04
RS 18.[365],35.7831022,35.6014115,Ugaritic,Alphabetic,Royal Palace,b95bbeca-09a8-4e49-a24f-b6d2859b3a9d
RS 18.[366],35.7831022,35.6014115,Ugaritic,Alphabetic,Royal Palace,3833c5a2-2f15-42c0-b211-9fbba9a8ac2f
RS 18.[367],35.7831022,35.6014115,Ugaritic,Alphabetic,Royal Palace,bca8e17a-7f25-4ba6-a154-46e91a671222
RS 18.[368],35.7831022,35.6014115,Ugaritic,Alphabetic,Royal Palace,37ff5795-2184-4a28-9873-c913381f28ce
RS 18.[369],35.7831022,35.6014115,Ugaritic,Alphabetic,Royal Palace,7f4cf272-2efc-4f73-b64d-76b264b2d700
RS 18.[370],35.7831022,35.6014115,Ugaritic,Alphabetic,Royal Palace,542cad6f-b413-4b72-ba36-ab54ae243880
RS 18.[371],35.7831022,35.6014115,Ugaritic,Alphabetic,Royal Palace,59c850b5-8f35-43a7-8b14-5dc92adff6b4
RS 18.[372],35.7831022,35.6014115,Ugaritic,Alphabetic,Royal Palace,bf594d1c-7bf7-489b-af46-487f860f7185
RS 18.[373],35.7831022,35.6014115,Ugaritic,Alphabetic,Royal Palace,360a7842-e1f7-43c4-98bf-d5a4bda76d49
RS 18.[374],35.7831022,35.6014115,Ugaritic,Alphabetic,Royal Palace,9ff14477-9197-4268-9161-938091c732bc
RS 18.[375],35.7818307,35.601629,Ugaritic,Alphabetic,unknown,0c4f4add-961d-4b4b-8aa4-a610e21dee71
RS 18.[376],35.7818307,35.601629,Ugaritic,Alphabetic,unknown,8b002219-9d53-4761-9de9-1297154bf891
RS 18.[377],35.7818307,35.601629,Ugaritic,Alphabetic,unknown,9ee4b812-cdee-4c08-9bf7-4b8cbc8076e7
RS 18.[378],35.7818307,35.601629,Ugaritic,Alphabetic,unknown,3685d225-aeda-42fd-a135-03fa873a0509
RS 18.[379],35.7818307,35.601629,Ugaritic,Alphabetic,unknown,aed60da1-c758-4928-b7e1-7d6aded5b840
RS 18.[380],35.7818307,35.601629,Ugaritic,Alphabetic,unknown,88c32d7e-47c8-49ca-97fe-99cca5974340
RS 18.[381],35.7818307,35.601629,Ugaritic,Alphabetic,unknown,16b11b1c-0591-4186-a486-cebb2ca86066
RS 18.[382],35.7818307,35.601629,Ugaritic,Alphabetic,unknown,3e3f46b8-1af7-4ad7-a34b-87dcc86cdc83
RS 18.[383],35.7818307,35.601629,Ugaritic,Alphabetic,unknown,7ebaedc4-e849-43a6-b02f-40c1520f5245
RS 18.[384],35.7818307,35.601629,Ugaritic,Alphabetic,unknown,b08c955e-b029-4d12-b17b-362b9f15a66c
RS 18.[385],35.7818307,35.601629,Ugaritic,Alphabetic,unknown,369d30ba-f90a-4fc3-9960-22d12244cbe3
RS 18.[386],35.7818307,35.601629,Ugaritic,Alphabetic,unknown,1138ea00-2169-4ae2-81d6-2c1888ada45a
RS 18.[387],35.7818307,35.601629,Ugaritic,Alphabetic,unknown,36aafe36-6ae4-4077-bc4b-552e346aecff
RS 18.[388],35.7818307,35.601629,Ugaritic,Alphabetic,unknown,1dd36e36-7449-47b7-9388-61b3957c2ef0
RS 18.[389],35.7818307,35.601629,Ugaritic,Alphabetic,unknown,fe90d86b-81a4-4103-86f3-9d9bd063d0bd
RS 18.[390],35.7818307,35.601629,Ugaritic,Alphabetic,unknown,1512dc22-5c24-4322-9085-3f8b93de4a63
RS 18.[391],35.7818307,35.601629,Ugaritic,Alphabetic,unknown,50799708-e519-422c-9491-fa85492e48df
RS 18.[392],35.7818307,35.601629,Ugaritic,Alphabetic,unknown,75666181-6655-4c8d-b67f-02cb0b17b26b
RS 18.[393],35.7818307,35.601629,Ugaritic,Alphabetic,unknown,1c8c5b59-81ba-4562-b449-fb617221b176
RS 18.[394],35.7818307,35.601629,Ugaritic,Alphabetic,unknown,57d6fc53-4baf-4666-be3b-21c90540bafe
RS 18.[395],35.7818307,35.601629,Ugaritic,Alphabetic,unknown,3394f6c0-b289-4771-bd3a-22b9020e7e8a
RS 18.[396],35.7818307,35.601629,Ugaritic,Alphabetic,unknown,de3213e8-9c1f-4fc4-a5a3-b6c9121c0348
RS 18.[397]+,35.7818307,35.601629,Ugaritic,Alphabetic,unknown,7f315961-30f3-40ab-984b-a571708156f8
RS 18.[398],35.7818307,35.601629,unknown,unknown,unknown,d46ad317-c280-4a22-a903-99c2a2f71b51
RS 18.[399],35.7818307,35.601629,Ugaritic,Alphabetic,unknown,16907aba-6a7a-4d00-9dcd-233471b11652
RS 18.[400],35.7818307,35.601629,Ugaritic,Alphabetic,unknown,cb7aaac6-0a67-4a8b-a5b3-3e83c153b772
RS 18.[401],35.7818307,35.601629,Ugaritic,Alphabetic,unknown,e1462861-af4d-4839-a0a9-561931e16089
RS 18.[402],35.7818307,35.601629,Ugaritic,Alphabetic,unknown,20563f3e-b91e-4ff8-8ee9-b29d0bb64695
RS 18.[403],35.7818307,35.601629,Ugaritic,Alphabetic,unknown,219215db-9296-49c5-8d8a-d00ebeb1f756
RS 18.[404],35.7818307,35.601629,Ugaritic,Alphabetic,unknown,c87e8ebf-e662-4cab-b3f2-00fc523d6b37
RS 18.[405],35.7818307,35.601629,Ugaritic,Alphabetic,unknown,179a63f2-9949-46e0-8a03-b50a581584f2
RS 18.[406],35.7818307,35.601629,Ugaritic,Alphabetic,unknown,50842ebc-a411-4cbe-b41a-a1ef1bdb2a78
RS 18.[407],35.7818307,35.601629,Ugaritic,Alphabetic,unknown,05c32e6d-9092-472d-8928-85c09829aa2a
RS 18.[408],35.7818307,35.601629,Ugaritic,Alphabetic,unknown,0448b1b1-14ac-44de-a280-74975954365c
RS 18.[409],35.7818307,35.601629,Ugaritic,Alphabetic,unknown,ebbc0276-44a5-4ff0-9991-fdc47153da4b
RS 18.[410],35.7818307,35.601629,Ugaritic,Alphabetic,unknown,7e7054c3-d3c7-408b-8e26-585cc479ffcb
RS 18.[411],35.7818307,35.601629,Ugaritic,Alphabetic,unknown,793ff41e-f227-42c7-a0a9-2e4e0afe6c87
RS 18.[412],35.7818307,35.601629,Ugaritic,Alphabetic,unknown,69bb20b5-5729-43f9-82ad-6f69076f4af0
RS 18.[413],35.7818307,35.601629,Ugaritic,Alphabetic,unknown,d92b6f90-3afa-4e6a-b5a7-4bba41adc80d
RS 18.[414],35.7818307,35.601629,Ugaritic,Alphabetic,unknown,178adf78-27bd-44f9-b18a-b00b8dfc38f4
RS 18.[415],35.7818307,35.601629,Ugaritic,Alphabetic,unknown,65499a6b-ed40-4efb-916b-4f77d0633a7e
RS 18.[416],35.7818307,35.601629,Ugaritic,Alphabetic,unknown,9d907b7b-4c78-4f49-a1ac-67c78f4b68f9
RS 18.[417],35.7818307,35.601629,Ugaritic,Alphabetic,unknown,306c9fd3-6bee-4b8a-87e9-7a292c397d01
RS 18.[418],35.7818307,35.601629,Ugaritic,Alphabetic,unknown,1a5bd306-611f-421f-99a2-7f3e11409bc0
RS 18.[419],35.7818307,35.601629,Ugaritic,Alphabetic,unknown,a79d3879-9c3e-4087-be79-1ec24b7b1822
RS 18.[420],35.7818307,35.601629,Ugaritic,Alphabetic,unknown,27901d5f-b51f-40fc-bdfd-c1dc246d5e91
RS 18.[421],35.7818307,35.601629,Ugaritic,Alphabetic,unknown,2f054cb4-3e04-499f-8584-aa9bf1ff841f
RS 18.[422],35.7818307,35.601629,Ugaritic,Alphabetic,unknown,1d79ea25-bb05-4d3c-a018-3411ce42e3de
RS 18.[423],35.7818307,35.601629,Ugaritic,Alphabetic,unknown,8097f7e3-ed2c-4b6d-94fd-0b9b482940c1
RS 18.[424],35.7818307,35.601629,Ugaritic,Alphabetic,unknown,a247bf83-abd4-4db1-b3b1-21cb4dfae2cc
RS 18.[425],35.7818307,35.601629,Ugaritic,Alphabetic,unknown,02a8c99f-2eb5-4053-8dff-9a1dedffa32e
RS 18.[426],35.7818307,35.601629,Ugaritic,Alphabetic,unknown,64a741c0-5008-48cf-96c1-3a2f3ae7cceb
RS 18.[427],35.7818307,35.601629,Ugaritic,Alphabetic,unknown,e7360ca4-f821-4de8-b0fc-476bafc3e5d3
RS 18.[428],35.7818307,35.601629,Ugaritic,Alphabetic,unknown,ebf69783-90db-4ea8-b833-e148b55e1bf8
RS 18.[429],35.7818307,35.601629,Ugaritic,Alphabetic,unknown,fbdb9a61-0018-4412-87c7-3b737158693b
RS 18.[430],35.7818307,35.601629,Ugaritic,Alphabetic,unknown,951cf57c-4d61-43d2-b01a-c5099102b5ba
RS 18.[431],35.7818307,35.601629,Ugaritic,Alphabetic,unknown,f6895e21-f004-4256-b190-3186a6d13847
RS 18.[432],35.7818307,35.601629,Ugaritic,Alphabetic,unknown,26ef8db2-4771-4705-bd69-13eaeaa991c6
RS 18.[433],35.7818307,35.601629,Ugaritic,Alphabetic,unknown,be8a3152-8fcb-42f9-a292-3b9c7e87ec5e
RS 18.[434],35.7818307,35.601629,Ugaritic,Alphabetic,unknown,9a0f9b7e-8dac-4aa7-9f76-3f4a79b29e13
RS 18.[435],35.7818307,35.601629,Ugaritic,Alphabetic,unknown,ca279fef-c2c3-4b82-8a18-0cf5dfa8ebac
RS 18.[436],35.7836458,35.6015235,Ugaritic,Alphabetic,Royal Palace,b65dcbbc-a1c8-4d68-89a5-bb52ea9c840e
RS 18.[437],35.7831022,35.6014115,Ugaritic,Alphabetic,Royal Palace,6f69d74e-23e6-4e13-927c-780b85c910a7
RS 18.[438],35.7831022,35.6014115,Ugaritic,Alphabetic,Royal Palace,0c947205-a045-47fc-a3d6-60b4b6ca7d4f
RS 18.[439],35.7831022,35.6014115,Ugaritic,Alphabetic,Royal Palace,e671eb29-a8b3-4f56-891b-69e053bb5b37
RS 18.[440],35.7831022,35.6014115,Ugaritic,Alphabetic,Royal Palace,20498bfc-6717-45a4-9db4-2b0abdacb75d
RS 18.[441],35.7831022,35.6014115,Ugaritic,Alphabetic,Royal Palace,2dacf41c-e3f4-4acc-b125-df8407dc4b79
RS 18.[442],35.7831022,35.6014115,Ugaritic,Alphabetic,Royal Palace,fd504ee0-7b11-4a69-bc9b-3e1b871ce8f1
RS 18.[443],35.7831022,35.6014115,Ugaritic,Alphabetic,Royal Palace,63dee04b-d84d-400c-bf33-3b3c6b321c25
RS 18.[444],35.7831022,35.6014115,Ugaritic,Alphabetic,Royal Palace,cef19165-1f3f-4610-99e4-818bd425bfe6
RS 18.[445],35.7831022,35.6014115,Ugaritic,Alphabetic,Royal Palace,ab0095aa-f5c8-4722-bffc-fe5881656b07
RS 18.[446],35.7831022,35.6014115,Ugaritic,Alphabetic,Royal Palace,6c8111a2-b81d-4ea1-9309-efb58c2582f2
RS 18.[447],35.7831022,35.6014115,Ugaritic,Alphabetic,Royal Palace,9682b1b8-74f2-4f21-900a-42f70a116533
RS 18.[448],35.7831022,35.6014115,Ugaritic,Alphabetic,Royal Palace,20adbc1c-8456-4e5b-9f93-d47f45520889
RS 18.[449],35.7831022,35.6014115,Ugaritic,Alphabetic,Royal Palace,f95f7c88-47d2-4063-88dd-7d1663e722b7
RS 18.[450],35.7831022,35.6014115,Ugaritic,Alphabetic,Royal Palace,8e89850d-e6b7-4238-b8d8-b6c96efb6341
RS 18.[451],35.7831022,35.6014115,Ugaritic,Alphabetic,Royal Palace,47c6b617-0b5a-451d-a011-45f295565e4b
RS 18.[452],35.7831022,35.6014115,Ugaritic,Alphabetic,Royal Palace,6ee1a913-e054-4b9e-983c-09a0f4e29a41
RS 18.[453],35.7831022,35.6014115,Ugaritic,Alphabetic,Royal Palace,524d6041-0d4e-48b2-9f5c-d3701bda6ec7
RS 18.[454],35.7831022,35.6014115,Ugaritic,Alphabetic,Royal Palace,2157e7e7-172c-4160-8952-2c7c4e11799d
RS 18.[455],35.7831022,35.6014115,Ugaritic,Alphabetic,Royal Palace,39238c41-1a0f-4c8c-9329-02cd4770621d
RS 18.[456],35.7831022,35.6014115,Ugaritic,Alphabetic,Royal Palace,d46e7be3-b03c-4974-a76f-65f53255f83d
RS 18.[457],35.7831022,35.6014115,Ugaritic,Alphabetic,Royal Palace,8894a1a7-fd62-4b1e-8e8b-9cf61a928356
RS 18.[458],35.7831022,35.6014115,Ugaritic,Alphabetic,Royal Palace,542c2446-7cec-43ee-b484-2dffb395fd1e
RS 18.[459],35.7831022,35.6014115,Ugaritic,Alphabetic,Royal Palace,b5b24f2b-b375-419f-a517-cc3e75f36255
RS 18.[460],35.7831022,35.6014115,Ugaritic,Alphabetic,Royal Palace,b8b58a19-b17e-4513-8195-7ce57cfc7440
RS 18.[461],35.7831022,35.6014115,Ugaritic,Alphabetic,Royal Palace,f6945d7b-9a87-433e-afec-af265de020a6
RS 18.[462],35.7831022,35.6014115,Ugaritic,Alphabetic,Royal Palace,285b360e-aba5-488c-8919-7d398ba17aa6
RS 18.[463],35.7831022,35.6014115,Ugaritic,Alphabetic,Royal Palace,eb416467-5933-45c2-ace6-a42a4e726168
RS 18.[464],35.7831022,35.6014115,Ugaritic,Alphabetic,Royal Palace,375f891a-fcfa-4ecd-86aa-bb8f43de3c74
RS 18.[465],35.7831022,35.6014115,Ugaritic,Alphabetic,Royal Palace,583abd4d-2273-47d3-8ac6-0951188813ae
RS 18.[466],35.7831022,35.6014115,Ugaritic,Alphabetic,Royal Palace,c1cdc12b-faed-40b8-b8d1-aa56c13e3c98
RS 18.[467],35.7831022,35.6014115,Ugaritic,Alphabetic,Royal Palace,54533ba4-93e6-4483-a53b-eac5462de8ba
RS 18.[468],35.7831022,35.6014115,Ugaritic,Alphabetic,Royal Palace,7686d0fa-895b-4219-a354-af6e45fc78cb
RS 18.[469],35.7831022,35.6014115,Ugaritic,Alphabetic,Royal Palace,078e3d37-ac89-4d1b-99a3-19b650e0f47c
RS 18.[470],35.7818307,35.601629,Ugaritic,Alphabetic,unknown,c18671ae-ff56-4df8-a9a3-19d7e64a24b1
RS 18.[471],35.7818307,35.601629,Ugaritic,Alphabetic,unknown,023a1341-62cf-48d0-8f0b-cb1d56711c37
RS 18.[472],35.7830164,35.601477,Ugaritic,Alphabetic,Royal Palace,e74f4484-71ea-40fe-ac35-0962ec6dc2d1
RS 18.[473],35.7828938,35.6015358,Ugaritic,Alphabetic,Royal Palace,3f81c9fc-a965-4968-bb78-a02d6bae7fbc
RS 18.[474],35.7828938,35.6015358,Ugaritic,Alphabetic,Royal Palace,21b34534-1794-4b7e-b9b9-8fcc712b4e24
RS 18.[475],35.7828938,35.6015358,Ugaritic,Alphabetic,Royal Palace,31d6b19b-e4cd-467e-adb2-d50e5ce423f8
RS 18.[476],35.7828938,35.6015358,Ugaritic,Alphabetic,Royal Palace,fbffbf65-8e71-476c-ad0a-528648bb3bce
RS 18.[477],35.78303,35.6014368,Ugaritic,Alphabetic,Royal Palace,14d6990c-de1c-4385-ab6f-c917598cf871
RS 18.[478],35.7830523,35.6014851,Ugaritic,Alphabetic,Royal Palace,abcf257f-b7c1-4632-a329-4c52dde5659e
RS 18.[479],35.7830523,35.6014851,Ugaritic,Alphabetic,Royal Palace,291e8a36-ae06-4b5f-99ff-0fc388dcea29
RS 18.[480],35.7830523,35.6014851,Ugaritic,Alphabetic,Royal Palace,92926b45-e27f-4b0f-b23a-08f787d8c29e
RS 18.[481],35.7830523,35.6014851,Ugaritic,Alphabetic,Royal Palace,ba2bf156-bb5a-467c-a0ab-462c2ba06e73
RS 18.[482]+,35.7830523,35.6014851,Ugaritic,Alphabetic,Royal Palace,b8c6970b-1f13-4241-9398-20cc8d56ecc6
RS 18.[483],35.7830523,35.6014851,Ugaritic,Alphabetic,Royal Palace,46b9d656-271c-4f88-9e4e-75b7bad307ee
RS 18.[484],35.7830523,35.6014851,Ugaritic,Alphabetic,Royal Palace,d245c32d-8137-4283-a5a3-684365bedf92
RS 18.[485],35.7830523,35.6014851,Ugaritic,Alphabetic,Royal Palace,d7dedc49-5071-4115-88b2-4affc23eaeea
RS 18.[486],35.7830523,35.6014851,Ugaritic,Alphabetic,Royal Palace,b818532d-ee22-4b54-aca8-f8222e32dc7b
RS 18.[487],35.7830523,35.6014851,Ugaritic,Alphabetic,Royal Palace,d7071b93-b839-4255-a624-a463a70475fb
RS 18.[487] [C],35.7830523,35.6014851,Ugaritic,Alphabetic,Royal Palace,b5586f6a-8bfa-49ed-a8b6-1828aa56ba27
RS 18.[487] [E],35.7830523,35.6014851,Ugaritic,Alphabetic,Royal Palace,29b93216-4abe-4551-85da-4abe92bcf028
RS 18.[487] [F],35.7830523,35.6014851,Ugaritic,Alphabetic,Royal Palace,1c393e55-45c6-4518-8164-33c4ffd37a13
RS 18.[487] [B],35.7830523,35.6014851,Ugaritic,Alphabetic,Royal Palace,a00e4125-9a0e-43a0-8808-a7189173151a
RS 18.[487] [G],35.7830523,35.6014851,Ugaritic,Alphabetic,Royal Palace,4628e0c1-1557-42fc-a6b7-714953b1ba99
RS 18.[487] [D],35.7830523,35.6014851,Ugaritic,Alphabetic,Royal Palace,eaf5f7c5-cca5-41cc-89be-f3b7a30fe90c
RS 18.[487] [H],35.7830523,35.6014851,Ugaritic,Alphabetic,Royal Palace,b653ee40-059e-4612-bac8-9d1160d6c2f0
RS 18.[487] [A],35.7830523,35.6014851,Ugaritic,Alphabetic,Royal Palace,79c12c79-0f35-4e85-880a-f43e6b489b37
RS 18.[487] [I],35.7830523,35.6014851,Ugaritic,Alphabetic,Royal Palace,d50262d8-ea55-48c8-b7e7-9415e1aa0676
RS 18.[488],35.7830523,35.6014851,Ugaritic,Alphabetic,Royal Palace,1cf2bec0-f91c-49dd-9f6a-666ac6312b29
RS 18.[489],35.7830523,35.6014851,Ugaritic,Alphabetic,Royal Palace,10c03d6e-4fcd-46bd-8ed7-40c6b7653313
RS 18.[490],35.7830523,35.6014851,Ugaritic,Alphabetic,Royal Palace,94c46149-41a3-4bc1-95ae-3cab3820b7f7
RS 18.[491],35.7830523,35.6014851,Ugaritic,Alphabetic,Royal Palace,fd8b55c4-55d5-4296-abe9-f83f2c16215d
RS 18.[492],35.7830523,35.6014851,Ugaritic,Alphabetic,Royal Palace,aae0b5e5-2b05-4a68-94ea-cd2cc2b2d645
RS 18.[493],35.7830523,35.6014851,Ugaritic,Alphabetic,Royal Palace,f01c3f82-4767-4a17-848b-f41e853395b4
RS 18.[494],35.7830523,35.6014851,Ugaritic,Alphabetic,Royal Palace,382c8f25-f1f7-441b-bc08-5ebb6574b6a6
RS 18.[495],35.7830523,35.6014851,Ugaritic,Alphabetic,Royal Palace,73635f13-1b32-4bda-a79f-034ac40d749d
RS 18.[496],35.7830523,35.6014851,Ugaritic,Alphabetic,Royal Palace,4b8d1a2f-63d9-408b-9092-4caeb12809fa
RS 18.[497],35.7830523,35.6014851,Ugaritic,Alphabetic,Royal Palace,2cf8c122-7028-4d79-92c5-3f2411d5aa60
RS 18.[498],35.7830523,35.6014851,Ugaritic,Alphabetic,Royal Palace,5796104b-ae30-4602-9a5a-abbf0cad2440
RS 18.[499],35.7830523,35.6014851,Ugaritic,Alphabetic,Royal Palace,308d5b83-af4a-4863-bba1-abda113dbec3
RS 18.[500],35.7830523,35.6014851,Ugaritic,Alphabetic,Royal Palace,deeb70dc-5152-4d2d-9e44-cade90d2d0ce
RS 18.[501],35.7830523,35.6014851,Ugaritic,Alphabetic,Royal Palace,32a6f689-bc09-440e-8b7f-4f11bb02e474
RS 18.[502],35.7830523,35.6014851,Ugaritic,Alphabetic,Royal Palace,6c19a45d-11d9-44e4-a795-a233b4d13c01
RS 18.[503],35.7830523,35.6014851,Ugaritic,Alphabetic,Royal Palace,f1b9f3bc-6e9f-4832-a409-b85eaa817a8f
RS 18.[504],35.7830523,35.6014851,Ugaritic,Alphabetic,Royal Palace,fe51dfd3-a0c2-47ef-8230-4a912e2ab160
RS 18.[505],35.7818307,35.601629,Ugaritic,Alphabetic,unknown,e912e899-8cc2-4df0-9603-3eab0e721e11
RS 18.[506],35.7818307,35.601629,Ugaritic,Alphabetic,unknown,2ac2cef9-2831-4d64-a5d1-99c559e9ad16
RS 18.[507],35.7818307,35.601629,Ugaritic,Alphabetic,unknown,67f1b2cb-8711-4954-a4c6-129f49db647f
RS 18.[508],35.7829391,35.6015359,Ugaritic,Alphabetic,Royal Palace,9011500d-06c7-4451-adf8-75ea3cf51ea2
RS 18.[509],35.7829391,35.6015359,Ugaritic,Alphabetic,Royal Palace,b84b2dcd-669c-4c92-af5e-852653e4a525
RS 18.[510],35.7829391,35.6015359,Ugaritic,Alphabetic,Royal Palace,3ef30a47-84c5-4cbf-944c-916eb022ea88
RS 18.[511]+,35.7831384,35.6014484,Ugaritic,Alphabetic,Royal Palace,8800c8e3-c909-4d7b-9d95-dbe0339764d7
RS 18.[512],35.7829391,35.6015359,Ugaritic,Alphabetic,Royal Palace,95436f77-9991-48ee-9ae8-a3fe3f5110f5
RS 18.[513],35.7829391,35.6015359,Ugaritic,Alphabetic,Royal Palace,04537814-21a9-44e8-b113-91e8a29903e7
RS 18.[514],35.7829391,35.6015359,Ugaritic,Alphabetic,Royal Palace,7911833f-c0f2-4c0d-9312-546e8c3c7dc9
RS 18.[514] [C],35.7829391,35.6015359,Ugaritic,Alphabetic,Royal Palace,0c86796d-46ad-4c11-9099-9d511a6e7071
RS 18.[514] [E],35.7829391,35.6015359,Ugaritic,Alphabetic,Royal Palace,13d68fc3-2f29-4fc3-a343-20eac3fe30eb
RS 18.[514] [F],35.7829391,35.6015359,Ugaritic,Alphabetic,Royal Palace,5aeac0d9-e882-48af-ab86-241df2fe5885
RS 18.[514] [B],35.7829391,35.6015359,Ugaritic,Alphabetic,Royal Palace,a88a02cb-cdc7-41c4-b253-590ae60e5def
RS 18.[514] [G],35.7829391,35.6015359,Akkadian,Logosyllabic,Royal Palace,2d9b89a2-a603-4180-972b-50450491a9d5
RS 18.[514] [D],35.7829391,35.6015359,Ugaritic,Alphabetic,Royal Palace,14c7b5c7-42af-4387-b802-e806a240c4ef
RS 18.[514] [H],35.7829391,35.6015359,Ugaritic,Alphabetic,Royal Palace,ee83fcb2-efb7-4293-b2b3-c3e0602edad2
RS 18.[514] [A],35.7829391,35.6015359,Ugaritic,Alphabetic,Royal Palace,e3eb6f73-29c8-498a-89ea-cfed88f98f1b
RS 18.[515],35.7829391,35.6015359,Ugaritic,Alphabetic,Royal Palace,e44888ef-0b1c-4631-9576-1779c0e51ac2
RS 18.[519],35.7831384,35.6014484,Ugaritic,Alphabetic,Royal Palace,05b42bcd-37ae-40b4-b38b-7b247207626b
RS 18.[520],35.7831384,35.6014484,Ugaritic,Alphabetic,Royal Palace,2cbb6b0f-48b4-4479-9b78-2cc54b84f164
RS 18.[521],35.7831384,35.6014484,unknown,unknown,Royal Palace,7f8a573c-9be1-4b75-97a2-23363a105069
RS 18.[522],35.7831384,35.6014484,Ugaritic,Alphabetic,Royal Palace,600eda71-642c-413c-901a-b95927cc4f3b
RS 18.[523],35.7831384,35.6014484,Ugaritic,Alphabetic,Royal Palace,676d9aa0-dcc1-4175-9aa0-bce9262bb8d7
RS 18.[524],35.7831384,35.6014484,Ugaritic,Alphabetic,Royal Palace,219a8a52-55a9-4df4-a133-b6fd9f2dd88c
RS 18.[525],35.7831384,35.6014484,Ugaritic,Alphabetic,Royal Palace,89f5499c-f805-42f3-9973-d44ca360fc78
RS 18.[526],35.7831384,35.6014484,Ugaritic,Alphabetic,Royal Palace,3e2a0712-b44d-4ecf-93ed-fae98908d7a2
RS 18.[527],35.7831384,35.6014484,Ugaritic,Alphabetic,Royal Palace,e6c5494b-89fb-4dff-a036-b8b4c30a9666
RS 18.[528],35.7831384,35.6014484,Ugaritic,Alphabetic,Royal Palace,00e16a2d-5da2-4b9a-853e-205b449170ab
RS 18.[529],35.7831384,35.6014484,Ugaritic,Alphabetic,Royal Palace,17d9d49b-4594-4e27-9ea4-05cd575fef29
RS 18.[529] [C],35.7831384,35.6014484,Ugaritic,Alphabetic,Royal Palace,b1fc760e-ecb9-4688-b4f0-d5f70bb8d82e
RS 18.[529] [E],35.7831384,35.6014484,Akkadian,Logosyllabic,Royal Palace,21ccbc02-f76e-41cc-b35c-1cdbb16c62a6
RS 18.[529] [B],35.7831384,35.6014484,Ugaritic,Alphabetic,Royal Palace,063b86ba-9a91-44d9-b630-20d7d546fd6c
RS 18.[529] [D],35.7831384,35.6014484,Ugaritic,Alphabetic,Royal Palace,dfd3be8c-e3de-44ab-8c40-18d55eb4ecc3
RS 18.[529] [A],35.7831384,35.6014484,Ugaritic,Alphabetic,Royal Palace,d7c2a7bc-8efd-407b-8097-40a3bc62ca1b
RS 18.[530],35.7831384,35.6014484,Ugaritic,Alphabetic,Royal Palace,c8457ae2-93c6-43a1-89d8-7947897cdc8b
RS 18.[531],35.7831384,35.6014484,Ugaritic,Alphabetic,Royal Palace,46924674-a742-4f07-a49d-538922a3750e
RS 18.[532],35.7831384,35.6014484,Ugaritic,Alphabetic,Royal Palace,c162f262-5c55-411e-8686-a5192a12926f
RS 18.[533],35.7830786,35.6013548,Ugaritic,Alphabetic,Between the Royal Palace and the Southern Palace,859dd100-27b6-441b-bd2e-e0b7054bb2ba
RS 18.[534],35.7829927,35.6016036,Akkadian,Logosyllabic,Royal Palace,c7ff6bc4-dcc7-4702-a67d-39242caaa716
RS 18.[535],35.7837545,35.601796,Ugaritic,Alphabetic,Royal Palace,578e2553-9d7f-4038-8825-d4d879f97d35
RS 18.[536],35.7830267,35.6014693,Ugaritic,Alphabetic,Royal Palace,d6c8ad67-a212-4531-8085-42a0bda0af9c
RS 18.[537],35.7818307,35.601629,Akkadian,Logosyllabic,unknown,31059f25-058e-421d-95d1-2afa802caec8
RS 18.[538],35.7818307,35.601629,Ugaritic,Alphabetic,unknown,c7dd1550-197d-476f-933b-fcd04f9a060b
RS 18.[539],35.7818307,35.601629,Ugaritic,Alphabetic,unknown,3bd62c41-290a-44a6-ad14-afedc4c43dbc
RS 18.[540],35.7831808,35.6013784,Ugaritic,Alphabetic,Royal Palace,d5b1268d-5bab-4392-bd04-22e6304ec223
RS 18.[541],35.7831384,35.6014484,Ugaritic,Alphabetic,Royal Palace,2f0e4aa2-1235-480a-a50c-1d7d2179807e
RS 18.[542],35.7831384,35.6014484,Ugaritic,Alphabetic,Royal Palace,38720ea3-a9c4-4d30-86e5-00aa11b6d42d
RS 18.[543],35.7831384,35.6014484,Ugaritic,Alphabetic,Royal Palace,8b71a8fa-989b-41b4-90e7-58283d8c94e0
RS 18.[544],35.7831384,35.6014484,Ugaritic,Alphabetic,Royal Palace,c932e1bf-e1ad-445e-ac34-bcd457d5b389
RS 18.[545],35.7831384,35.6014484,Ugaritic,Alphabetic,Royal Palace,0ffd55f5-8254-43b2-bb0e-21c3c6224211
RS 18.[546],35.7831384,35.6014484,Ugaritic,Alphabetic,Royal Palace,0f2223d1-9685-4a46-9df3-03f981343e66
RS 18.[547],35.7831022,35.6014115,Ugaritic,Alphabetic,Royal Palace,8809da59-d510-43e6-a761-9bc968156cda
RS 18.[548],35.7831022,35.6014115,Ugaritic,Alphabetic,Royal Palace,16098490-f346-4fac-87b1-72cae0a085f7
RS 18.[549],35.7831022,35.6014115,Ugaritic,Alphabetic,Royal Palace,cbd83c63-46bf-4112-aebd-399f9a33e1c0
RS 18.[550],35.7831022,35.6014115,Ugaritic,Alphabetic,Royal Palace,122c9704-9414-4662-933b-03b411c4eb4b
RS 18.[551],35.7831022,35.6014115,unknown,unknown,Royal Palace,55d5a702-f9fc-4723-b2d1-074aa5491a05
RS 18.[552],35.7831022,35.6014115,Ugaritic,Alphabetic,Royal Palace,44005a6b-633a-4b0b-b06b-bb40bed54a9c
RS 18.[553],35.7831022,35.6014115,Ugaritic,Alphabetic,Royal Palace,56e7f6ce-cd82-4487-9743-39354cc1fbd6
RS 18.[554],35.7831022,35.6014115,Ugaritic,Alphabetic,Royal Palace,34ae6de7-73b4-43f1-9c95-00fd92e57bb3
RS 18.[555],35.7831022,35.6014115,Ugaritic,Alphabetic,Royal Palace,c28818f7-8ebf-48e8-a45d-48099017bb13
RS 18.[556],35.7831022,35.6014115,Ugaritic,Alphabetic,Royal Palace,fdab8955-ba95-482f-ac64-ef1c3535148d
RS 18.[557],35.7831022,35.6014115,Ugaritic,Alphabetic,Royal Palace,d7a1209a-3ba5-4d14-b7f2-88f5a51b971c
RS 18.[558C],35.7831022,35.6014115,Ugaritic,Alphabetic,Royal Palace,95f62865-1970-4394-9160-e750e9cdb39b
RS 18.[558E],35.7831022,35.6014115,Ugaritic,Alphabetic,Royal Palace,3e459726-7ca8-4e0f-8229-b01f79d9078b
RS 18.[558F],35.7831022,35.6014115,Ugaritic,Alphabetic,Royal Palace,0fc63725-dbdd-446e-b89f-b31f5e8f49da
RS 18.[558B],35.7831022,35.6014115,Ugaritic,Alphabetic,Royal Palace,87f7210e-fb12-4e2f-b048-dbdbe5db467a
RS 18.[558G],35.7831022,35.6014115,Ugaritic,Alphabetic,Royal Palace,fcb383da-00b5-4751-bc73-92ce0fc693d3
RS 18.[558D],35.7831022,35.6014115,Ugaritic,Alphabetic,Royal Palace,319dbccf-f481-4c4d-a953-d33c0ce2f9c3
RS 18.[558H],35.7831022,35.6014115,Ugaritic,Alphabetic,Royal Palace,bc59e582-4401-4ff7-8762-53027487ac4b
RS 18.[558J],35.7831022,35.6014115,Ugaritic,Alphabetic,Royal Palace,0879cc8e-4fb8-406c-a55e-70f892738691
RS 18.[558K],35.7831022,35.6014115,Ugaritic,Alphabetic,Royal Palace,d4d33e74-04a7-4163-b67a-baef307c158a
RS 18.[558L],35.7831022,35.6014115,Ugaritic,Alphabetic,Royal Palace,cd39a306-a113-4f8c-afb7-c791c3fcf47b
RS 18.[558M],35.7831022,35.6014115,Ugaritic,Alphabetic,Royal Palace,c4fc5831-c187-4ffc-86bc-6d99946795b2
RS 18.[558N],35.7831022,35.6014115,Ugaritic,Alphabetic,Royal Palace,183195cc-1669-44d8-9153-de63cf4f60ae
RS 18.[558A],35.7831022,35.6014115,Ugaritic,Alphabetic,Royal Palace,56cb0473-467c-4d2e-9516-a3526435f138
RS 18.[558I],35.7831022,35.6014115,Ugaritic,Alphabetic,Royal Palace,ec46d408-2f68-41ea-81e6-fbbc30c4dffb
RS 18.[559C],35.7831022,35.6014115,Ugaritic,Alphabetic,Royal Palace,9fe6a115-2954-48f6-b35e-6ca2654356c4
RS 18.[559E],35.7831022,35.6014115,Ugaritic,Alphabetic,Royal Palace,ad22c0d6-a913-4d60-9bdd-dbdaebaed4e0
RS 18.[559F],35.7831022,35.6014115,Ugaritic,Alphabetic,Royal Palace,ab8b81cc-ba0c-4413-9ffb-374f953c54d5
RS 18.[559B],35.7831022,35.6014115,Ugaritic,Alphabetic,Royal Palace,fe21f047-2103-4c73-9864-024f242ca23a
RS 18.[559G],35.7831022,35.6014115,Ugaritic,Alphabetic,Royal Palace,fa86c388-55fb-47de-9d50-5112facef227
RS 18.[559D],35.7831022,35.6014115,Ugaritic,Alphabetic,Royal Palace,7be4bfa3-a9a0-466e-8230-61bb4ee00ca6
RS 18.[559H],35.7831022,35.6014115,Ugaritic,Alphabetic,Royal Palace,4688e45b-05e4-46b0-9b14-9d01b2fc3a4c
RS 18.[559J],35.7831022,35.6014115,Ugaritic,Alphabetic,Royal Palace,e0ef1fd0-6b8c-42aa-8dc4-e43244e3dec9
RS 18.[559K],35.7831022,35.6014115,Ugaritic,Alphabetic,Royal Palace,3c6cff98-f71e-46f7-9e02-11e135659fb5
RS 18.[559L],35.7831022,35.6014115,Ugaritic,Alphabetic,Royal Palace,3cba13da-46b6-4290-8cda-1d411ca1b964
RS 18.[559M],35.7831022,35.6014115,Ugaritic,Alphabetic,Royal Palace,6599bbcf-fe3c-467d-a5b6-c92a5c1de559
RS 18.[559N],35.7831022,35.6014115,Ugaritic,Alphabetic,Royal Palace,da32f1b3-52ef-4492-b7f5-f118580c694c
RS 18.[559S],35.7831022,35.6014115,Ugaritic,Alphabetic,Royal Palace,e2e68393-e79f-4fe7-99e4-0a69d5ed9a4a
RS 18.[559P],35.7831022,35.6014115,Ugaritic,Alphabetic,Royal Palace,c8c4e4e4-2599-4920-b9d4-5df754a8269f
RS 18.[559Q],35.7831022,35.6014115,Ugaritic,Alphabetic,Royal Palace,9e953331-1e09-4ed3-8de4-6e00beb8b87e
RS 18.[559R],35.7831022,35.6014115,Ugaritic,Alphabetic,Royal Palace,1d49b64b-332e-43f2-bac2-1e859734ef1e
RS 18.[559T],35.7831022,35.6014115,Ugaritic,Alphabetic,Royal Palace,0464cd8d-ecaf-409f-91d2-8c0e25d011bf
RS 18.[559A],35.7831022,35.6014115,Ugaritic,Alphabetic,Royal Palace,69a60e71-32d2-463b-8262-91a94a6baaab
RS 18.[559I],35.7831022,35.6014115,Ugaritic,Alphabetic,Royal Palace,b6a3cd62-ba89-42a8-b6f7-78d7ee860b93
RS 18.[559O],35.7831022,35.6014115,Ugaritic,Alphabetic,Royal Palace,c42dd448-b708-4f8d-9474-7ad7d378faef
RS 18.[559U],35.7831022,35.6014115,Ugaritic,Alphabetic,Royal Palace,2c0358a0-1f06-4bc0-a550-80e9ad213772
RS 18.[560C],35.7831022,35.6014115,Ugaritic,Alphabetic,Royal Palace,c110a309-1d6d-414e-ace4-3ce9e476a0c8
RS 18.[560E],35.7831022,35.6014115,Ugaritic,Alphabetic,Royal Palace,47374666-b782-44ce-a474-a2d685e88947
RS 18.[560F],35.7831022,35.6014115,Ugaritic,Alphabetic,Royal Palace,2e34e740-2944-4dda-820c-f7cd20ea61c7
RS 18.[560B],35.7831022,35.6014115,Ugaritic,Alphabetic,Royal Palace,c3e57e74-ce0f-4e0c-9769-d084fc1ce7a9
RS 18.[560G],35.7831022,35.6014115,Ugaritic,Alphabetic,Royal Palace,2177aee3-c005-4f27-9bef-ddcf951b1483
RS 18.[560D],35.7831022,35.6014115,Ugaritic,Alphabetic,Royal Palace,b3c00a4a-f0db-4632-bd42-f911522547fb
RS 18.[560H],35.7831022,35.6014115,Ugaritic,Alphabetic,Royal Palace,51bac8f0-0257-4130-854b-c88f34e13929
RS 18.[560A],35.7831022,35.6014115,Ugaritic,Alphabetic,Royal Palace,6b838ffd-3d2d-4f56-9f3c-c40d6b0e7122
RS 18.[560I],35.7831022,35.6014115,Ugaritic,Alphabetic,Royal Palace,4f3ad600-06c1-4c6c-9591-75b7211de609
RS 18.[561C],35.7831022,35.6014115,Ugaritic,Alphabetic,Royal Palace,4cf37e0f-161c-461d-99e9-176ac601040d
RS 18.[561E],35.7831022,35.6014115,Ugaritic,Alphabetic,Royal Palace,f77e48db-8993-47cf-8544-f1cef5072204
RS 18.[561B],35.7831022,35.6014115,Ugaritic,Alphabetic,Royal Palace,98cb84e0-f321-4cd5-a6e7-1ee748dfe249
RS 18.[561D],35.7831022,35.6014115,Ugaritic,Alphabetic,Royal Palace,c2dab4cd-f1e5-4455-84d9-78a73ed01615
RS 18.[561A],35.7831022,35.6014115,Ugaritic,Alphabetic,Royal Palace,4902c5e0-5807-4201-80d4-e7da45c2f767
RS 18.[562],35.7818307,35.601629,Ugaritic,Alphabetic,unknown,e8204759-5665-4b3f-8c69-ad2d63694da4
RS 18.[563C],35.7818307,35.601629,Ugaritic,Alphabetic,unknown,dac83338-a207-45d8-ac9a-4a3dc1cee2a7
RS 18.[563B],35.7818307,35.601629,Ugaritic,Alphabetic,unknown,ecabed98-d2cb-4f1d-bef3-eaad266e3f66
RS 18.[563D],35.7818307,35.601629,Ugaritic,Alphabetic,unknown,4050b78f-7d9a-412c-921a-5d9a3ec7be31
RS 18.[563A],35.7818307,35.601629,Ugaritic,Alphabetic,unknown,676317c1-230e-4374-bf75-94e7c34b6280
RS 18.[564B],35.7831108,35.6013167,Ugaritic,Alphabetic,Between the Royal Palace and the Southern Palace,2d2eb019-ec4c-47a5-acc4-a11b0fecbb7a
RS 18.[564A],35.7831108,35.6013167,Ugaritic,Alphabetic,Between the Royal Palace and the Southern Palace,dd780603-3f7b-4f88-bdcb-56f2a749b17a
RS 18.[565],35.7818307,35.601629,Ugaritic,Alphabetic,unknown,c1d22534-de94-45dc-a202-034d4256e290
RS 18.[566],35.7818307,35.601629,Ugaritic,Alphabetic,unknown,e78d1ad4-877e-4ad1-8165-b14784a7fbf4
RS 18.[567],35.7818307,35.601629,Ugaritic,Alphabetic,unknown,bbc9bc8d-467c-44ae-91da-922ae25ff7fe
RS 18.[568],35.7818307,35.601629,Ugaritic,Alphabetic,unknown,cc7a8e80-e2b9-4446-a617-b9d23ea4f640
RS 18.[569],35.7818307,35.601629,Ugaritic,Alphabetic,unknown,6f596fba-5e75-4cfd-acd3-3422538bbe6a
RS 18.[570],35.7831286,35.6012909,Egyptian,Hieroglyphic,Between the Royal Palace and the Southern Palace,67eaa0f3-96be-4046-9113-2f0195ab4eea
RS 18.[571A-I],35.7818307,35.601629,unknown,unknown,unknown,110d0bcb-041a-4bd5-a5e4-84587b4e7596
RS 19.Y,35.7829922,35.6014332,Akkadian,Logosyllabic,Royal Palace,627d1d28-7312-41a8-9c20-8ce99ba0c4c2
RS 19.X,35.7829922,35.6014332,Akkadian,Logosyllabic,Royal Palace,561ca615-e38e-4ad1-9e87-5d01ab900aac
RS 19.Z1,35.7818307,35.601629,Akkadian,Logosyllabic,unknown,432a5316-9366-4300-97a7-7ae91c25629f
RS 19.001,35.7830666,35.6012084,Cypro-Minoan,Syllabic,Southern Palace,42cae929-fe55-42d3-85dc-187b7a26da96
RS 19.Z2,35.7818307,35.601629,Akkadian,Logosyllabic,unknown,c2cda486-1740-4a79-aa51-02364d5991ae
RS 19.002,35.7830744,35.6011907,Cypro-Minoan,Syllabic,Southern Palace,058b5676-9cf1-4524-acf8-2807af60735c
RS 19.Z3,35.7818307,35.601629,Akkadian,Logosyllabic,unknown,620ffb6d-3382-4254-a04e-de0801436866
RS 19.003,35.7829922,35.6014332,Ugaritic,Alphabetic,Royal Palace,3ddda15d-2dba-412e-872d-a8c7b4bc084a
RS 19.Z4,35.7818307,35.601629,Akkadian,Logosyllabic,unknown,5e5df908-b194-423c-b369-60d7d4a0e130
RS 19.004,35.7829771,35.6012401,Akkadian,Logosyllabic,Southern Palace,2fd2e119-1494-4125-b3d6-5d954db75ee6
RS 19.Z5,35.7818307,35.601629,Akkadian,Logosyllabic,unknown,b9798b96-f877-4be6-a49b-7008265ff93e
RS 19.005,35.7830727,35.6012242,Akkadian,Logosyllabic,Southern Palace,fed96b54-3050-4d50-8562-47a2fb3087d7
RS 19.006,35.782872,35.6014775,Akkadian,Logosyllabic,Royal Palace,383d7e96-bb7c-4064-bc38-26908395cddc
RS 19.007,35.7829771,35.6012401,Akkadian,Logosyllabic,Southern Palace,8fb80c14-3947-406a-9826-18f51acc4deb
RS 19.008,35.7830727,35.6012242,Akkadian,Logosyllabic,Southern Palace,9a4d41b7-6759-4be2-8c8e-d850931861ab
RS 19.009,35.7833419,35.6013086,Akkadian,Logosyllabic,Royal Palace,91a771f8-0b63-4232-80f9-d25ec88d34d7
RS 19.010,35.7829771,35.6012401,Akkadian,Logosyllabic,Southern Palace,02d36d69-a994-4275-9de7-c62bd61f1e56
RS 19.011,35.7829771,35.6012401,Ugaritic,Alphabetic,Southern Palace,598e5ee0-b446-4550-95af-895bb15fc16a
RS 19.012,35.7830727,35.6012242,Akkadian,Logosyllabic,Southern Palace,11141c5f-8242-4796-a2a0-8018e6b40917
RS 19.013,35.782904,35.6014571,Ugaritic,Alphabetic,Royal Palace,36233953-ec35-4038-8621-141912c6d0c4
RS 19.014,35.782904,35.6014571,Ugaritic,Alphabetic,Royal Palace,16fd1c22-d365-4a74-bb7d-6df676f85faf
RS 19.015,35.7829922,35.6014332,Ugaritic,Alphabetic,Royal Palace,e8c77faa-d7be-4104-88ef-ee4c52e2c8eb
RS 19.015 [C],35.7829922,35.6014332,Ugaritic,Alphabetic,Royal Palace,19cb2334-1c7b-4b49-abd3-c95b07abba62
RS 19.015 [E],35.7829922,35.6014332,Akkadian,Logosyllabic,Royal Palace,1699c38c-8ac0-425f-b5e0-d78b6e20fc2d
RS 19.015 [F],35.7829922,35.6014332,Akkadian,Logosyllabic,Royal Palace,37fa0f5a-d5c3-4b63-9f02-88d5a2fc7545
RS 19.015 [B],35.7829922,35.6014332,Ugaritic,Alphabetic,Royal Palace,a95fd1d0-ddff-4671-ac41-c2683be8bc48
RS 19.015 [D],35.7829922,35.6014332,Ugaritic,Alphabetic,Royal Palace,75ebcb72-075a-4635-a89a-317f4aaf684a
RS 19.015 [A],35.7829922,35.6014332,Ugaritic,Alphabetic,Royal Palace,34c496fd-960a-4a85-8989-0410f9103fca
RS 19.016,35.7829922,35.6014332,Ugaritic,Alphabetic,Royal Palace,719c23b5-5773-438d-8250-b2306615b4fc
RS 19.017,35.7830188,35.6014133,Ugaritic; Akkadian,Alphabetic; Logosyllabic,Royal Palace,06a18b74-e546-4ed9-ac8e-2694168ed804
RS 19.018,35.7830176,35.6014285,Ugaritic,Alphabetic,Royal Palace,b95f6546-162d-4bcd-8bc2-28b9ba0c264b
RS 19.018 [B],35.7830176,35.6014285,Ugaritic,Alphabetic,Royal Palace,5a58f753-ccb0-449c-8360-212ba33cd02b
RS 19.018 [A],35.7830176,35.6014285,Ugaritic,Alphabetic,Royal Palace,7cd3a3b0-b1d8-4eb5-aed4-1f9d5540d360
RS 19.019 [B],35.7829771,35.6012401,Ugaritic,Alphabetic,Southern Palace,88e02010-fd05-43db-a7aa-445480190c5a
RS 19.019A,35.7829771,35.6012401,Akkadian,Logosyllabic,Southern Palace,61981509-a99b-4401-b0d2-0b649c8e171e
RS 19.020,35.7829771,35.6012401,Akkadian,Logosyllabic,Southern Palace,7dc64ba3-e341-4cea-abd9-d998d82fb113
RS 19.021,35.7830289,35.601445,Ugaritic,Alphabetic,Royal Palace,d1896000-5e6c-4942-863c-88bb7f947f95
RS 19.022,35.7829922,35.6014332,Ugaritic,Alphabetic,Royal Palace,ee402ec1-352d-45c7-aece-38267711d1d4
RS 19.023,35.7829098,35.6012705,Akkadian,Logosyllabic,Between the Royal Palace and the Southern Palace,e35e2a25-3780-4784-a47d-f3b47a07c5ec
RS 19.024,35.7830727,35.6012242,Akkadian,Logosyllabic,Southern Palace,c523abac-d73d-4419-b6cc-d8f8d7d4109d
RS 19.025,35.7829771,35.6012401,Akkadian,Logosyllabic,Southern Palace,2ed6bad5-7342-46a1-87a2-01697d68336d
RS 19.026,35.7829771,35.6012401,Akkadian,Logosyllabic,Southern Palace,f9581ffc-6fc6-4bb9-bd45-663512999d82
RS 19.027,35.7829771,35.6012401,Akkadian,Logosyllabic,Southern Palace,b318c812-3221-49a4-a4e5-c9b608c98e83
RS 19.028,35.7829771,35.6012401,Akkadian,Logosyllabic,Southern Palace,bda4db20-ef8c-443e-af38-e952095544c8
RS 19.029,35.7829922,35.6014332,Ugaritic,Alphabetic,Royal Palace,540e86b8-3cba-48cf-b5c6-6bd5905c40d5
RS 19.030,35.7830194,35.6014165,Akkadian,Logosyllabic,Royal Palace,28d19493-79a3-4265-9d18-ef5213414ac1
RS 19.031,35.7829771,35.6012401,Ugaritic,Alphabetic,Southern Palace,dc898485-f9a3-46bf-aaf4-be3846764db5
RS 19.032,35.7829771,35.6012401,Akkadian,Logosyllabic,Southern Palace,18edae40-df1f-4b41-965c-913d30c056a6
RS 19.033,35.7829771,35.6012401,Akkadian,Logosyllabic,Southern Palace,9b4a0b52-6442-43fe-a5ea-09a8778c1aeb
RS 19.034,35.7830236,35.6012296,Akkadian,Logosyllabic,Southern Palace,c00d1e10-ca98-4e6c-8609-ee12413872a4
RS 19.035 [F],35.7829846,35.6013266,Akkadian,Logosyllabic,Between the Royal Palace and the Southern Palace,9974b60c-7f67-4cf6-9839-9060aea6dab5
RS 19.035 [G],35.7829846,35.6013266,Akkadian,Logosyllabic,Between the Royal Palace and the Southern Palace,d469f6a5-1da5-40dd-8d6a-b1b9a080715a
RS 19.035 [H],35.7829846,35.6013266,Akkadian,Logosyllabic,Between the Royal Palace and the Southern Palace,266564c5-1886-4861-9d39-13993c5edfb0
RS 19.035 [J],35.7829846,35.6013266,Akkadian?,Logosyllabic?,Between the Royal Palace and the Southern Palace,09c131df-61bc-4c62-8442-2081d7cadb6e
RS 19.035C,35.7829846,35.6013266,Akkadian,Logosyllabic,Between the Royal Palace and the Southern Palace,19d764a7-490c-4bf1-ad7c-8f8e9a74463a
RS 19.035E,35.7829846,35.6013266,unknown,unknown,Between the Royal Palace and the Southern Palace,da850b61-cbf0-45b8-b370-dbac0ee10efb
RS 19.035B+,35.7829846,35.6013266,Akkadian,Logosyllabic,Between the Royal Palace and the Southern Palace,e6b3c46d-d98e-45c1-b62a-a0f4920c3c9b
RS 19.035D,35.7829846,35.6013266,Akkadian,Logosyllabic,Between the Royal Palace and the Southern Palace,3ca415e4-deb5-4cef-aa25-1fd94462c01c
RS 19.035 [I],35.7829846,35.6013266,Akkadian,Logosyllabic,Between the Royal Palace and the Southern Palace,c7fd5b11-6737-4fec-b89d-82d0d223c5b8
RS 19.035A,35.7829846,35.6013266,Akkadian,Logosyllabic,Between the Royal Palace and the Southern Palace,497af698-aada-49a0-967f-5d09dc794dbb
RS 19.036,35.7830727,35.6012242,Akkadian,Logosyllabic,Southern Palace,c4b6e9fd-364a-4b2a-a2b8-7292fdf0c5bb
RS 19.037,35.7829922,35.6014332,Ugaritic,Alphabetic,Royal Palace,6c1d1c93-dc91-4412-ad31-ea411cf14b3d
RS 19.038,35.7830436,35.6012547,Akkadian,Logosyllabic,Southern Palace,173b2ac2-e596-4e7f-8e34-2fd4d9870309
RS 19.039+,35.7829922,35.6014332,Ugaritic,Alphabetic,Royal Palace,78ef5ea5-d386-454c-8aa6-e11b9b3a51ce
RS 19.040,35.7830176,35.6014285,Ugaritic,Alphabetic,Royal Palace,47003fac-07f6-4b1a-85b4-ebdfe7b97690
RS 19.041,35.7829771,35.6012401,Akkadian,Logosyllabic,Southern Palace,e01b6cf2-04fa-431c-b98e-5ea17d561c36
RS 19.042,35.7829771,35.6012401,Akkadian,Logosyllabic,Southern Palace,ebd67b6a-f900-4658-8eda-d2763cb549a5
RS 19.043,35.7830727,35.6012242,Akkadian,Logosyllabic,Southern Palace,6fdfa5db-b1fe-416b-8e59-e6ddd14ee8ae
RS 19.044,35.7829771,35.6012401,Ugaritic,Alphabetic,Southern Palace,0db58b88-da44-4a66-a8a5-d025abc5fe6c
RS 19.045,35.7829922,35.6014332,Ugaritic,Alphabetic,Royal Palace,fdd8dffd-00cf-45d8-aab5-e9759f5495fa
RS 19.048 [C],35.7829922,35.6014332,Ugaritic,Alphabetic,Royal Palace,7660cb02-ce61-4c88-8cd9-9ac1a600fc92
RS 19.048 [B],35.7829922,35.6014332,Ugaritic,Alphabetic,Royal Palace,7b1c863c-a84b-4fee-bcf3-a631981dbd4a
RS 19.048 [D],35.7829922,35.6014332,Ugaritic,Alphabetic,Royal Palace,11a375c7-170f-4865-a861-3f87ff0cc722
RS 19.048 [A],35.7829922,35.6014332,Ugaritic,Alphabetic,Royal Palace,734ab5f8-339d-476d-82b2-c01f377726c3
RS 19.049 [C],35.7829922,35.6014332,Ugaritic,Alphabetic,Royal Palace,fd7725fc-1a7f-445a-bd93-7d25f29d54d4
RS 19.049 [B],35.7829922,35.6014332,Ugaritic,Alphabetic,Royal Palace,24f19be5-ae7e-4b85-b6cd-06efafc73811
RS 19.049 [A],35.7829922,35.6014332,Ugaritic,Alphabetic,Royal Palace,ef9d6b69-03a4-4876-8a67-6c8e3bfd0287
RS 19.050,35.782946,35.6012824,Akkadian,Logosyllabic,Between the Royal Palace and the Southern Palace,5dea767d-4309-4688-985d-d0ce8977699c
RS 19.051,35.7830157,35.6012806,Akkadian,Logosyllabic,Between the Royal Palace and the Southern Palace,6308160e-69ee-451f-8e32-09fcd3b74dad
RS 19.052,35.7830176,35.6014285,Ugaritic,Alphabetic,Royal Palace,4342c263-a60a-4bbf-8579-ca91530446c4
RS 19.053,35.7829882,35.6012392,Akkadian,Logosyllabic,Southern Palace,eeb3162b-d29e-46ab-ba83-ad36c47059f2
RS 19.054,35.7829922,35.6014332,Ugaritic,Alphabetic,Royal Palace,09b0a5a6-e839-4cf5-abab-f48a05ad18bf
RS 19.055,35.782946,35.6012824,Akkadian,Logosyllabic,Between the Royal Palace and the Southern Palace,6553e31a-0ecf-4e83-883e-cf218f87e950
RS 19.056,35.7830195,35.6014582,Ugaritic,Alphabetic,Royal Palace,f87867b5-020f-4ac7-85ed-4f59cfcfb042
RS 19.057,35.7830727,35.6012242,Akkadian,Logosyllabic,Southern Palace,bd75414c-37e8-40c6-9d50-1a2f5e19997f
RS 19.058,35.7830188,35.6014133,Ugaritic,Alphabetic,Royal Palace,5b8ec782-5105-476f-9bd2-6b328c4443c5
RS 19.059,35.7829922,35.6014332,Ugaritic,Alphabetic,Royal Palace,c35f74f2-f76a-4073-b866-412ad939fde2
RS 19.060,35.7829922,35.6014332,Ugaritic,Alphabetic,Royal Palace,da5b8ffc-db1a-48d9-902f-d69050ee4824
RS 19.061,35.7829922,35.6014332,Ugaritic,Alphabetic,Royal Palace,5cf8c9b3-f1ca-4212-92c7-981149b61beb
RS 19.062,35.7829934,35.601454,Ugaritic,Alphabetic,Royal Palace,a3152db4-e807-40db-b862-c9dedb676978
RS 19.063+,35.7832364,35.601166,Akkadian,Logosyllabic,Southern Palace,de346bb1-8ebc-4324-9205-329789594050
RS 19.064,35.7830062,35.6012937,Ugaritic; Akkadian,Alphabetic; Logosyllabic,Between the Royal Palace and the Southern Palace,ee154cfd-be10-4199-a1fc-8544909d4623
RS 19.065,35.783009,35.6012471,Akkadian,Logosyllabic,Southern Palace,7ac9421d-349b-4085-9fe3-ef0fa2fbddce
RS 19.066,35.7830062,35.6012937,Ugaritic,Alphabetic,Between the Royal Palace and the Southern Palace,fad5fef2-0644-4afc-94d2-f30936b4d23d
RS 19.067,35.7830258,35.6013212,unknown,unknown,Between the Royal Palace and the Southern Palace,480b0bbc-535e-4338-bf49-9f9ff356b6b0
RS 19.068,35.7830841,35.6012761,Akkadian,Logosyllabic,Between the Royal Palace and the Southern Palace,0b602048-3503-4d56-bd40-ce5636f72d1d
RS 19.069,35.7830095,35.601447,Akkadian,Logosyllabic,Royal Palace,5b5bdb36-5990-4aa8-8cdc-fde87e9e61fd
RS 19.070,35.7830224,35.6014297,Akkadian,Logosyllabic,Royal Palace,c150d337-acaa-400c-ae4b-f2603acd8764
RS 19.071,35.7830236,35.6012296,Akkadian,Logosyllabic,Southern Palace,2617bba3-74a6-43a4-ae82-c1389a1ef119
RS 19.072,35.7830224,35.6014297,Ugaritic,Alphabetic,Royal Palace,0ccb9c56-a706-44c3-bfae-156c6e5dd16a
RS 19.073,35.7830125,35.6014153,Ugaritic,Alphabetic,Royal Palace,d6412009-399f-4d4f-a32f-a259aa5504f3
RS 19.074,35.7830297,35.6012313,Akkadian,Logosyllabic,Southern Palace,8a11121c-e80a-4872-ab50-2e1b48fa20fe
RS 19.075,35.7829864,35.6012485,Akkadian,Logosyllabic,Southern Palace,30e3017b-d642-46c8-a7b0-c400b5ee13d2
RS 19.076,35.7830195,35.6014582,unknown,unknown,Royal Palace,211f323d-39d3-4e9b-ba34-9027b4dc4dc1
RS 19.077,35.7829771,35.6012401,Akkadian,Logosyllabic,Southern Palace,dfe7e854-67bc-4ae1-a97c-17075166f7c4
RS 19.078,35.7830089,35.6015161,Akkadian,Logosyllabic,Royal Palace,7bfbc661-55fc-4ac3-80e1-8ca0007ab8a7
RS 19.079,35.782987,35.6012442,Akkadian,Logosyllabic,Southern Palace,79d996b6-65c7-4a82-9eb7-1e973f2b9464
RS 19.080,35.7830255,35.6014203,Akkadian,Logosyllabic,Royal Palace,d4cff4ab-c7b1-44c1-bd33-e4184b832868
RS 19.081,35.7828764,35.6015211,Akkadian,Logosyllabic,Royal Palace,6aaef278-4e46-4f46-9f8b-894025031d70
RS 19.082,35.7830627,35.6012087,Akkadian,Logosyllabic,Southern Palace,680a93ab-4813-4028-96f2-258b44fab553
RS 19.083,35.7830665,35.6012456,Akkadian,Logosyllabic,Southern Palace,a9433333-2cbf-487e-ab56-6e4d47b1e2a7
RS 19.084,35.7830142,35.6014519,Hurrian,Logosyllabic,Royal Palace,a7b3b7f2-115e-4fb9-8884-fcecd810b228
RS 19.084 [C],35.7830727,35.6012242,Akkadian,Logosyllabic,Southern Palace,ef4f224f-285c-47ab-a5b2-2f75074755a9
RS 19.084 [B],35.7830727,35.6012242,Ugaritic,Alphabetic,Southern Palace,406b3a0a-6724-4b92-a89b-e843bc1aa582
RS 19.084 [D],35.7830727,35.6012242,Akkadian,Logosyllabic,Southern Palace,27d701d0-4657-4ee0-a630-f1340d19ceea
RS 19.084 [A],35.7830727,35.6012242,Ugaritic,Alphabetic,Southern Palace,6ec666f6-d499-435f-b1a3-395f53ab1d29
RS 19.085,35.7829678,35.6012662,Akkadian,Logosyllabic,Between the Royal Palace and the Southern Palace,977ca662-058c-40d3-b6e2-f3f6fe0cba27
RS 19.086B,35.7830727,35.6012242,Ugaritic,Alphabetic,Southern Palace,ef24d24b-f2d0-4e38-b22c-bab1aaeb4d83
RS 19.086A,35.7830727,35.6012242,Ugaritic,Alphabetic,Southern Palace,090f6399-f2d9-4816-bf0e-c5f3c5a9f2ae
RS 19.087,35.7830727,35.6012242,Akkadian,Logosyllabic,Southern Palace,ffa6d69b-93a5-43b3-b993-c8ae59526c20
RS 19.088,35.7830727,35.6012242,Akkadian,Logosyllabic,Southern Palace,1c910bc0-40b6-4bf5-9b53-8fa072b0c049
RS 19.089,35.7830727,35.6012242,Akkadian,Logosyllabic,Southern Palace,e78f08f1-f43d-4d95-9e18-de2919113b28
RS 19.090,35.7830727,35.6012242,Akkadian,Logosyllabic,Southern Palace,c2511083-943e-4b1e-bf64-c2046380f243
RS 19.091,35.7830666,35.6012084,Akkadian,Logosyllabic,Southern Palace,9ffc0a0d-b4c2-49cc-b1c2-48908e64ff99
RS 19.092,35.7830727,35.6012242,Akkadian,Logosyllabic,Southern Palace,708e57bc-35fe-4faf-a2c3-1060ce36d0fd
RS 19.093,35.7829771,35.6012401,Akkadian,Logosyllabic,Southern Palace,b17f0a18-01bc-4348-a7b4-5bef2e34efc2
RS 19.094,35.7830733,35.6012453,Akkadian,Logosyllabic,Southern Palace,28b7352e-a0a3-4d7f-80cf-418d1de3d24c
RS 19.095,35.7829321,35.601404,Akkadian,Logosyllabic,Royal Palace,934b0c02-0fe1-4506-9efe-8f6a1550ea8b
RS 19.096,35.7829922,35.6014332,Ugaritic,Alphabetic,Royal Palace,3f876979-74ec-4df9-9a55-f501ffb20fe8
RS 19.097,35.7829922,35.6014332,Ugaritic,Alphabetic,Royal Palace,75bfca06-c442-4074-87f3-468d6ecc80d9
RS 19.098,35.7830176,35.6014285,Akkadian,Logosyllabic,Royal Palace,746dcb86-8eec-4ee9-bb17-e6b5cc956672
RS 19.099,35.7830727,35.6012242,Akkadian,Logosyllabic,Southern Palace,e1e25076-6321-41bd-981b-81752831525a
RS 19.100C,35.7830241,35.6014701,Ugaritic,Alphabetic,Royal Palace,ddb86932-ae72-43fd-a870-8b05793d325b
RS 19.100E,35.7830241,35.6014701,Ugaritic,Alphabetic,Royal Palace,7cb450ad-312e-469b-8047-1813093d27e5
RS 19.100F,35.7830241,35.6014701,Ugaritic,Alphabetic,Royal Palace,0aa98bf5-ec8c-47c0-b7e8-7d87cf4aab11
RS 19.100B,35.7830241,35.6014701,Ugaritic,Alphabetic,Royal Palace,eda93f49-85ec-42bb-be11-8ac145c495a3
RS 19.100D,35.7830241,35.6014701,Ugaritic,Alphabetic,Royal Palace,8f26df2c-815d-4a53-a9e1-a4a891f89a54
RS 19.100A,35.7830241,35.6014701,Ugaritic,Alphabetic,Royal Palace,a61cac46-6842-4337-8c99-6d05ebc7bffa
RS 19.101,35.7828963,35.6013871,Akkadian,Logosyllabic,Royal Palace,14a6498f-555b-44bc-a452-47bd6d396e93
RS 19.102,35.7830672,35.601192,Ugaritic,Alphabetic,Southern Palace,71260a1b-3793-4034-ab30-354b68d28be3
RS 19.103,35.7830241,35.6014701,Ugaritic,Alphabetic,Royal Palace,6afdae55-747c-4fc5-a010-8146b9ff07b8
RS 19.104,35.7830672,35.601192,Akkadian,Logosyllabic,Southern Palace,94084eba-7eda-457d-883b-99efac331bc3
RS 19.105,35.7830727,35.6012242,Ugaritic,Alphabetic,Southern Palace,5452df30-55d9-459c-927f-6c8ee333a6c8
RS 19.106,35.7830115,35.6012907,Ugaritic,Alphabetic,Between the Royal Palace and the Southern Palace,69b4c4c7-7be3-4984-8cd1-87cf95a7c8c1
RS 19.107,35.7830435,35.6012469,Akkadian,Logosyllabic,Southern Palace,d0757841-6ba9-4dd5-97a4-f79525310e6a
RS 19.108,35.7834766,35.6013045,unknown,unknown,Royal Palace,5b44f886-b3a4-445b-ab3b-06b10a1bff77
RS 19.109,35.7830194,35.6014165,Ugaritic,Alphabetic,Royal Palace,22942875-e795-495d-8954-835587369c11
RS 19.110,35.783018,35.6012493,Akkadian,Logosyllabic,Southern Palace,d7b0ddae-8c62-4187-9dea-6b2c13a116a0
RS 19.111,35.7830666,35.6012068,Akkadian,Logosyllabic,Southern Palace,10fcb425-301c-4359-ba03-aa7c7a048a65
RS 19.112,35.7830672,35.601192,Akkadian,Logosyllabic,Southern Palace,274a7f80-4911-472e-938c-729e5d6256a7
RS 19.113,35.7830672,35.601192,Akkadian,Logosyllabic,Southern Palace,6f317300-8b99-46e6-a081-3e1ecf9ced1b
RS 19.114,35.7829864,35.6012485,Akkadian,Logosyllabic,Southern Palace,9ee96d5d-2124-4078-92cb-adeed2960fe9
RS 19.115,35.7827405,35.6019464,Akkadian,Logosyllabic,Royal Palace,6ea1aad4-32bb-4554-a545-3087e35d3f37
RS 19.116,35.7829882,35.6012392,Akkadian,Logosyllabic,Southern Palace,3c04b950-1af6-412e-924a-415311af7f60
RS 19.117,35.7829868,35.6012281,Akkadian,Logosyllabic,Southern Palace,f6717766-4ec0-42bf-835c-b16d939e03fb
RS 19.118,35.7830804,35.6012714,Akkadian,Logosyllabic,Southern Palace,9396315a-3b0d-4cf8-b48e-f0dd3850a668
RS 19.119,35.7831075,35.6012271,Akkadian,Logosyllabic,Southern Palace,caad4b41-d27d-4801-bce4-a9f4fad08776
RS 19.120,35.7830627,35.6012087,Akkadian,Logosyllabic,Southern Palace,b7ccc349-8603-469d-8e8a-13cd525b0d93
RS 19.121,35.7830435,35.6012469,Akkadian,Logosyllabic,Southern Palace,304355c8-42aa-49a0-9d18-90595fa7dc0c
RS 19.122,35.7829771,35.6012401,Akkadian,Logosyllabic,Southern Palace,4832612d-555a-4dcb-beba-50b4fcec8aa3
RS 19.123,35.7829678,35.6012662,Ugaritic,Alphabetic,Between the Royal Palace and the Southern Palace,c6fbfe62-d4cf-4f97-8352-9521b9302687
RS 19.124,35.7833099,35.6009814,Akkadian,Logosyllabic,Southern Palace,d4a02838-b1ac-4437-9c3a-88e0b80887e8
RS 19.125,35.7829771,35.6012401,Akkadian,Logosyllabic,Southern Palace,36d0788f-686b-4a4f-a8c4-c012f0ed61c2
RS 19.126,35.7829771,35.6012401,Ugaritic,Alphabetic,Southern Palace,ac0e369c-817c-46bd-abb5-3945c76dc9cf
RS 19.127,35.7829771,35.6012401,Akkadian,Logosyllabic,Southern Palace,60ad41ce-92e6-4f33-8015-021afee83832
RS 19.128,35.7828323,35.6015079,Akkadian,Logosyllabic,Royal Palace,d2135e35-515c-471a-97cb-f44a3142fc3b
RS 19.129,35.7830727,35.6012242,Akkadian,Logosyllabic,Southern Palace,e62dcfe2-eaba-4bd8-a6bc-a92109a05c49
RS 19.130+,35.7830727,35.6012242,Akkadian,Logosyllabic,Southern Palace,e25832c3-a8d5-48e5-b923-b6926b466632
RS 19.131,35.7830727,35.6012242,Akkadian,Logosyllabic,Southern Palace,86be2326-0922-41ef-aefc-cb168ebabc06
RS 19.132,35.7830727,35.6012242,Akkadian,Logosyllabic,Southern Palace,ef0d2f6b-89fa-44ef-812a-dc29345124eb
RS 19.133B,35.7830727,35.6012242,Akkadian,Logosyllabic,Southern Palace,473e0433-4efa-49c1-81dd-ca18fe73282a
RS 19.133A,35.7830727,35.6012242,Akkadian,Logosyllabic,Southern Palace,636ca99f-ed6d-4b6b-bc3c-30bea353a040
RS 19.134,35.7830727,35.6012242,Akkadian,Logosyllabic,Southern Palace,e3f84c77-becf-4141-bcf5-0aa888598df7
RS 19.135,35.7830727,35.6012242,Akkadian,Logosyllabic,Southern Palace,20f50ce6-e209-461f-94e2-fc49d2f39630
RS 19.136+,35.7830727,35.6012242,Ugaritic; Akkadian,Alphabetic; Logosyllabic,Southern Palace,37391122-11eb-49e8-ab73-e7c4e81ec34b
RS 19.137,35.7830727,35.6012242,unknown,unknown,Southern Palace,9ec88699-166f-400e-96fe-4233e1f4585b
RS 19.138,35.7830727,35.6012242,Akkadian,Logosyllabic,Southern Palace,dcd94d82-20e8-49fe-881a-3f96673168a2
RS 19.139,35.7830727,35.6012242,Akkadian,Logosyllabic,Southern Palace,eff15a4c-1f1f-4013-94c6-0db062e5fecd
RS 19.140C,35.7830727,35.6012242,Akkadian,Logosyllabic,Southern Palace,a7878ce0-2bbb-4fe4-a0c4-3141a8ee7347
RS 19.140E,35.7830727,35.6012242,Ugaritic,Alphabetic,Southern Palace,0b285170-db5e-4abc-b9c5-e3c0b9e7c4ff
RS 19.140F,35.7830727,35.6012242,Ugaritic,Alphabetic,Southern Palace,7d159447-638e-418f-aa76-36eca825cf9a
RS 19.140B,35.7830727,35.6012242,Akkadian,Logosyllabic,Southern Palace,d6850982-cfbc-4e44-ba50-389df9408337
RS 19.140G,35.7830727,35.6012242,Ugaritic,Alphabetic,Southern Palace,7141a8b3-276c-496f-9fc0-0fd9a002d57b
RS 19.140D,35.7830727,35.6012242,Ugaritic,Alphabetic,Southern Palace,ffc0569d-694d-4f50-9cce-97c49d0ee7b3
RS 19.140H,35.7830727,35.6012242,Ugaritic,Alphabetic,Southern Palace,37ef4e0f-59cc-44ce-bae5-2a20e5c74592
RS 19.140J,35.7830727,35.6012242,Akkadian,Logosyllabic,Southern Palace,e7ac7b9b-7b0b-4da9-95d2-79540817f7f3
RS 19.140K,35.7830727,35.6012242,Akkadian,Logosyllabic,Southern Palace,63236d2e-4189-4e75-85da-a84735df0381
RS 19.140L,35.7830727,35.6012242,Akkadian,Logosyllabic,Southern Palace,334aed6a-a906-47ef-a68f-14c3c4ff5dd0
RS 19.140A,35.7830727,35.6012242,Akkadian,Logosyllabic,Southern Palace,ea987da2-ee1a-4ecc-9011-7dcad49ed6a8
RS 19.140I,35.7830727,35.6012242,Ugaritic,Alphabetic,Southern Palace,39e0b7e3-d03a-4424-8bb1-e5a94901e750
RS 19.141,35.7829922,35.6014332,Akkadian,Logosyllabic,Royal Palace,133aa3dc-3c4a-4638-b532-ec03e0c871e0
RS 19.142+,35.7829922,35.6014332,Hurrian,Logosyllabic,Royal Palace,1874e6b3-d5be-4f3a-a4be-5e1b276ea232
RS 19.142 [A],35.7829922,35.6014332,unknown,unknown,Royal Palace,2f5addf3-af59-4bf1-9d1e-77fcf43d3ac8
RS 19.143,35.7829922,35.6014332,Hurrian,Logosyllabic,Royal Palace,43d73b96-47e8-441d-8e85-def4828c749a
RS 19.144,35.7829922,35.6014332,Hurrian,Logosyllabic,Royal Palace,4ad2fcfa-ac77-48e7-a13a-91320abbac4b
RS 19.145,35.7829922,35.6014332,Hurrian,Logosyllabic,Royal Palace,b89b734b-5ad2-4ae4-912a-e38712c6a319
RS 19.146,35.7829922,35.6014332,Hurrian,Logosyllabic,Royal Palace,0cc5cd8f-e66e-46dc-aa22-09a847541344
RS 19.147,35.7829922,35.6014332,Hurrian,Logosyllabic,Royal Palace,164e9270-f07f-41fe-9be7-fd9556e9a78f
RS 19.148+,35.7829922,35.6014332,Hurrian,Logosyllabic,Royal Palace,999718c5-856e-4fd8-8702-afaa05288238
RS 19.148 [A],35.7829922,35.6014332,unknown,unknown,Royal Palace,bb0aa96a-f5f4-44e4-9514-614c6645f5f5
RS 19.149,35.7829922,35.6014332,Hurrian,Logosyllabic,Royal Palace,902de917-b2e9-4024-acf2-37580553d2f2
RS 19.150,35.7829922,35.6014332,Hurrian,Logosyllabic,Royal Palace,d4ec0712-5953-4578-ba15-02bfc1791bc4
RS 19.151,35.7829922,35.6014332,Hurrian,Logosyllabic,Royal Palace,96e84283-b30d-44f2-bfae-4f6654361e8a
RS 19.152+,35.7829922,35.6014332,Ugaritic; Akkadian,Alphabetic; Logosyllabic,Royal Palace,22406047-185f-40ab-9a2e-709285219158
RS 19.153,35.7829922,35.6014332,Hurrian,Logosyllabic,Royal Palace,3987d3de-08a1-45ba-a655-ee5925da69d1
RS 19.154,35.7829922,35.6014332,Hurrian,Logosyllabic,Royal Palace,ac49167d-fe60-46f0-8718-98833d6e817f
RS 19.155,35.7829922,35.6014332,Hurrian,Logosyllabic,Royal Palace,012dd4be-2fca-4fab-ad41-e1098afa02b2
RS 19.156,35.7829922,35.6014332,Hurrian,Logosyllabic,Royal Palace,dadd29e1-f0ac-40d9-bfb4-6df49e5c4880
RS 19.157C,35.7829922,35.6014332,Hurrian,Logosyllabic,Royal Palace,2440e5f7-44e2-4708-884b-e6b7f3b00671
RS 19.157E,35.7829922,35.6014332,Hurrian,Logosyllabic,Royal Palace,a96ff2a3-6d7d-41e2-9257-7dad2aaeeadd
RS 19.157F,35.7829922,35.6014332,unknown,unknown,Royal Palace,572ac061-f785-4a83-b5d7-cb51ded2205d
RS 19.157B+,35.7829922,35.6014332,Hurrian,Logosyllabic,Royal Palace,d386bf20-7d4c-41ef-a305-e2cb012d1a42
RS 19.157D,35.7829922,35.6014332,Hurrian,Logosyllabic,Royal Palace,1b3f2a1b-4e94-4eba-b38b-4c6550ed09b0
RS 19.157A,35.7829922,35.6014332,Hurrian,Logosyllabic,Royal Palace,83f1441f-d8dc-4046-9e88-44071a49e5f5
RS 19.158 [C],35.7829771,35.6012401,Ugaritic,Alphabetic,Southern Palace,06b1ff63-92f5-4da1-b363-d4c380e55432
RS 19.158 [E],35.7829771,35.6012401,Ugaritic,Alphabetic,Southern Palace,be312b00-c67c-49eb-8d96-d0cd02e878bd
RS 19.158 [F],35.7829771,35.6012401,Ugaritic,Alphabetic,Southern Palace,d59a9524-9f01-4b79-ac3d-4382f2e0ba3d
RS 19.158 [G],35.7829771,35.6012401,Ugaritic,Alphabetic,Southern Palace,da479922-e5a5-4d22-b9ea-bf4e4b6097b3
RS 19.158 [D],35.7829771,35.6012401,Ugaritic,Alphabetic,Southern Palace,982d956b-e681-4922-a1af-72c7936d8e45
RS 19.158 [H],35.7829771,35.6012401,Ugaritic,Alphabetic,Southern Palace,74476894-abe5-43f2-88df-c7844f3eee8b
RS 19.158 [J],35.7829771,35.6012401,Ugaritic,Alphabetic,Southern Palace,95d4eb5b-464e-4554-95c4-6f6b57a573b7
RS 19.158 [K],35.7829771,35.6012401,Ugaritic,Alphabetic,Southern Palace,faa5dfc0-2b88-4b5a-a9ea-0b51da5fde07
RS 19.158 [L],35.7829771,35.6012401,Ugaritic,Alphabetic,Southern Palace,9683cc6f-7470-46f4-a9d7-adeb4f1997bd
RS 19.158 [M],35.7829771,35.6012401,Ugaritic,Alphabetic,Southern Palace,9c3ee3f3-fc34-4efc-ac73-f3be9e2df9e5
RS 19.158 [N],35.7829771,35.6012401,Ugaritic,Alphabetic,Southern Palace,ca3daf59-c6ed-486b-8083-59d568d33c54
RS 19.158B,35.7829771,35.6012401,Ugaritic,Alphabetic,Southern Palace,60a16a92-d297-4ac0-bc74-b015c200c80f
RS 19.158 [I],35.7829771,35.6012401,Ugaritic,Alphabetic,Southern Palace,9b92b14c-50f2-4aa1-b7df-49bb3e6be177
RS 19.158A,35.7829771,35.6012401,Ugaritic,Alphabetic,Southern Palace,f1d99ddd-a4b8-4463-ab45-fb03782c91cd
RS 19.159,35.7830188,35.6014133,Ugaritic; Akkadian,Alphabetic; Logosyllabic,Royal Palace,a4953066-adc4-4ec8-8a6f-9fe08cca2e82
RS 19.161,35.7829922,35.6014332,Ugaritic,Alphabetic,Royal Palace,cf3777ca-a38a-40d5-85a6-b888ff736d8c
RS 19.162,35.7829922,35.6014332,unknown,unknown,Royal Palace,16af143d-7764-4300-be2c-796cee9b438a
RS 19.163,35.7829922,35.6014332,Akkadian,Logosyllabic,Royal Palace,e793a84c-6a43-4a60-a8bb-7235ea825ecc
RS 19.164C,35.7829922,35.6014332,Hurrian,Logosyllabic,Royal Palace,4acdc4d8-ed45-4fbd-b1bd-f31249601192
RS 19.164CC,35.7829922,35.6014332,Hurrian,Logosyllabic,Royal Palace,75660b10-e809-4802-8e96-c2099c9f01c1
RS 19.164E,35.7829922,35.6014332,Hurrian,Logosyllabic,Royal Palace,9abc7411-752b-46c1-b6ec-b71f1355a575
RS 19.164EE,35.7829922,35.6014332,Hurrian,Logosyllabic,Royal Palace,82f27bb1-f10c-4038-9a75-c57d23166312
RS 19.164F,35.7829922,35.6014332,Hurrian,Logosyllabic,Royal Palace,900ca580-5e08-4439-919b-4aba1926627b
RS 19.164FF,35.7829922,35.6014332,Hurrian,Logosyllabic,Royal Palace,0c6e0666-d3b9-47ef-b624-7495ce5ec84b
RS 19.164B,35.7829922,35.6014332,Hurrian,Logosyllabic,Royal Palace,df3f562f-f5e2-4367-8033-69a8108b76b1
RS 19.164BB,35.7829922,35.6014332,Hurrian,Logosyllabic,Royal Palace,2da9bdb3-dada-4c70-8940-5f4c9cd81c48
RS 19.164G,35.7829922,35.6014332,Hurrian,Logosyllabic,Royal Palace,e7ec625c-2db7-4027-8392-dcf2ca07170d
RS 19.164GG,35.7829922,35.6014332,Hurrian,Logosyllabic,Royal Palace,166a64cf-bd88-44bd-afab-3ce29a3cd1ae
RS 19.164D,35.7829922,35.6014332,Hurrian,Logosyllabic,Royal Palace,78c264ce-2f5e-4371-afd0-447f6c9c68c3
RS 19.164DD,35.7829922,35.6014332,Hurrian,Logosyllabic,Royal Palace,76924987-51e8-4de4-a58d-900934f6b95a
RS 19.164H,35.7829922,35.6014332,Hurrian,Logosyllabic,Royal Palace,cd02f3d6-11a2-4a95-9277-a5100e1020e0
RS 19.164HH,35.7829922,35.6014332,Hurrian,Logosyllabic,Royal Palace,4e822420-3653-4cf2-b210-5d2e9737d30e
RS 19.164W,35.7829922,35.6014332,Hurrian,Logosyllabic,Royal Palace,3e4fc8b8-d30c-416c-9567-4e50aa493f9b
RS 19.164Z,35.7829922,35.6014332,Hurrian,Logosyllabic,Royal Palace,3811b0e6-7073-4e41-b0da-d74afa64ce19
RS 19.164J,35.7829922,35.6014332,Hurrian,Logosyllabic,Royal Palace,5c7952a3-a5e4-4907-8aa8-b99e7ef29935
RS 19.164Y,35.7829922,35.6014332,Hurrian,Logosyllabic,Royal Palace,2197829d-a044-46e9-8d71-cc09dcea6746
RS 19.164JJ,35.7829922,35.6014332,Hurrian,Logosyllabic,Royal Palace,c066eb2b-57f2-4847-8982-71aa44cda153
RS 19.164K,35.7829922,35.6014332,Hurrian,Logosyllabic,Royal Palace,3f965012-0695-45a0-9e6c-f2fd411dab77
RS 19.164KK,35.7829922,35.6014332,Hurrian,Logosyllabic,Royal Palace,1765c0ed-411c-420c-8edd-5b5c58482dda
RS 19.164L,35.7829922,35.6014332,Hurrian,Logosyllabic,Royal Palace,359c9b50-49f0-4cc0-9ea9-247eeae61982
RS 19.164LL,35.7829922,35.6014332,Hurrian,Logosyllabic,Royal Palace,c839e443-6353-4d6b-aea6-f2d2ff9a9748
RS 19.164M,35.7829922,35.6014332,Hurrian,Logosyllabic,Royal Palace,63052358-3c18-457b-896a-3660341b5596
RS 19.164V,35.7829922,35.6014332,Hurrian,Logosyllabic,Royal Palace,a1948d91-fc32-4e27-bec0-46d8226e4122
RS 19.164MM,35.7829922,35.6014332,Hurrian,Logosyllabic,Royal Palace,b5c3de6f-f584-44ce-8bdf-e574cbe8d11c
RS 19.164N,35.7829922,35.6014332,Hurrian,Logosyllabic,Royal Palace,9a86b87b-503a-44e3-9ac6-da7cf88db863
RS 19.164X,35.7829922,35.6014332,Hurrian,Logosyllabic,Royal Palace,cd942b79-9b5d-4416-ae92-1be3ac551ed2
RS 19.164NN,35.7829922,35.6014332,Hurrian,Logosyllabic,Royal Palace,8ffac65f-1cf6-41c1-afd5-49b325b98bda
RS 19.164S,35.7829922,35.6014332,Hurrian,Logosyllabic,Royal Palace,0481b745-e7cf-460f-a591-cd024ff094ac
RS 19.164P,35.7829922,35.6014332,Hurrian,Logosyllabic,Royal Palace,c26ae5eb-3a5a-45f3-808f-475ecbc17ee3
RS 19.164PP,35.7829922,35.6014332,Hurrian,Logosyllabic,Royal Palace,0f1b159c-a41e-497c-93f0-2ec20bb145ed
RS 19.164Q,35.7829922,35.6014332,Hurrian,Logosyllabic,Royal Palace,a7e7b1b4-e16f-4635-a9d0-6796fd16f2d3
RS 19.164QQ,35.7829922,35.6014332,Hurrian,Logosyllabic,Royal Palace,deaf5d9f-fa06-4ad3-b0e5-6a9a3ce8b01c
RS 19.164R,35.7829922,35.6014332,Hurrian,Logosyllabic,Royal Palace,7fa36d65-4c30-403c-ad44-cef656d85acb
RS 19.164T,35.7829922,35.6014332,Hurrian,Logosyllabic,Royal Palace,85990245-0ef6-4032-97fe-8b240e3c2e8f
RS 19.164A,35.7829922,35.6014332,Hurrian,Logosyllabic,Royal Palace,6bb3465d-318c-45ab-be94-b899ced00246
RS 19.164I,35.7829922,35.6014332,Hurrian,Logosyllabic,Royal Palace,7dde80f7-a26c-4464-be78-a200f68ecd32
RS 19.164O,35.7829922,35.6014332,Hurrian,Logosyllabic,Royal Palace,ca25ecd5-104f-4743-9072-a7e8da40238c
RS 19.164U,35.7829922,35.6014332,Hurrian,Logosyllabic,Royal Palace,1756c832-688b-4446-8276-1693c3ed9847
RS 19.164AA,35.7829922,35.6014332,unknown,unknown,Royal Palace,c961cbb7-f376-4f01-a6df-c6f80704dad9
RS 19.164II,35.7829922,35.6014332,Hurrian,Logosyllabic,Royal Palace,265a138f-9982-41e0-926b-cba951cf3519
RS 19.164OO,35.7829922,35.6014332,Hurrian,Logosyllabic,Royal Palace,6c232d0d-771d-426a-b613-321d62f43e40
RS 19.165,35.7829405,35.6015177,Ugaritic,Alphabetic,Royal Palace,2075522a-084a-4b3c-a5b1-57cec193b3d8
RS 19.166,35.7830176,35.6014285,Ugaritic,Alphabetic,Royal Palace,b8a243b5-34ed-4d81-82f4-51598498df73
RS 19.167,35.7818956,35.6014227,unknown,unknown,Out of Context,704becc9-7e7c-4e0f-b356-69d63df97677
RS 19.167 [E],35.7829922,35.6014332,Ugaritic,Alphabetic,Royal Palace,9bc6ec1a-93a5-40d2-bf96-d379d1a78823
RS 19.167 [F],35.7829922,35.6014332,Ugaritic,Alphabetic,Royal Palace,baeea12e-3195-420a-ad1e-90ef9c0d79e9
RS 19.167 [G],35.7829922,35.6014332,Ugaritic,Alphabetic,Royal Palace,de6b619c-8da3-41cb-9b22-0f37961d80a0
RS 19.167 [H],35.7829922,35.6014332,Ugaritic,Alphabetic,Royal Palace,ed741eb6-c07a-429b-8699-702dc7908358
RS 19.167 [J],35.7829922,35.6014332,Ugaritic,Alphabetic,Royal Palace,f55137af-de0c-402d-a742-4879939f2872
RS 19.167 [K],35.7829922,35.6014332,Ugaritic,Alphabetic,Royal Palace,cbf4446a-4b2d-494b-b34b-90fc50022307
RS 19.167 [L],35.7829922,35.6014332,Ugaritic,Alphabetic,Royal Palace,55103a9f-5a70-493b-9316-e76ccc3bcf15
RS 19.167 [M],35.7829922,35.6014332,Ugaritic,Alphabetic,Royal Palace,d0c5341b-8aeb-4f3c-bc99-f5f979398181
RS 19.167 [N],35.7829922,35.6014332,Ugaritic,Alphabetic,Royal Palace,d5e93b77-d3c7-4088-82b3-e3d5ad22d274
RS 19.167 [P],35.7829922,35.6014332,Ugaritic,Alphabetic,Royal Palace,9fe4ea41-681d-407d-bbb7-9666d2719461
RS 19.167 [Q],35.7829922,35.6014332,Ugaritic,Alphabetic,Royal Palace,1df865df-a721-4a58-ad4c-b843d848e588
RS 19.167C,35.7829922,35.6014332,Ugaritic,Alphabetic,Royal Palace,e6b61244-7201-4ab4-b527-f5ecef71e876
RS 19.167B,35.7829922,35.6014332,Ugaritic,Alphabetic,Royal Palace,e8a24bc4-0152-40e5-b561-cad439cf7f77
RS 19.167D,35.7829922,35.6014332,Ugaritic,Alphabetic,Royal Palace,45cd7737-a1e2-430e-8534-f83f849b5b3f
RS 19.167 [I],35.7829922,35.6014332,Ugaritic,Alphabetic,Royal Palace,29c00934-79a0-4234-ac91-f7f2394acf7a
RS 19.167 [O],35.7829922,35.6014332,Ugaritic,Alphabetic,Royal Palace,fa5ed136-727f-4bd7-ae27-fab4d4febfeb
RS 19.167A,35.7829922,35.6014332,Ugaritic,Alphabetic,Royal Palace,e0e9ec02-2ff7-4425-b6ef-00905901ecee
RS 19.168,35.7829922,35.6014332,Ugaritic,Alphabetic,Royal Palace,81e4813b-add0-43c7-ba08-c82b735f0f64
RS 19.169,35.7829922,35.6014332,Ugaritic,Alphabetic,Royal Palace,071999e7-70bf-47d2-9a2c-5ee8bf521a47
RS 19.170,35.7829922,35.6014332,Ugaritic,Alphabetic,Royal Palace,a3af1aae-6fc2-4f2e-af60-b88c75b1d96b
RS 19.171,35.7829922,35.6014332,Ugaritic,Alphabetic,Royal Palace,8709d3e8-ebb4-4e50-898a-63a5da246a86
RS 19.172,35.7829922,35.6014332,Ugaritic,Alphabetic,Royal Palace,175411a2-547c-4a40-96ef-c3fd517c6740
RS 19.173 [E],35.7830672,35.601192,Akkadian,Logosyllabic,Southern Palace,d061c77d-0d04-4001-a52d-bae2cc6870b9
RS 19.173 [F],35.7830672,35.601192,Ugaritic,Alphabetic,Southern Palace,e1e34973-7dbc-41bb-bae4-1f2275ee2faf
RS 19.173 [G],35.7830672,35.601192,Akkadian,Logosyllabic,Southern Palace,60b0d5e3-c360-4215-8853-855de0b96233
RS 19.173C,35.7830672,35.601192,Akkadian,Logosyllabic,Southern Palace,67e95db4-ca5e-4be3-ad26-730dcf5f24f0
RS 19.173B,35.7830672,35.601192,Akkadian,Logosyllabic,Southern Palace,e26cc69e-44c5-4f74-92e1-da14188d2cf5
RS 19.173D,35.7830672,35.601192,Akkadian,Logosyllabic,Southern Palace,7f08226b-1e21-462a-93c2-981225830d57
RS 19.173A,35.7830672,35.601192,Akkadian,Logosyllabic,Southern Palace,b75f8b61-dfae-4034-ae0c-977de56c3b39
RS 19.174,35.7818956,35.6014227,Ugaritic,Alphabetic,Out of Context,de23adb3-c7c6-4fc9-a61d-01c6434c87b4
RS 19.174C,35.7829922,35.6014332,Ugaritic,Alphabetic,Royal Palace,a9ff7c36-61ac-44f9-b660-110f72c2eed9
RS 19.174E,35.7829922,35.6014332,Ugaritic,Alphabetic,Royal Palace,c989ee90-d6d5-48cf-a016-e9806ee0884e
RS 19.174F,35.7829922,35.6014332,Ugaritic,Alphabetic,Royal Palace,ae5b7202-a3f7-42fa-94c4-69aeabe4a1aa
RS 19.174B,35.7829922,35.6014332,Ugaritic,Alphabetic,Royal Palace,8e94ac84-a86e-42ae-8437-79a460bbb6e4
RS 19.174G,35.7829922,35.6014332,Ugaritic,Alphabetic,Royal Palace,a455db94-ee37-40bd-b08f-0fc645e99395
RS 19.174D,35.7829922,35.6014332,Ugaritic,Alphabetic,Royal Palace,7f6306b8-004d-45eb-98e0-7f3390b544cd
RS 19.174H,35.7829922,35.6014332,Ugaritic,Alphabetic,Royal Palace,33c263b2-7512-4f8f-9c60-b0476e2ae64f
RS 19.174A,35.7829922,35.6014332,Ugaritic,Alphabetic,Royal Palace,e9262421-6a2d-4992-84c1-00458bb4bb8d
RS 19.174I,35.7829922,35.6014332,Ugaritic,Alphabetic,Royal Palace,d9c7e73d-fa0a-452c-aaa8-9a65a436d6b0
RS 19.175,35.7829922,35.6014332,Ugaritic,Alphabetic,Royal Palace,a8b5ef2f-c897-48cc-85a8-51c7109b39de
RS 19.176,35.7829922,35.6014332,Ugaritic,Alphabetic,Royal Palace,eb061fcf-9e21-4edc-85fd-cb0c7bab26a0
RS 19.177,35.7829922,35.6014332,Ugaritic,Alphabetic,Royal Palace,119552a9-1b51-4610-b702-d3a68e77d20a
RS 19.178,35.7829922,35.6014332,Ugaritic,Alphabetic,Royal Palace,3a7e05fd-c04f-4d40-a8ca-09d8e5ed7ac4
RS 19.179,35.7829922,35.6014332,Ugaritic,Alphabetic,Royal Palace,f7a3ba8a-deb0-4025-a8e5-925ee544d9c0
RS 19.180,35.7829922,35.6014332,Ugaritic,Alphabetic,Royal Palace,ef367624-1c10-4c6e-a736-8ff726b164bb
RS 19.181B,35.7829932,35.6014257,Ugaritic,Alphabetic,Royal Palace,438ac171-3107-471b-a359-f31987218f32
RS 19.181A+,35.7829932,35.6014257,Ugaritic,Alphabetic,Royal Palace,0dd06b6f-b018-48ac-89c2-ecb261e299ac
RS 19.182,35.7828877,35.6012934,Akkadian,Logosyllabic,Between the Royal Palace and the Southern Palace,07b7b51b-9def-4402-8887-61c577bce354
RS 19.183,35.7829873,35.6014159,Ugaritic,Alphabetic,Royal Palace,ce971134-5aed-400c-b396-c88826a263c6
RS 19.183 [C],35.7829873,35.6014159,Ugaritic,Alphabetic,Royal Palace,f6925726-7139-457f-ae51-e3fa915bf1e3
RS 19.183 [E],35.7829873,35.6014159,Ugaritic,Alphabetic,Royal Palace,771a2e82-7691-4ca6-9ed1-0bf5539c95a0
RS 19.183 [F],35.7829873,35.6014159,Ugaritic,Alphabetic,Royal Palace,94e0bd40-8aa5-4778-a24b-0e2d1ab7f70f
RS 19.183 [B],35.7829873,35.6014159,Ugaritic,Alphabetic,Royal Palace,b71d3a78-ed8a-480c-bb6a-c07d2ef96b2b
RS 19.183 [G],35.7829873,35.6014159,Ugaritic,Alphabetic,Royal Palace,f2c1091c-7010-4f76-be12-5e82761f044f
RS 19.183 [D],35.7829873,35.6014159,Ugaritic,Alphabetic,Royal Palace,4c9fda18-4f28-49c0-aad6-beecaab99c3e
RS 19.183 [H],35.7829873,35.6014159,Akkadian,Logosyllabic,Royal Palace,ac76ba71-d73a-44bc-8a38-5143724b11fb
RS 19.183 [A],35.7829873,35.6014159,Ugaritic,Alphabetic,Royal Palace,cbf6b821-7909-4660-82cb-95b4edc4b2a5
RS 19.183 [I],35.7829873,35.6014159,unknown,unknown,Royal Palace,0c765c87-e4db-4375-94fe-7a69cfc5cbb4
RS 19.186,35.7831075,35.6012271,Egyptian,Hieroglyphic,Southern Palace,6077a118-6318-4056-b8d3-e6c6c50e1af1
RS 19.199,35.7830692,35.6012245,Egyptian,Hieroglyphic,Southern Palace,290b6d30-9a47-46bb-9bec-a6b3ffb5d857
RS 19.253,35.7831354,35.6014445,Akkadian,Logosyllabic,Royal Palace,761bb932-231c-45bd-b221-29c22933af06
RS 19.254,35.7830095,35.601447,Akkadian,Logosyllabic,Royal Palace,f8906337-12ca-4cac-824f-790c1d4e5de6
RS 19.255,35.7823659,35.6016876,Ugaritic,Alphabetic,Royal Palace,e8a2ca2b-66d6-4af0-b16d-3ce1581c58a8
RS 19.256,35.7823659,35.6016876,Ugaritic,Alphabetic,Royal Palace,2f964590-2f8e-4574-b4d0-9845afa5acad
RS 19.257,35.7830164,35.601477,Ugaritic,Alphabetic,Royal Palace,986be682-4b5e-4137-a37f-9f1afa8d7aeb
RS 19.258,35.7830164,35.601477,Ugaritic,Alphabetic,Royal Palace,67da1259-5821-4d42-83df-f2d5444f0161
RS 19.259,35.7830164,35.601477,Ugaritic,Alphabetic,Royal Palace,80f3a14a-d9c0-49c8-befa-e04599eb107f
RS 19.[260Aa-f],35.7818956,35.6014227,unknown,unknown,Out of Context,0db36f3a-e4e2-443c-b749-adb99f68bb1e
RS 19.[261Aa-c],35.7818956,35.6014227,unknown,unknown,Out of Context,2c98e5fe-1b5d-4a0d-a4aa-510b8a66b27e
RS 19.[262A1-12],35.7818956,35.6014227,unknown,unknown,Out of Context,d6a9d0be-8268-44ed-92eb-3b6a325015b4
RS 19.[263Aa-e],35.7818956,35.6014227,Ugaritic?,Alphabetic,Out of Context,6d73fe61-5681-4e0f-8e9e-aa17d20cf3b1
RS 19.[264Aa-Bb],35.7818956,35.6014227,unknown,unknown,Out of Context,a86c07a1-ddfb-44c7-a648-a857125a55a1
RS 19.[265a-o],35.7818956,35.6014227,unknown,unknown,Out of Context,c2be6b19-7d1c-4d28-b97f-7af165881c9c
"RS 19.164, [1]",35.7829922,35.6014332,Akkadian,Logosyllabic,Royal Palace,f66983ea-49c9-42b0-9832-3f972a1ef69c
"RS 19.164, [2]",35.7829922,35.6014332,Akkadian,Logosyllabic,Royal Palace,c784c9d8-3bd4-4d53-8a27-1e51a930872c
"RS 19.164, [3]",35.7829922,35.6014332,Akkadian,Logosyllabic,Royal Palace,db4c4598-1d7c-4543-b8f8-4786ebd6ffaa
"RS 19.164, [4]",35.7829922,35.6014332,Akkadian,Logosyllabic,Royal Palace,ca324041-e2f5-49c2-a9a4-b0f91f72cde2
"RS 19.164, [5]",35.7829922,35.6014332,Akkadian,Logosyllabic,Royal Palace,6da89bb1-cd2d-4408-a9ab-7925ee4d3c2b
"RS 19.164, [6]",35.7829922,35.6014332,Akkadian,Logosyllabic,Royal Palace,850d6dc9-95eb-4a3c-8907-1af91af31940
"RS 19.164, [7]",35.7829922,35.6014332,Akkadian,Logosyllabic,Royal Palace,00b99dcc-0276-485a-996a-f9800c8894cf
"RS 19.164, [8]",35.7829922,35.6014332,Akkadian,Logosyllabic,Royal Palace,09238b24-4422-4f9c-8294-13813e76e851
"RS 19.164, [9]",35.7829922,35.6014332,Akkadian,Logosyllabic,Royal Palace,77a2dc26-2110-40c5-823f-d4b119f54807
"RS 19.174, [1]",35.7829922,35.6014332,Ugaritic,Alphabetic,Royal Palace,0bb4c8ee-09cd-41d0-ad17-974295ef529c
"RS 19.174, [2]",35.7829922,35.6014332,Ugaritic,Alphabetic,Royal Palace,85b8a72a-8ea9-46c7-8ef6-c55a5c6b13bc
"RS 19.174, [3]",35.7829922,35.6014332,Ugaritic,Alphabetic,Royal Palace,84c9bfe3-93fe-4737-be99-ef1eaa1e1ae4
"RS 19.174, [4]",35.7829922,35.6014332,Ugaritic,Alphabetic,Royal Palace,8d148c39-398f-4651-accc-5f54b63983ba
"RS 19.174, [5]",35.7829922,35.6014332,Ugaritic,Alphabetic,Royal Palace,3fcaa725-2501-45db-a18b-29a2f79c4303
"RS 19.174, [6]",35.7829922,35.6014332,Ugaritic,Alphabetic,Royal Palace,a23707ef-4dcd-4e00-9f9c-eefd07c707f8
"RS 19.174, [7]",35.7829922,35.6014332,Ugaritic,Alphabetic,Royal Palace,3e8f5427-f2a4-47ca-8da9-5c530b46125d
"RS 19.174, [8]",35.7829922,35.6014332,Ugaritic,Alphabetic,Royal Palace,456193c6-ca6f-43d2-a9d6-1e39e1ba8de2
"RS 19.174, [9]",35.7829922,35.6014332,Ugaritic,Alphabetic,Royal Palace,df808366-72bd-45b6-b4f7-4e550ba61765
"RS 19.164, [10]",35.7829922,35.6014332,Akkadian,Logosyllabic,Royal Palace,b298d2ee-0c3f-4b04-b7b3-90e65643c7f5
"RS 19.164, [11]",35.7829922,35.6014332,Akkadian,Logosyllabic,Royal Palace,3ea2c539-03b6-4004-ab40-70b5833fd80b
"RS 19.164, [12]",35.7829922,35.6014332,Akkadian,Logosyllabic,Royal Palace,f673e83f-3438-4038-ba95-6258b7064a04
"RS 19.164, [13]",35.7829922,35.6014332,Akkadian,Logosyllabic,Royal Palace,ee875ce6-4654-46e5-bf4b-9995948ce007
"RS 19.164, [14]",35.7829922,35.6014332,Akkadian,Logosyllabic,Royal Palace,dcad3876-9d38-4b58-9826-b6834deeb66b
"RS 19.164, [15]",35.7829922,35.6014332,Akkadian,Logosyllabic,Royal Palace,e8ecfe10-4a64-4e28-aeb7-6aa9abe1baac
"RS 19.164, [16]",35.7829922,35.6014332,Akkadian,Logosyllabic,Royal Palace,4ddbc2b7-e351-4cdc-ba74-c2e777aad359
"RS 19.164, [17]",35.7829922,35.6014332,Akkadian,Logosyllabic,Royal Palace,a063c2ce-cbc9-48d6-b13f-7a7c238c1444
"RS 19.164, [18]",35.7829922,35.6014332,Akkadian,Logosyllabic,Royal Palace,d2ba38e1-0110-417a-8ced-5c93a4ab5491
"RS 19.164, [19]",35.7829922,35.6014332,Akkadian,Logosyllabic,Royal Palace,be878587-e8ae-42d3-b175-58f2f82972f9
"RS 19.164, [20]",35.7829922,35.6014332,Akkadian,Logosyllabic,Royal Palace,1ff00869-05cb-4f89-981d-c814396ae30d
"RS 19.164, [21]",35.7829922,35.6014332,Akkadian,Logosyllabic,Royal Palace,71c62022-22e4-4059-9034-9e0338eecd34
"RS 19.164, [22]",35.7829922,35.6014332,Akkadian,Logosyllabic,Royal Palace,43924b6c-5ab2-4f8c-a9fc-1c54a491eeab
"RS 19.164, [23]",35.7829922,35.6014332,Akkadian,Logosyllabic,Royal Palace,e4d957ae-e7eb-43a9-8826-56907e0957e6
"RS 19.164, [24]",35.7829922,35.6014332,Akkadian,Logosyllabic,Royal Palace,680dd282-d6b2-4d15-a4b8-4677b97d1b43
"RS 19.164, [25]",35.7829922,35.6014332,Akkadian,Logosyllabic,Royal Palace,cff0e074-25c7-4cc9-895b-0d284deee7fb
"RS 19.164, [26]",35.7829922,35.6014332,Akkadian,Logosyllabic,Royal Palace,65ef5124-162c-476e-8953-d7fc97729ad7
"RS 19.164, [27]",35.7829922,35.6014332,Akkadian,Logosyllabic,Royal Palace,940197d6-518b-4fc7-b65c-f0cb30adc5fe
"RS 19.164, [28]",35.7829922,35.6014332,Akkadian,Logosyllabic,Royal Palace,c3ecdaa1-29fe-46b9-8afb-bc2127d153e5
"RS 19.164, [29]",35.7829922,35.6014332,Akkadian,Logosyllabic,Royal Palace,ee795a69-1dcc-4457-975f-11e7ff6d0337
"RS 19.164, [30]",35.7829922,35.6014332,Akkadian,Logosyllabic,Royal Palace,95a1de17-2b67-4cb4-8897-b061f895dc06
"RS 19.164, [31]",35.7829922,35.6014332,Akkadian,Logosyllabic,Royal Palace,963151a9-4039-4ba2-b7ab-6a73d97f11a5
"RS 19.164, [32]",35.7829922,35.6014332,Ugaritic,Alphabetic,Royal Palace,85ecc5f4-74f7-48b5-b8ff-93c4c0ef6d79
"RS 19.164, [33]",35.7829922,35.6014332,Ugaritic,Alphabetic,Royal Palace,5426c479-6546-4f46-8abd-44f009244a97
"RS 19.164, [34]",35.7829922,35.6014332,Ugaritic,Alphabetic,Royal Palace,bc39cdbf-1fd7-4cf9-9051-18e0104f2495
"RS 19.164, [35]",35.7829922,35.6014332,Ugaritic,Alphabetic,Royal Palace,a4d5167b-f4b0-4a87-861a-29e78a3b9c61
"RS 19.164, [36]",35.7829922,35.6014332,Ugaritic,Alphabetic,Royal Palace,2a59b714-0cdd-42d1-b7a2-6a31d75bef2d
"RS 19.174, [10]",35.7829922,35.6014332,Ugaritic,Alphabetic,Royal Palace,ad005c8f-f9e3-47ff-9968-4aa5ff905998
"RS 19.174, [11]",35.7829922,35.6014332,Ugaritic,Alphabetic,Royal Palace,5e156346-6cf2-41e8-8260-64ac86f43b36
"RS 19.174, [12]",35.7829922,35.6014332,Ugaritic,Alphabetic,Royal Palace,9e936cc7-b14c-4f7d-9d87-64dbe63959e1
"RS 19.174, [13]",35.7829922,35.6014332,Ugaritic,Alphabetic,Royal Palace,f1404e8a-0793-43ff-b82d-dd8fbea61af5
"RS 19.174, [14]",35.7829922,35.6014332,Ugaritic,Alphabetic,Royal Palace,9a783d72-73ec-48ad-949c-127148ce26f1
"RS 19.174, [15]",35.7829922,35.6014332,Ugaritic,Alphabetic,Royal Palace,6a174923-dbcb-487b-a639-14abbabd939c
"RS 19.174, [16]",35.7829922,35.6014332,Ugaritic,Alphabetic,Royal Palace,608483ce-d0b5-4e69-b361-ba4129cb48af
"RS 19.174, [17]",35.7829922,35.6014332,Ugaritic,Alphabetic,Royal Palace,bc6524a9-4512-446b-8a6d-ae01826c3918
"RS 19.174, [18]",35.7829922,35.6014332,Ugaritic,Alphabetic,Royal Palace,dd11069c-907b-4ee8-90ec-0e2ac6903d7b
"RS 19.174, [19]",35.7829922,35.6014332,Ugaritic,Alphabetic,Royal Palace,92db8dba-6b8a-43ba-8cb4-fb3d3936f393
"RS 19.174, [20]",35.7829922,35.6014332,Ugaritic,Alphabetic,Royal Palace,4eb214b1-6c65-4304-8dc4-789f9e2d375d
"RS 19.174, [21]",35.7829922,35.6014332,Ugaritic,Alphabetic,Royal Palace,27c100ae-9e44-4105-85f0-0fa7c96ba2b0
"RS 19.174, [22]",35.7829922,35.6014332,Ugaritic,Alphabetic,Royal Palace,ac4a1e25-6c9b-4639-b1c1-dbde5bd14243
"RS 19.174, [23]",35.7829922,35.6014332,Ugaritic,Alphabetic,Royal Palace,ac186132-95c2-4e21-a64f-27fb0a5c22db
"RS 19.174, [24]",35.7829922,35.6014332,Ugaritic,Alphabetic,Royal Palace,fa311a8a-737e-4797-8e18-f4d81b87ae07
"RS 19.174, [25]",35.7829922,35.6014332,Ugaritic,Alphabetic,Royal Palace,d0d1e174-2f69-44ec-ae29-0680ac83c4fd
"RS 19.174, [26]",35.7829922,35.6014332,Ugaritic,Alphabetic,Royal Palace,60c6de31-ab8d-4e26-a6b2-1ea8f7cb700a
"RS 19.174, [27]",35.7829922,35.6014332,Ugaritic,Alphabetic,Royal Palace,f9fb0273-5e7f-4c57-a18b-cc365d8037a2
"RS 19.174, [28]",35.7829922,35.6014332,Ugaritic,Alphabetic,Royal Palace,5cde6375-d963-4afd-9988-8331ab474e29
"RS 19.174, [29]",35.7829922,35.6014332,Ugaritic,Alphabetic,Royal Palace,0df1283a-abf1-4f36-941c-bad4eead1346
"RS 19.174, [30]",35.7829922,35.6014332,Ugaritic,Alphabetic,Royal Palace,16088a0f-a027-40bc-a11a-34532d533804
"RS 19.174, [31]",35.7829922,35.6014332,Ugaritic,Alphabetic,Royal Palace,9b0a2f2a-a481-48b5-9931-d48b028eda7f
"RS 19.174, [32]",35.7829922,35.6014332,Ugaritic,Alphabetic,Royal Palace,be304172-fd7f-461e-bd97-be02b2ca0a56
"RS 19.174, [33]",35.7829922,35.6014332,Ugaritic,Alphabetic,Royal Palace,4fa0509c-d46a-4a92-8f3f-0a4baa9cc2aa
"RS 19.174, [34]",35.7829922,35.6014332,Ugaritic,Alphabetic,Royal Palace,fecc0b91-097c-41ed-9edc-df0ad1f327e8
"RS 19.174, [35]",35.7829922,35.6014332,Akkadian,Logosyllabic,Royal Palace,2b877885-720c-49c6-9827-9d9b4418ab69
"RS 19.174, [36]",35.7829922,35.6014332,Akkadian,Logosyllabic,Royal Palace,85b4c0e8-0d0f-4abb-8eba-f2dabc2db28e
"RS 19.174, [37]",35.7829922,35.6014332,Akkadian,Logosyllabic,Royal Palace,83f4fce4-d270-45dd-94ca-b102edebdfd4
"RS 19.174, [38]",35.7829922,35.6014332,Akkadian,Logosyllabic,Royal Palace,c325c8a7-3d0b-4c9c-93a1-3b519cefb776
"RS 19.174, [39]",35.7829922,35.6014332,Akkadian,Logosyllabic,Royal Palace,eb762620-7b7c-4d81-8426-9f8fe78a14a6
"RS 19.174, [40]",35.7829922,35.6014332,Akkadian,Logosyllabic,Royal Palace,10f9324b-c319-48bd-812e-a5955ebc685b
"RS 19.174, [41]",35.7829922,35.6014332,Akkadian,Logosyllabic,Royal Palace,0492fb8f-65f7-4b97-b802-185aa02f7251
"RS 19.174, [42]",35.7829922,35.6014332,Ugaritic,Alphabetic,Royal Palace,4c0d36a6-4052-45b6-aa25-83d1e55fd943
"RS 19.174, [43]",35.7829922,35.6014332,Ugaritic,Alphabetic,Royal Palace,bb436ce7-4e6c-4457-86c5-aa9321b06dbb
"RS 19.174, [44]",35.7829922,35.6014332,Ugaritic,Alphabetic,Royal Palace,459ca1c3-059d-408e-8f20-8f911cb2f638
"RS 19.174, [45]",35.7829922,35.6014332,Ugaritic,Alphabetic,Royal Palace,c99b74e1-4743-40cd-a471-34ecaba42cae
"RS 19.174, [46]",35.7829922,35.6014332,Ugaritic,Alphabetic,Royal Palace,ae9f3c3d-147b-4f83-ae34-f53294a1a90a
"RS 19.174, [47]",35.7829922,35.6014332,Ugaritic,Alphabetic,Royal Palace,d5636d52-5eef-4ae9-b49b-34745b5415de
"RS 19.174, [48]",35.7829922,35.6014332,Ugaritic,Alphabetic,Royal Palace,2c87e44d-256a-453f-8c77-8574b9439d29
"RS 19.174, [49]",35.7829922,35.6014332,Akkadian,Logosyllabic,Royal Palace,64933b72-679c-4562-a3f7-5e56e6d81921
"RS 19.174, [50]",35.7829922,35.6014332,Akkadian,Logosyllabic,Royal Palace,e742f18d-1009-44aa-9457-6aed8416af42
"RS 19.174, [51]",35.7829922,35.6014332,Akkadian,Logosyllabic,Royal Palace,4bffb629-9679-48b8-8dc8-f4501ea6ec9c
"RS 19.174, [52]",35.7829922,35.6014332,Akkadian,Logosyllabic,Royal Palace,c61701b0-e864-41fc-bf5e-26d383cd32e1
"RS 19.174, [53]",35.7829922,35.6014332,Akkadian,Logosyllabic,Royal Palace,5cdb5b20-88d1-41b8-9a8c-1c52e4aec335
"RS 19.174, [54]",35.7829922,35.6014332,Akkadian,Logosyllabic,Royal Palace,5b8e82db-9629-4a1d-8d4a-da0c10a8629c
"RS 19.174, [55]",35.7829922,35.6014332,Akkadian,Logosyllabic,Royal Palace,8e391074-7504-4e23-84cd-b6290868fe5d
"RS 19.174, [56]",35.7829922,35.6014332,Akkadian,Logosyllabic,Royal Palace,59fffe55-fe73-46e5-8cfd-4339f6d5f8a2
RS 20.001,35.7843585,35.6022281,Akkadian,Logosyllabic,Residential Quarter,cab645fe-ae32-4f28-87de-398266507e57
RS 20.002,35.7849617,35.6019901,Ugaritic,Alphabetic,unknown,bc25170d-1003-42f9-9248-406b8b0de3dd
RS 20.003,35.7843679,35.6022262,Akkadian,Logosyllabic,Residential Quarter,267e1f39-cbc0-4dba-a301-097680ba4da3
RS 20.004,35.7843715,35.6022372,Akkadian,Logosyllabic,Residential Quarter,a550c5ce-a1d6-47dd-b1d9-794713923f62
RS 20.005,35.7841709,35.6018256,Ugaritic,Alphabetic,Residential Quarter,c6fc6918-2271-4a69-a46b-2a74c6d28b3b
RS 20.006,35.7843718,35.6022307,Akkadian,Logosyllabic,Residential Quarter,d75a82ae-4c93-4138-80bb-5dcbe5dbf1a7
RS 20.007,35.7841709,35.6018256,Akkadian,Logosyllabic,Residential Quarter,43e8b65c-fc4b-49dd-9f85-44d0f5f53357
RS 20.008,35.7843829,35.6022211,Ugaritic,Alphabetic,Residential Quarter,200e9176-b270-4341-91ff-d4f3c0c859ad
RS 20.009,35.7843395,35.6018301,Ugaritic,Alphabetic,Residential Quarter,980a18ab-4253-4979-a53b-87bb048af2fa
RS 20.010,35.7843799,35.6022298,Ugaritic,Alphabetic,Residential Quarter,2c882558-3e85-4636-8b2f-28498331fb24
RS 20.011,35.7843877,35.6022366,Akkadian,Logosyllabic,Residential Quarter,e0000a9a-60e7-4ae8-b029-ce4cadcd74e4
RS 20.012,35.7843901,35.6022432,Akkadian,Logosyllabic,Residential Quarter,3d9ed553-3969-44c8-b7eb-5e25b779158e
RS 20.013,35.7843715,35.6022372,Akkadian,Logosyllabic,Residential Quarter,53c46e76-0aae-4468-ac91-981dc89ad665
RS 20.014,35.7843685,35.6022119,Akkadian,Logosyllabic,Residential Quarter,2caa0ca5-c33b-4b40-9065-e293585046ee
RS 20.015,35.7843935,35.6022247,Akkadian,Logosyllabic,Residential Quarter,eb157d5c-0fc0-42dc-86b9-26ce6a717e01
RS 20.016,35.7843655,35.6022206,Akkadian,Logosyllabic,Residential Quarter,50b0ce6d-7336-4ef1-b85b-521f6aaa3cee
RS 20.017,35.7843931,35.6022345,Akkadian,Logosyllabic,Residential Quarter,0856d6c8-2d53-41b4-bfda-d408db5fc988
RS 20.018,35.7843931,35.6022345,Akkadian,Logosyllabic,Residential Quarter,31068bc6-9436-41ca-b386-4a5852616b5c
RS 20.019,35.7843839,35.6022299,Akkadian,Logosyllabic,Residential Quarter,c3de64f8-dfea-415c-9825-ffdb83df2a18
RS 20.020,35.7843675,35.6022371,Akkadian,Logosyllabic,Residential Quarter,742a9d4b-abfa-4031-ba63-d72167af52c6
RS 20.021,35.7843675,35.6022371,Akkadian,Logosyllabic,Residential Quarter,6db1ca65-4e1c-4ba7-80d7-2a2bd8e1922f
RS 20.022,35.7843935,35.6022247,Akkadian,Logosyllabic,Residential Quarter,1e35953b-9d98-408f-9111-95560da7af74
RS 20.023,35.7843934,35.6022268,Akkadian,Logosyllabic,Residential Quarter,302ac634-22e1-434c-a4fd-089f0a59ab9d
RS 20.024,35.7844193,35.6022517,Akkadian,Logosyllabic,Residential Quarter,c042d8de-2240-4c53-893c-543779a87275
RS 20.025,35.7843756,35.6022362,Cypro-Minoan,Syllabic,Residential Quarter,fee6ac96-a03c-48ac-9faa-e26b367f4f45
RS 20.032,35.7843973,35.6022302,Akkadian,Logosyllabic,Residential Quarter,b2bad4ef-6195-4b15-9cab-3fc8c92f72cd
RS 20.033,35.7843958,35.6022357,Akkadian,Logosyllabic,Residential Quarter,f2f21b9e-6297-4531-ba18-8cdcb84d3bba
RS 20.035,35.7843271,35.6022064,Egyptian,Hieroglyphic,Residential Quarter,2d5be4c4-476c-4541-9b9a-c51a506eb61c
RS 20.095,35.7843811,35.6022342,Akkadian,Logosyllabic,Residential Quarter,b39b6526-7f5c-49a6-a7ed-ad8fb4803dad
RS 20.121,35.784389,35.6022377,Akkadian,Logosyllabic,Residential Quarter,9e6c5a2c-6391-4189-ab98-c5d9b27e4c99
RS 20.122,35.7843689,35.6022372,Akkadian,Logosyllabic,Residential Quarter,44c387fb-d175-48ba-a09c-4e0395da8224
RS 20.123+,35.7844163,35.6022253,Akkadian; Hurrian; Sumerian; Ugaritic,Logosyllabic,Residential Quarter,9ed65b58-51ef-4ac5-8e16-9c457a10f49f
RS 20.124,35.7842995,35.6019527,Akkadian,Logosyllabic,Residential Quarter,812fb5d2-ec49-4f4c-a8b1-67d08c826ea6
RS 20.125+,35.7843662,35.602236,Akkadian,Logosyllabic,Residential Quarter,80913f5b-066e-4fad-bdcf-df10412f2f79
RS 20.126C,35.7843685,35.6022119,unknown,unknown,Residential Quarter,fae934ff-9828-44ba-9a85-384948c163d6
RS 20.126E,35.7843685,35.6022119,Akkadian,Logosyllabic,Residential Quarter,abe58830-56ff-48d3-8227-08ab1cb78b26
RS 20.126F,35.7843685,35.6022119,Akkadian,Logosyllabic,Residential Quarter,40eb56c3-660b-428c-8734-268caed5152d
RS 20.126B+,35.7843685,35.6022119,Akkadian,Logosyllabic,Residential Quarter,0b6efa1b-ca83-4b42-ba1a-9d92e7c7a5f6
RS 20.126D,35.7843685,35.6022119,Akkadian,Logosyllabic,Residential Quarter,9f45e918-a566-43e1-b445-7fabc1b1a930
RS 20.126A,35.7843685,35.6022119,Akkadian,Logosyllabic,Residential Quarter,bc8c5130-e7f6-4f4e-aeec-d0a0201169f0
RS 20.127C+,35.7843685,35.6022119,Akkadian,Logosyllabic,Residential Quarter,ab151632-432b-4e42-9ce6-28a6f17629ee
RS 20.127B,35.7843685,35.6022119,Akkadian,Logosyllabic,Residential Quarter,9000e1e1-ed8f-4ea4-aee7-4d9ed29ed468
RS 20.127A,35.7843685,35.6022119,Akkadian,Logosyllabic,Residential Quarter,6efbfcfe-e9ff-402a-8a13-5f007bddc839
RS 20.128,35.7843685,35.6022119,Akkadian,Logosyllabic,Residential Quarter,08778e4b-9192-450e-a69a-31bd7b69aeb9
RS 20.129B,35.7844163,35.6022253,Akkadian,Logosyllabic,Residential Quarter,8d898d3f-e357-447b-af7a-5d0f7006fb14
RS 20.129A,35.7844163,35.6022253,Akkadian,Logosyllabic,Residential Quarter,703e9147-6e56-48dc-976d-ee9d1deaab70
RS 20.130,35.7843854,35.6022255,Akkadian,Logosyllabic,Residential Quarter,eb20de12-36f0-4f84-a305-0001372bdbb4
RS 20.131,35.7843854,35.6022255,Akkadian,Logosyllabic,Residential Quarter,f9e2db6e-0d30-44f3-88a4-d34741b808ea
RS 20.132B,35.7843495,35.6022169,Akkadian,Logosyllabic,Residential Quarter,f806ff87-c070-4a87-bc84-c410b3341d67
RS 20.132A+,35.7843495,35.6022169,Akkadian,Logosyllabic,Residential Quarter,004e86b5-ca8a-4506-9a6c-b78cec8c9fbd
RS 20.133 [B],35.7843715,35.6022372,Akkadian,Logosyllabic,Residential Quarter,6b9a9ba3-47ff-4049-8e92-fe6046c54005
RS 20.133 [A],35.7843715,35.6022372,Akkadian,Logosyllabic,Residential Quarter,3ff7ffcd-31df-467e-bbf7-a8c34d96afe8
RS 20.134,35.7843894,35.6022267,Akkadian,Logosyllabic,Residential Quarter,46c9f3b4-e49e-4c8f-96e8-d276677c035b
RS 20.135+,35.7843935,35.6022247,Akkadian,Logosyllabic,Residential Quarter,f0cbd55a-d0c1-4a11-bfa3-e66443233187
RS 20.136,35.7843935,35.6022247,Ugaritic; Akkadian,Alphabetic; Logosyllabic,Residential Quarter,b1d37b3e-8712-451a-b1f0-68533e0edc4e
RS 20.137,35.7843759,35.6022286,Akkadian,Logosyllabic,Residential Quarter,c1597db2-db10-4023-96bb-b3d4de6bc3a2
RS 20.138,35.7843759,35.6022286,Akkadian,Logosyllabic,Residential Quarter,5c84e9de-a40e-4632-b9ee-a0c02a81f7d8
RS 20.139,35.7843919,35.6022323,Akkadian,Logosyllabic,Residential Quarter,94e419a7-3580-45b9-839b-f29152bd28e2
RS 20.140,35.7843685,35.6022119,Akkadian,Logosyllabic,Residential Quarter,958d7e33-a1a8-4c2c-9d63-428e2326ae11
RS 20.141,35.7843715,35.6022372,Akkadian,Logosyllabic,Residential Quarter,bd5f3ca1-d823-40dd-a61a-8b0a0f544b86
RS 20.141 [D],35.7843715,35.6022372,unknown,unknown,Residential Quarter,0b8c8c19-d66c-40fa-87d1-a9e9e0220a7d
RS 20.141C,35.7843715,35.6022372,Akkadian,Logosyllabic,Residential Quarter,f289fd42-b87d-4354-b3a4-f86d2158d040
RS 20.141B,35.7843715,35.6022372,Akkadian,Logosyllabic,Residential Quarter,18afd040-9668-467d-a80b-215c23d3a168
RS 20.141A+,35.7843715,35.6022372,Akkadian,Logosyllabic,Residential Quarter,df28f7b2-b599-431f-b429-26225381ead5
RS 20.142C,35.7843934,35.6022268,Akkadian,Logosyllabic,Residential Quarter,f04e4e93-7fed-4097-b13d-57d65d1478c2
RS 20.142E,35.7843934,35.6022268,unknown,unknown,Residential Quarter,b0726e8f-c99f-42a5-ac04-353eb346c4fe
RS 20.142F,35.7843934,35.6022268,Akkadian,Logosyllabic,Residential Quarter,a6a4d5fa-2b29-464a-bd49-945028351673
RS 20.142B,35.7843934,35.6022268,Akkadian,Logosyllabic,Residential Quarter,75c68301-ba74-4df4-9063-e3cc2b8c6c53
RS 20.142D+,35.7843934,35.6022268,Akkadian,Logosyllabic,Residential Quarter,1c77a1c2-4737-45d5-a009-a9ad11172383
RS 20.142A,35.7843934,35.6022268,Akkadian,Logosyllabic,Residential Quarter,13c473a3-5663-4ba0-bc13-a74db9ef9b32
RS 20.143C,35.7843876,35.6022059,unknown,unknown,Residential Quarter,92200493-5263-4b0e-8db5-d61b911a0055
RS 20.143E,35.7843876,35.6022059,Akkadian,Logosyllabic,Residential Quarter,6f0fb06f-72f3-40e4-bf66-1862f8c447be
RS 20.143F,35.7843876,35.6022059,Akkadian,Logosyllabic,Residential Quarter,f749aa1a-147d-4f84-a42d-1553b6f0264f
RS 20.143B,35.7843876,35.6022059,Akkadian,Logosyllabic,Residential Quarter,c38fe5b8-33cb-4017-9cf7-7b70d572981b
RS 20.143G,35.7843876,35.6022059,Akkadian,Logosyllabic,Residential Quarter,e4da90d0-a620-4a0d-b580-46bd246c1bc4
RS 20.143D+,35.7843876,35.6022059,Akkadian,Logosyllabic,Residential Quarter,23414024-ac52-4247-8b59-d8d7cab875c8
RS 20.143H+,35.7843876,35.6022059,Akkadian,Logosyllabic,Residential Quarter,2b39299f-c9b0-47bf-b346-3e9ee3ad5f83
RS 20.143J,35.7843876,35.6022059,unknown,unknown,Residential Quarter,000048f3-3f18-4850-b140-2889091c31b9
RS 20.143A,35.7843876,35.6022059,unknown,unknown,Residential Quarter,0c7dcb5f-5ec6-489d-9a6e-194feb00cc49
RS 20.144C-G,35.7843876,35.6022059,unknown,unknown,Residential Quarter,c8ff6027-5844-4a8c-adc0-ad9c6dba2921
RS 20.144B,35.7843876,35.6022059,unknown,unknown,Residential Quarter,8f83bd52-ee2d-42b4-8e86-6a8b97f0d788
RS 20.144H,35.7843876,35.6022059,Akkadian,Logosyllabic,Residential Quarter,6041478b-3c29-45a0-b848-045ff12f927b
RS 20.144W,35.7843876,35.6022059,Akkadian,Logosyllabic,Residential Quarter,2f9526bf-02d1-4d5f-ab57-21483498e097
RS 20.144Y,35.7843876,35.6022059,Akkadian,Logosyllabic,Residential Quarter,3b687912-4184-443f-ab5c-ab8a81c6f926
RS 20.144K,35.7818956,35.6014227,unknown,unknown,Out of Context,a9a5fbc3-828f-4034-8ce4-c19e813d0f7f
RS 20.144L,35.7843876,35.6022059,Akkadian,Logosyllabic,Residential Quarter,6c99f061-5248-4706-bb49-d3d713cbabcb
RS 20.144M,35.7843876,35.6022059,Akkadian,Logosyllabic,Residential Quarter,fe540876-7aca-4efe-8584-7484bc499dc1
RS 20.144V,35.7843876,35.6022059,Akkadian,Logosyllabic,Residential Quarter,ae4c8865-cdda-46c1-9d60-b36998bafa3c
RS 20.144N,35.7843876,35.6022059,Akkadian,Logosyllabic,Residential Quarter,0b01ba35-ea9a-45d4-bee9-0b50327083ac
RS 20.144X,35.7843876,35.6022059,Akkadian,Logosyllabic,Residential Quarter,587f2ef6-e4e3-4642-95d6-b0abda66cf84
RS 20.144S,35.7843876,35.6022059,Akkadian,Logosyllabic,Residential Quarter,7a4b4f72-ad5c-4dc1-8911-0ead75117fe1
RS 20.144P,35.7843876,35.6022059,Akkadian,Logosyllabic,Residential Quarter,f81fd7ec-6217-46a6-8270-8fa7853b49f5
RS 20.144Q,35.7843876,35.6022059,Akkadian,Logosyllabic,Residential Quarter,d3b7340e-c951-4daa-b43c-a089a3e7e723
RS 20.144R,35.7843876,35.6022059,Akkadian,Logosyllabic,Residential Quarter,a8646e97-6d51-43f1-93e4-a29e0e551a7a
RS 20.144T,35.7843876,35.6022059,Akkadian,Logosyllabic,Residential Quarter,10cdcd64-8283-43d5-b0e3-3cf9aa7cf529
RS 20.144A+,35.7843876,35.6022059,Akkadian,Logosyllabic,Residential Quarter,6600bab1-96e2-4e06-959b-59868cbd7d28
RS 20.144I-J,35.7843876,35.6022059,unknown,unknown,Residential Quarter,e071db8a-1766-456c-b5fc-6ef66ee22f77
RS 20.144O,35.7843876,35.6022059,Akkadian,Logosyllabic,Residential Quarter,563b4896-5e6b-4889-a252-86d66fb243dc
RS 20.144U,35.7843876,35.6022059,Akkadian,Logosyllabic,Residential Quarter,98172e6f-4152-4279-b585-a084205beacf
RS 20.145,35.7843679,35.6022262,Ugaritic,Alphabetic,Residential Quarter,5b5439a5-fbe3-4673-9703-7eb8569360d3
RS 20.146,35.7843679,35.6022262,Akkadian,Logosyllabic,Residential Quarter,a3246a86-fa9a-456e-aaad-aceb0be8eb45
RS 20.147,35.7843679,35.6022262,Ugaritic,Alphabetic,Residential Quarter,50b64b3a-4730-4c3e-bb5e-12ae3092c3cc
RS 20.148+,35.7843848,35.6022409,Ugaritic; Akkadian,Alphabetic; Logosyllabic,Residential Quarter,e0afbdfa-4c6f-44c8-bd7a-579b727c4d02
RS 20.149,35.784389,35.6022377,Akkadian; Hurrian; Sumerian; Ugaritic,Logosyllabic,Residential Quarter,3f80ba3a-a4e2-4f59-a85a-57feda9db415
RS 20.150,35.784389,35.6022377,Akkadian,Logosyllabic,Residential Quarter,2ea034fa-7d1d-49ef-8a91-b617823632f3
RS 20.151,35.784389,35.6022377,Akkadian,Logosyllabic,Residential Quarter,49ba0c9b-0cb8-488d-9b45-7abdd697526c
RS 20.152,35.784389,35.6022377,unknown,unknown,Residential Quarter,28b094c6-d807-43d5-96bd-1f347c10a333
RS 20.153,35.7843935,35.6022247,Akkadian,Logosyllabic,Residential Quarter,75efd77c-fc62-44ef-8e9b-2cef1cc684f6
RS 20.154,35.7844193,35.6022517,unknown,unknown,Residential Quarter,a970f5a1-69ed-4e29-92f7-9616fd716562
RS 20.154A,35.7844193,35.6022517,unknown,unknown,Residential Quarter,1732897a-4316-40a7-a8e0-be1a660b57c0
RS 20.155,35.7843935,35.6022247,Akkadian,Logosyllabic,Residential Quarter,9f5b756d-c991-46a2-bebe-918150eacdf0
RS 20.156,35.7843685,35.6022119,Akkadian,Logosyllabic,Residential Quarter,68627f64-bc2c-4b71-9379-9fc558684931
RS 20.157,35.7843718,35.6022296,Ugaritic; Akkadian?,Alphabetic; Logosyllabic?,Residential Quarter,f716318f-4a72-455b-9ec9-66b8c2234fc8
RS 20.158+,35.7843506,35.6022235,Akkadian,Logosyllabic,Residential Quarter,adb71218-40e7-4ad3-9173-e6e6ae2a198e
RS 20.159,35.7843506,35.6022235,Akkadian,Logosyllabic,Residential Quarter,5b415b85-c058-489f-8216-8805aadd4e64
RS 20.160C,35.7843876,35.6022059,unknown,unknown,Residential Quarter,26bf8628-5622-4dd6-b20c-71607b00b519
RS 20.160E,35.7843876,35.6022059,Akkadian,Logosyllabic,Residential Quarter,e3f8f9ab-43a7-4165-b0d0-d52d7264f2cb
RS 20.160F+,35.7843876,35.6022059,Akkadian,Logosyllabic,Residential Quarter,8e33e610-cc20-4064-bc9a-279a36ecc260
RS 20.160B,35.7843876,35.6022059,Akkadian,Logosyllabic,Residential Quarter,08a0d61d-3624-4975-9b75-39efa8875874
RS 20.160G+,35.7843876,35.6022059,Akkadian,Logosyllabic,Residential Quarter,43caee06-954e-4d11-97aa-6c93ba20e128
RS 20.160D,35.7843876,35.6022059,Akkadian,Logosyllabic,Residential Quarter,258398fe-d990-4f35-a342-26488285b77c
RS 20.160H,35.7843876,35.6022059,unknown,unknown,Residential Quarter,4e64ccb2-c6bf-469c-afe1-94963c253ee7
RS 20.160J,35.7843876,35.6022059,Akkadian,Logosyllabic,Residential Quarter,ecb1b6b5-02f5-4c47-98df-9e0a805f68ec
RS 20.160K,35.7843876,35.6022059,unknown,unknown,Residential Quarter,3fd65384-a8ee-4401-83a6-7b3524a2dedc
RS 20.160L,35.7843876,35.6022059,unknown,unknown,Residential Quarter,49485b1e-e457-4a5d-89f1-4fdf2ac1b042
RS 20.160M+,35.7843876,35.6022059,Akkadian,Logosyllabic,Residential Quarter,346427ea-06fa-4f7a-9558-e6c83510df94
RS 20.160N+,35.7843876,35.6022059,Akkadian,Logosyllabic,Residential Quarter,ed29d5f4-b40e-4538-8b2b-e1b21588225f
RS 20.160P,35.7843876,35.6022059,Akkadian,Logosyllabic,Residential Quarter,070f1ab7-b9dd-43b5-9d88-c0f2f12d6138
RS 20.160A,35.7843876,35.6022059,Akkadian,Logosyllabic,Residential Quarter,33477460-6008-4cfa-baea-2949db232bd6
RS 20.160F [bis],35.7843876,35.6022059,Akkadian,Logosyllabic,Residential Quarter,a61b4c87-bdb5-4543-b39c-584438ff6a7f
RS 20.160I,35.7843876,35.6022059,Akkadian,Logosyllabic,Residential Quarter,79c427bc-7d05-40e6-a5de-2b325be18584
RS 20.160O,35.7843876,35.6022059,unknown,unknown,Residential Quarter,40f4271a-af7c-41a9-936f-0c6cde29182a
RS 20.161+,35.7844193,35.6022517,Akkadian,Logosyllabic,Residential Quarter,ffba057f-0f39-4419-adf4-cb67ced5493f
RS 20.161C,35.7843295,35.6022131,Akkadian,Logosyllabic,Residential Quarter,cdfe4cdc-392e-4063-8fc6-7531eb257b37
RS 20.161E,35.7843295,35.6022131,Akkadian,Logosyllabic,Residential Quarter,3d787066-239a-4d6d-a011-8c6716a732cc
RS 20.161B,35.7843295,35.6022131,Akkadian,Logosyllabic,Residential Quarter,39eb50d7-aae7-407c-9112-31fcf9226b46
RS 20.161D+,35.7843295,35.6022131,Akkadian,Logosyllabic,Residential Quarter,44e26038-3762-43ef-92d6-dc45ab2c604c
RS 20.161A,35.7843295,35.6022131,Akkadian,Logosyllabic,Residential Quarter,df649092-f064-4821-948a-994ac787135b
RS 20.162,35.7843295,35.6022131,Akkadian,Logosyllabic,Residential Quarter,f5ee3777-b4dd-498a-937a-866895c5c1e3
RS 20.163,35.7843295,35.6022131,Akkadian,Logosyllabic,Residential Quarter,c9967eaf-95ef-4691-98c8-a3ea0b707f45
RS 20.164,35.7843295,35.6022131,Ugaritic,Alphabetic,Residential Quarter,ab5b579d-5855-4aa2-af32-b3769fafe2ad
RS 20.165C+,35.7843295,35.6022131,Akkadian,Logosyllabic,Residential Quarter,c933954f-bc99-4e65-a590-d9eb30f7717b
RS 20.165B+,35.7843295,35.6022131,Akkadian,Logosyllabic,Residential Quarter,24a1a99c-071a-4aed-ba40-154fb19433f9
RS 20.165D,35.7843295,35.6022131,unknown,unknown,Residential Quarter,bef31b93-f6b4-49ae-9732-3eceec514c7f
RS 20.165A,35.7843295,35.6022131,unknown,unknown,Residential Quarter,5dc0740c-c40e-4c99-8ddf-c758c40c379a
RS 20.166+,35.7843935,35.6022247,Akkadian,Logosyllabic,Residential Quarter,8169c04c-e93e-4a7a-be4d-095a808c46be
RS 20.167,35.7843854,35.6022255,Akkadian,Logosyllabic,Residential Quarter,1d20ca3e-1982-4a52-9e0d-2d445545ef65
RS 20.168+,35.7843715,35.6022372,Akkadian,Logosyllabic,Residential Quarter,e7334c2c-de2d-4700-abab-458f675ec03c
RS 20.169,35.7843799,35.6022298,Akkadian,Logosyllabic,Residential Quarter,9bf49eb2-f6fe-4eb9-8ee1-62ddd9721ef2
RS 20.170C,35.7843945,35.6022335,Akkadian,Logosyllabic,Residential Quarter,a9914a23-4e41-4a80-bcde-f38abac76614
RS 20.170E,35.7843945,35.6022335,Akkadian,Logosyllabic,Residential Quarter,fb18e6d3-82d4-4276-9734-e8607cde5238
RS 20.170B+,35.7843945,35.6022335,Akkadian,Logosyllabic,Residential Quarter,e1271245-ad24-4fd1-84f3-6ffa2f39e204
RS 20.170D,35.7843945,35.6022335,Akkadian,Logosyllabic,Residential Quarter,ab644d55-d2e1-44b3-91a5-92463aae1b3f
RS 20.170A,35.7843945,35.6022335,Akkadian,Logosyllabic,Residential Quarter,852ebd07-df39-49cb-87b9-092b033d10d9
RS 20.171,35.784384,35.6022277,unknown,unknown,Residential Quarter,7140eb8a-6176-4c3d-8704-12b3a40eb310
RS 20.171C,35.7844193,35.6022517,unknown,unknown,Residential Quarter,20aae029-5c07-4b6f-8223-5fa319eec5c8
RS 20.171E,35.7844193,35.6022517,unknown,unknown,Residential Quarter,643e70b2-9792-49f5-b427-2da60b318618
RS 20.171B+,35.7844193,35.6022517,Akkadian,Logosyllabic,Residential Quarter,b95b0cba-ba0b-446b-b671-6690fbc41f7a
RS 20.171D,35.7844193,35.6022517,Akkadian,Logosyllabic,Residential Quarter,2c87392a-8efc-4477-a2bf-9c03518a9550
RS 20.171A+,35.7844193,35.6022517,Akkadian,Logosyllabic,Residential Quarter,5dfb4248-9b7c-47c8-b091-a92145228230
RS 20.172,35.7844193,35.6022517,Akkadian,Logosyllabic,Residential Quarter,ba543a9a-6624-4ef7-aa45-ad3595817e75
RS 20.173B+,35.7843715,35.6022372,Akkadian,Logosyllabic,Residential Quarter,c4e700c9-53dc-404e-a9b2-b9ca96af4de3
RS 20.173A,35.7843715,35.6022372,Akkadian,Logosyllabic,Residential Quarter,ca2dda1a-e317-45b1-90a0-ff91778d430d
RS 20.174C,35.7843685,35.6022119,Akkadian,Logosyllabic,Residential Quarter,fa1a5438-924d-43a0-aeca-de5de9ab3024
RS 20.174B,35.7843685,35.6022119,Akkadian,Logosyllabic,Residential Quarter,d3ff8520-6abd-4971-a118-b647fa6b09f1
RS 20.174A,35.7843685,35.6022119,Akkadian,Logosyllabic,Residential Quarter,0148bb74-a50c-4893-a643-8be3c905277f
RS 20.175,35.7843609,35.6022337,Akkadian,Logosyllabic,Residential Quarter,719d15fc-aef4-40ec-8f4b-e4ca087c3473
RS 20.176,35.7843743,35.6022351,Akkadian,Logosyllabic,Residential Quarter,a3147ca1-ef50-44ac-a1a4-37da6bfa0350
RS 20.177+,35.7843743,35.6022351,Akkadian,Logosyllabic,Residential Quarter,29004d67-65ca-41a1-aff0-f8d7b8a5632b
RS 20.178,35.7843935,35.6022247,Akkadian,Logosyllabic,Residential Quarter,44c1c136-faad-44f3-a0aa-a7f5449250c1
RS 20.179 [D],35.7843715,35.6022372,Akkadian,Logosyllabic,Residential Quarter,fec90b80-8912-4aca-9621-ca00003d3942
RS 20.179C,35.7843715,35.6022372,unknown,unknown,Residential Quarter,5902da07-8f99-4b61-bf00-8cede2551d30
RS 20.179B,35.7843715,35.6022372,unknown,unknown,Residential Quarter,bf188cb4-a0d6-40f5-b211-1d0e909c8d44
RS 20.179A+,35.7843715,35.6022372,Akkadian,Logosyllabic,Residential Quarter,1218bcc4-c773-4acc-83c4-e911e991f6ba
RS 20.180C,35.7843747,35.6022242,unknown,unknown,Residential Quarter,eecef02c-5fcd-4f5d-80ac-3079335afb0d
RS 20.180E+,35.7843747,35.6022242,Akkadian,Logosyllabic,Residential Quarter,fc8473ba-54a5-4325-aa6a-cd54db6e2450
RS 20.180F,35.7843747,35.6022242,Akkadian,Logosyllabic,Residential Quarter,90081ab7-63a8-4b8c-acc0-7098ab73f226
RS 20.180B,35.7843747,35.6022242,Akkadian,Logosyllabic,Residential Quarter,45d46fc7-8bf9-4c01-ab3e-c4405702af91
RS 20.180G,35.7843747,35.6022242,Akkadian,Logosyllabic,Residential Quarter,6c81da00-e431-48d9-b9ee-e6565ee83f94
RS 20.180D,35.7843747,35.6022242,Akkadian,Logosyllabic,Residential Quarter,50147870-8074-4c93-9938-f48465eb345e
RS 20.180A,35.7843747,35.6022242,unknown,unknown,Residential Quarter,dfa18d90-84bb-4b8a-9599-03c32eadc0e9
RS 20.180alpha,35.7843747,35.6022242,unknown,unknown,Residential Quarter,96873d12-5cb6-496f-a4c5-3e77e71cd1fd
RS 20.181,35.7843662,35.602236,unknown,unknown,Residential Quarter,41792fe8-9fe3-497d-8ddd-262f7030e795
RS 20.181C,35.7843662,35.602236,unknown,unknown,Residential Quarter,453937c5-4e5c-4899-8849-33433a736a0e
RS 20.181E,35.7843662,35.602236,Akkadian,Logosyllabic,Residential Quarter,65c13d26-5fba-4346-8a68-c260cd3cb076
RS 20.181F,35.7843662,35.602236,Akkadian,Logosyllabic,Residential Quarter,65b5e9ec-87d8-4b9e-88ae-556c7c6d037c
RS 20.181B,35.7843662,35.602236,Akkadian,Logosyllabic,Residential Quarter,387c192a-4107-4202-8cdc-aa6422b8d2a3
RS 20.181G,35.7843662,35.602236,Akkadian,Logosyllabic,Residential Quarter,6b90e34f-545f-4082-b6f7-cf6cee552866
RS 20.181D,35.7843662,35.602236,unknown,unknown,Residential Quarter,ddbdda09-6eb6-459e-a96d-4589426645e4
RS 20.181H,35.7843662,35.602236,Akkadian,Logosyllabic,Residential Quarter,049f24c8-b6e1-4c1c-8879-038b926db7a1
RS 20.181J,35.7843662,35.602236,Akkadian,Logosyllabic,Residential Quarter,31736301-c2dd-4732-b9d1-eff99827c75f
RS 20.181K,35.7843662,35.602236,Akkadian,Logosyllabic,Residential Quarter,0f9db790-29b5-4a76-aa72-8478412f6324
RS 20.181A+,35.7843662,35.602236,Akkadian,Logosyllabic,Residential Quarter,89a7fa3f-de1b-42cd-8152-4733a24a12c7
RS 20.181I,35.7843662,35.602236,Akkadian,Logosyllabic,Residential Quarter,773faa7c-1d26-46d7-82bd-a432573491f3
RS 20.182C,35.7843662,35.602236,Akkadian,Logosyllabic,Residential Quarter,fb5d93a7-6e40-4dca-8de4-c3ebbafc03d9
RS 20.182B,35.7843662,35.602236,unknown,unknown,Residential Quarter,d0fb0211-b5c9-4c41-b91c-08572779caef
RS 20.182D,35.7843662,35.602236,Akkadian,Logosyllabic,Residential Quarter,1b8a5d07-1138-42dc-8d69-e3e7b2e8c208
RS 20.182A,35.7843662,35.602236,unknown,unknown,Residential Quarter,e24d06a2-405d-42cb-9944-4b3748104396
RS 20.183B,35.7843662,35.602236,Akkadian,Logosyllabic,Residential Quarter,43b3f701-371b-4ca1-ace1-1b45dae52c76
RS 20.183A,35.7843662,35.602236,Ugaritic,Alphabetic,Residential Quarter,1b5240c8-54ab-4dd6-bb57-ba8510d43dab
RS 20.184,35.7843894,35.6022267,Akkadian,Logosyllabic,Residential Quarter,b0b0d621-55ce-4163-8264-db8c2faed97f
RS 20.185C,35.7843747,35.6022242,Akkadian,Logosyllabic,Residential Quarter,887e1871-e20a-47f8-817c-a4271aae1f2c
RS 20.185E,35.7843747,35.6022242,unknown,unknown,Residential Quarter,46a48eeb-f37d-414a-a0db-09888124b7ec
RS 20.185B,35.7843747,35.6022242,unknown,unknown,Residential Quarter,54638b29-472a-42cd-9b21-6340dee0f277
RS 20.185D,35.7843747,35.6022242,unknown,unknown,Residential Quarter,a2c824f9-e8c8-4d25-aa2f-94c787d524a8
RS 20.185A,35.7843747,35.6022242,unknown,unknown,Residential Quarter,92d09402-4359-42c3-bcbd-d675a2550d17
RS 20.186C,35.7843732,35.6022285,Akkadian,Logosyllabic,Residential Quarter,6abd7dc3-162b-4cdc-9850-c863703f53b6
RS 20.186B,35.7843732,35.6022285,Akkadian,Logosyllabic,Residential Quarter,cbc90089-e8ce-42a4-aa1d-c2594c603d86
RS 20.186D,35.7843732,35.6022285,Akkadian,Logosyllabic,Residential Quarter,df039932-7bba-4ad5-8c69-007dcb6b3820
RS 20.186A,35.7843732,35.6022285,Akkadian,Logosyllabic,Residential Quarter,cff07b08-7302-4498-bdb1-1d345c977571
RS 20.187B,35.7843747,35.6022242,Akkadian,Logosyllabic,Residential Quarter,5a964e14-8e59-43d4-bfd6-40eb8c08cadf
RS 20.187A,35.7843747,35.6022242,unknown,unknown,Residential Quarter,27cfbf85-58d3-4dfd-994c-169ecba98527
RS 20.188C,35.7843715,35.6022372,Akkadian,Logosyllabic,Residential Quarter,1f291f65-30de-454c-8ec9-04bf578a1b43
RS 20.188E,35.7843715,35.6022372,Akkadian,Logosyllabic,Residential Quarter,c3130b16-209c-4e60-b7a6-85efbc337401
RS 20.188B,35.7843715,35.6022372,unknown,unknown,Residential Quarter,26109b4c-d1c0-4f0b-b713-1db2f3f3b964
RS 20.188D,35.7843715,35.6022372,unknown,unknown,Residential Quarter,a5372f31-7d9e-4624-8d35-925ebbfe5c29
RS 20.188A,35.7843715,35.6022372,unknown,unknown,Residential Quarter,cb32936c-31cd-4333-b50f-1df97ddbe023
RS 20.189C,35.7843679,35.6022262,Akkadian,Logosyllabic,Residential Quarter,13606124-86c0-4700-9123-5e10c2bfe032
RS 20.189B,35.7843679,35.6022262,unknown,unknown,Residential Quarter,b2561245-c1fe-472a-b5cd-3a773d08dc3a
RS 20.189D,35.7843679,35.6022262,Akkadian,Logosyllabic,Residential Quarter,1bd84f11-32c5-4495-b808-24e8742e531c
RS 20.189A+,35.7843679,35.6022262,Akkadian; Hurrian; Sumerian; Ugaritic,Logosyllabic,Residential Quarter,97ba7615-5ea4-4de8-9525-08d03e9cb8ca
RS 20.190B,35.7843679,35.6022262,unknown,unknown,Residential Quarter,dd0d741e-c47a-465f-a287-e89a47d3a114
RS 20.190A,35.7843679,35.6022262,unknown,unknown,Residential Quarter,e4e318e9-e2a0-424c-b68c-e18b8e776524
RS 20.191,35.7843679,35.6022262,Akkadian,Logosyllabic,Residential Quarter,c37490de-a45c-45c3-a5cc-0d9d46328906
RS 20.192,35.7843679,35.6022262,Akkadian,Logosyllabic,Residential Quarter,d024ef25-3e16-4484-be5e-dc6d194da374
RS 20.193,35.7843662,35.602236,Akkadian,Logosyllabic,Residential Quarter,1102cbf1-ca61-49f4-bc2e-c9a08bac2757
RS 20.194,35.7843662,35.602236,Akkadian,Logosyllabic,Residential Quarter,4d6f2f7a-9073-428b-ac22-3f87675b3f05
RS 20.195C,35.7843715,35.6022372,Akkadian,Logosyllabic,Residential Quarter,bd574f8b-9717-46f7-8515-234e21d3e194
RS 20.195E,35.7843715,35.6022372,Akkadian,Logosyllabic,Residential Quarter,5516b2be-12ce-4573-9163-cbac54d42de2
RS 20.195F,35.7843715,35.6022372,Akkadian,Logosyllabic,Residential Quarter,b91ab804-c2b4-4521-a2f5-559548b2e51e
RS 20.195B,35.7843715,35.6022372,Akkadian,Logosyllabic,Residential Quarter,09e5ed5b-1e9f-4575-af14-b32bbf88709e
RS 20.195G,35.7843715,35.6022372,Akkadian,Logosyllabic,Residential Quarter,a71b1156-bb11-4a34-9fb5-f523d11739b1
RS 20.195D,35.7843715,35.6022372,Akkadian,Logosyllabic,Residential Quarter,85dff17e-ee64-4a9a-839b-9ab17877bf6d
RS 20.195H,35.7843715,35.6022372,Akkadian,Logosyllabic,Residential Quarter,46e92a18-c80d-48bb-ad12-1477c6136b96
RS 20.195J,35.7843715,35.6022372,Akkadian,Logosyllabic,Residential Quarter,b37b5c97-c29b-402a-957f-1f61cd32fa66
RS 20.195K,35.7843715,35.6022372,Akkadian,Logosyllabic,Residential Quarter,9b513f19-f978-45d0-a073-8b0ac1bc9d38
RS 20.195L,35.7843715,35.6022372,Akkadian,Logosyllabic,Residential Quarter,a764dc1e-8ef4-4453-b6f7-f438525401b5
RS 20.195M,35.7843715,35.6022372,Akkadian,Logosyllabic,Residential Quarter,474cef1c-bf5f-4ef9-9e56-eb2e22e0e2da
RS 20.195N,35.7843715,35.6022372,Akkadian,Logosyllabic,Residential Quarter,e698e5d8-8170-4580-94fe-f863bd22bacb
RS 20.195S,35.7843715,35.6022372,Akkadian,Logosyllabic,Residential Quarter,7418bb29-256f-4086-8def-223804ca2d7f
RS 20.195P,35.7843715,35.6022372,unknown,unknown,Residential Quarter,1dada8e4-6fdc-4c6e-bbbb-1d3a2dfca3ab
RS 20.195Q,35.7843715,35.6022372,Akkadian,Logosyllabic,Residential Quarter,69c6eac4-0dc8-4bd0-a4d3-244e0e215e40
RS 20.195R,35.7843715,35.6022372,unknown,unknown,Residential Quarter,2a12cd4b-52b4-47f9-a136-81beffbbd940
RS 20.195A,35.7843715,35.6022372,Akkadian,Logosyllabic,Residential Quarter,e9843a77-627d-47dc-b9a1-9a6fbf8f4437
RS 20.195I,35.7843715,35.6022372,Akkadian,Logosyllabic,Residential Quarter,71251653-0053-4c7f-bd44-5da442e21444
RS 20.195O,35.7843715,35.6022372,Akkadian,Logosyllabic,Residential Quarter,31b6e864-8a87-4aac-8852-688ad686ab09
RS 20.196C,35.7843585,35.6022281,Akkadian,Logosyllabic,Residential Quarter,79c5aa85-e8eb-4ec0-af64-1dc27657c934
RS 20.196B,35.7843585,35.6022281,Akkadian,Logosyllabic,Residential Quarter,60d31959-cbf5-4b96-8603-1e92178d615c
RS 20.196D,35.7843585,35.6022281,Akkadian,Logosyllabic,Residential Quarter,86d9fb07-eba6-4955-9579-81c9804ac3f0
RS 20.196A,35.7843585,35.6022281,Akkadian,Logosyllabic,Residential Quarter,42b1d4a2-06a6-4641-b42c-ea78b3a3cc2a
RS 20.197C,35.7843935,35.6022247,unknown,unknown,Residential Quarter,2bccf3b1-0a57-48c5-92cf-10afd5db37b2
RS 20.197E,35.7843935,35.6022247,unknown,unknown,Residential Quarter,1a83740c-5807-449a-b1ba-64c4dc2c62dd
RS 20.197F,35.7843935,35.6022247,Akkadian,Logosyllabic,Residential Quarter,5bcf2025-826c-4b8b-aa04-3abb142d410a
RS 20.197B,35.7843935,35.6022247,Akkadian,Logosyllabic,Residential Quarter,58519218-b940-48df-9191-7ffd5df0ce60
RS 20.197G,35.7843935,35.6022247,unknown,unknown,Residential Quarter,783e2e31-8929-4f09-85d5-6b91926445ac
RS 20.197D,35.7843935,35.6022247,Akkadian,Logosyllabic,Residential Quarter,d3d2ee5b-284d-4a96-8ad4-3abf055737e2
RS 20.197A,35.7843935,35.6022247,unknown,unknown,Residential Quarter,40d0d908-bdbd-413e-8380-b7361db51008
RS 20.197E [bis],35.7843935,35.6022247,unknown,unknown,Residential Quarter,d4220eb5-37b2-4d07-a9fa-a1a9d6aff6ac
RS 20.198C,35.7843907,35.602229,Akkadian,Logosyllabic,Residential Quarter,fdee2ac0-b8ef-473c-be5d-4b5afcf65e4d
RS 20.198E,35.7843907,35.602229,Akkadian,Logosyllabic,Residential Quarter,c2905592-ccb0-45b5-aa70-1fa7b670639f
RS 20.198B+,35.7843907,35.602229,Akkadian,Logosyllabic,Residential Quarter,bbde37d9-9305-460b-85ed-81cedcbc8380
RS 20.198D,35.7843907,35.602229,unknown,unknown,Residential Quarter,9eab67e1-64c3-41a7-9aa0-3fb68607f8d7
RS 20.198A,35.7843907,35.602229,unknown,unknown,Residential Quarter,83cb995e-e104-4381-ba18-a03b2d1bf60a
RS 20.198A [bis],35.7843907,35.602229,Ugaritic,Alphabetic,Residential Quarter,1fa26f19-7167-488d-8b04-a9ca8d6ab88b
RS 20.199,35.7843907,35.602229,Ugaritic,Alphabetic,Residential Quarter,b95168f8-fbb2-4c54-8ede-dcc1ca050951
RS 20.200C,35.7843757,35.602233,Akkadian,Logosyllabic,Residential Quarter,580bb57a-62c7-404e-af9e-34b9af023c95
RS 20.200B,35.7843757,35.602233,Akkadian,Logosyllabic,Residential Quarter,35a87477-3d49-457f-bf1a-7ffe35786143
RS 20.200D,35.7843757,35.602233,Akkadian,Logosyllabic,Residential Quarter,4d3c21d2-4c1c-4851-b0cd-b2bc17f175f4
RS 20.200A,35.7843757,35.602233,Akkadian,Logosyllabic,Residential Quarter,64f84d37-89d6-466e-aa54-93d040ee662e
RS 20.201C,35.7843495,35.6022169,Akkadian,Logosyllabic,Residential Quarter,ce6c2725-4dcf-439b-895a-479a52b93ab9
RS 20.201E+,35.7843495,35.6022169,Akkadian,Logosyllabic,Residential Quarter,0b040aae-4343-42a0-8406-1a7ce9ae5d33
RS 20.201F,35.7843495,35.6022169,unknown,unknown,Residential Quarter,a3f35766-167c-419e-8d15-9af26839df2b
RS 20.201B,35.7843495,35.6022169,Akkadian,Logosyllabic,Residential Quarter,4e3e337f-842a-422e-8eb0-4899c26b6fb6
RS 20.201G+,35.7843495,35.6022169,Akkadian; Hurrian; Sumerian; Ugaritic,Logosyllabic,Residential Quarter,9bcb7365-0d70-4be8-850f-100232b2d171
RS 20.201D,35.7843495,35.6022169,Akkadian,Logosyllabic,Residential Quarter,c3a81911-f6ec-4c0c-99fa-cfd313b04270
RS 20.201A+,35.7843495,35.6022169,Akkadian,Logosyllabic,Residential Quarter,39a17350-c6cb-442e-90ad-5a198b4229d6
RS 20.202,35.7844163,35.6022253,unknown,unknown,Residential Quarter,2d1f60f6-44ea-4cb7-bc7a-c893e872d682
RS 20.203C,35.7843612,35.6022271,Akkadian,Logosyllabic,Residential Quarter,487031c7-0dbd-42a5-b056-755731cf1e76
RS 20.203B,35.7843612,35.6022271,Akkadian,Logosyllabic,Residential Quarter,6adaeaae-33a9-4340-9c47-96abdadaaf4b
RS 20.203A,35.7843612,35.6022271,Akkadian,Logosyllabic,Residential Quarter,efa9ffe7-cbb5-447d-8a49-4728f75cb427
RS 20.204+,35.7843894,35.6022267,Akkadian,Logosyllabic,Residential Quarter,73bdb13d-54d5-4f8a-b5a1-ae16d05081ea
RS 20.206,35.7843679,35.6022262,Akkadian,Logosyllabic,Residential Quarter,1e16548f-d648-4bec-ae6f-3801ee663c31
RS 20.207B,35.7843757,35.602233,Akkadian,Logosyllabic,Residential Quarter,81f5ae41-0be1-4804-873a-7cf25ad8d5fb
RS 20.207A,35.7843757,35.602233,Akkadian,Logosyllabic,Residential Quarter,dabc293d-7751-4035-8382-a72b4077fc5b
RS 20.208B,35.7843744,35.6022329,Akkadian,Logosyllabic,Residential Quarter,8d8990bb-b4a6-41cc-8c36-757c4bfd3a45
RS 20.208A,35.7843744,35.6022329,Akkadian,Logosyllabic,Residential Quarter,d75edb8c-bde0-41d9-aef5-b3417a3da86b
RS 20.209,35.7843744,35.6022329,Ugaritic,Alphabetic,Residential Quarter,5f96f77b-68e3-4493-ae29-d4d4aa3d61c1
RS 20.210C,35.7843747,35.6022242,Akkadian,Logosyllabic,Residential Quarter,5b6eb63e-c5e7-4f0a-bf7e-16a500f1ed82
RS 20.210B,35.7843747,35.6022242,unknown,unknown,Residential Quarter,e7eaab96-ec6e-4934-a5c4-45ae21023d2d
RS 20.210A,35.7843747,35.6022242,Akkadian,Logosyllabic,Residential Quarter,cc67d27a-fab3-4f22-99a0-2e18819d9b91
RS 20.211B,35.7843747,35.6022242,unknown,unknown,Residential Quarter,dc51eb20-960e-4621-af0c-c60684b88c28
RS 20.211A,35.7843747,35.6022242,unknown,unknown,Residential Quarter,82afec9f-8f44-4e19-b88c-faaa6436a1d8
RS 20.212,35.7843935,35.6022247,Akkadian,Logosyllabic,Residential Quarter,24118752-4fce-42d0-9393-a9f15c7aa0b1
RS 20.213,35.7843894,35.6022267,unknown,unknown,Residential Quarter,4d9453f0-26ad-49ca-a70d-0138bc473d7a
RS 20.214C,35.784384,35.6022277,Akkadian,Logosyllabic,Residential Quarter,1fb7506a-2f2e-4c88-bf0c-d71c86451a7a
RS 20.214B,35.784384,35.6022277,Akkadian,Logosyllabic,Residential Quarter,61c1e498-d276-4c98-ac58-c93c82bfa1fe
RS 20.214D,35.784384,35.6022277,Akkadian,Logosyllabic,Residential Quarter,9087fda4-d9d7-42c3-868f-25c33bd3539e
RS 20.214A,35.784384,35.6022277,Akkadian,Logosyllabic,Residential Quarter,e676d6d9-c24d-4e9e-a635-676295475193
RS 20.215,35.7843747,35.6022242,Akkadian,Logosyllabic,Residential Quarter,803b0260-6570-43cd-9494-ff3d40007f3a
RS 20.216,35.7843747,35.6022242,Akkadian,Logosyllabic,Residential Quarter,b448d122-1fc3-44eb-af3b-cf4ef3a72324
RS 20.217,35.7843773,35.6022264,Akkadian,Logosyllabic,Residential Quarter,edd8901f-a400-4421-9048-272d2e986454
RS 20.218,35.7843935,35.6022247,Akkadian,Logosyllabic,Residential Quarter,a2053019-e07f-4187-8dd1-e253bc304060
RS 20.219,35.7843935,35.6022247,Akkadian,Logosyllabic,Residential Quarter,5326f77d-43df-47a7-8eb3-f707c98b9b4a
RS 20.220,35.784381,35.6022353,Akkadian,Logosyllabic,Residential Quarter,c21e3bb5-7093-4267-980a-9ef81cc5705e
RS 20.221,35.7843829,35.6022222,Akkadian,Logosyllabic,Residential Quarter,12d56a87-aef4-461e-a237-9df33dde0444
RS 20.222,35.7843685,35.6022119,Akkadian,Logosyllabic,Residential Quarter,6e14dd48-34c5-4b90-ab8d-ef2359e6517b
RS 20.222C,35.7843685,35.6022119,unknown,unknown,Residential Quarter,6edfd47c-e08c-4387-b853-a4db45f296d2
RS 20.222E,35.7843685,35.6022119,Akkadian,Logosyllabic,Residential Quarter,57e8e1ca-3075-4459-b8ed-cbb7bfc22d90
RS 20.222F,35.7843685,35.6022119,Akkadian,Logosyllabic,Residential Quarter,55705db0-9665-4194-9342-252999603548
RS 20.222B,35.7843685,35.6022119,Akkadian,Logosyllabic,Residential Quarter,6edfdd38-4d59-460e-ba1d-cea258c43fd5
RS 20.222D,35.7843685,35.6022119,Akkadian,Logosyllabic,Residential Quarter,5f85a718-08fa-45c0-a8cd-d90652fc58f8
RS 20.222A,35.7843685,35.6022119,Akkadian,Logosyllabic,Residential Quarter,18fb20f8-f368-4a74-84a6-f32f1c213e13
RS 20.223,35.7843685,35.6022119,Ugaritic,Alphabetic,Residential Quarter,1642269f-76de-4bf3-a1c1-8010c05f2108
RS 20.224,35.7844163,35.6022253,Akkadian,Logosyllabic,Residential Quarter,0a405b9a-2bc8-416a-83ae-862e794567c8
RS 20.225,35.7843685,35.6022119,Akkadian,Logosyllabic,Residential Quarter,7b05a4de-140c-4821-9ac5-6a88afc3450e
RS 20.226,35.7843719,35.6022285,Akkadian,Logosyllabic,Residential Quarter,dc5415fb-b927-4e02-a480-fc74c2dff169
RS 20.227,35.7844093,35.6022328,Akkadian,Logosyllabic,Residential Quarter,f4a3e253-4d5e-4974-9313-a2d294950592
RS 20.228B,35.7843718,35.6022307,unknown,unknown,Residential Quarter,52ebf39a-a359-4d93-b593-6b863f90f3ac
RS 20.228A,35.7843718,35.6022307,unknown,unknown,Residential Quarter,7be9ff3f-68c9-4fbe-a89c-63ea2c0fba30
RS 20.229,35.7843754,35.6022406,unknown,unknown,Residential Quarter,b04ad82e-211c-43ad-a4f2-033f830e411e
RS 20.230,35.7843935,35.6022247,Akkadian,Logosyllabic,Residential Quarter,5603a97e-436d-4d93-a56f-0ae8c6769d4a
RS 20.231,35.7844064,35.6022382,Akkadian,Logosyllabic,Residential Quarter,d02879ad-7543-4810-8889-a446a003d7f9
RS 20.232,35.7843742,35.6022373,Akkadian,Logosyllabic,Residential Quarter,11ee7cba-6a32-48f7-9328-058ca4690eb6
RS 20.233,35.7843743,35.6022351,Akkadian,Logosyllabic,Residential Quarter,3f871517-b14d-4589-85a4-57db611d9d7d
RS 20.234B,35.7843718,35.6022296,Akkadian,Logosyllabic,Residential Quarter,5e0a4aa2-63bb-4c4c-a9e7-75291a55adbe
RS 20.234A,35.7843718,35.6022296,unknown,unknown,Residential Quarter,aa92b36f-1b38-4242-8e1f-a2ec2bdf2c88
RS 20.235,35.7843649,35.6022349,Akkadian?,Logosyllabic,Residential Quarter,a59262e2-162d-4ad6-8f4b-2d17fc069495
RS 20.236,35.7843662,35.602236,Akkadian,Logosyllabic,Residential Quarter,5be77875-9464-4dad-991d-2cefab93a85a
RS 20.237,35.7843295,35.6022131,Akkadian,Logosyllabic,Residential Quarter,9f350000-e5e0-4d0c-9484-ae858cb24ec8
RS 20.238,35.7843907,35.602229,Akkadian,Logosyllabic,Residential Quarter,ca6a1f17-482d-4368-8198-909796256b0b
RS 20.239,35.7844029,35.602226,Akkadian,Logosyllabic,Residential Quarter,586d77ff-3924-42c6-b3d0-040c497f42d9
RS 20.240,35.7842995,35.6019527,Ugaritic,Alphabetic,Residential Quarter,57711c43-782f-43e4-a5ff-a558b2459a01
RS 20.241C,35.7843689,35.602235,Akkadian,Logosyllabic,Residential Quarter,cf355927-7bb9-4554-8f30-c7af49eda00f
RS 20.241B,35.7843689,35.602235,unknown,unknown,Residential Quarter,833e8e74-2a33-42c1-ab3d-c09b8f4f8748
RS 20.241A+,35.7843689,35.602235,Akkadian,Logosyllabic,Residential Quarter,c0435568-0fdf-4760-a686-4c3844bc3b89
RS 20.242,35.7843908,35.6022268,Akkadian,Logosyllabic,Residential Quarter,64ea9df9-c1cc-4bed-b91d-55aea7ac92d1
RS 20.243,35.7843395,35.6018301,Akkadian,Logosyllabic,Residential Quarter,0df67b32-0090-497a-97e0-eb9b59b0d27b
RS 20.244,35.7843933,35.6022312,Akkadian,Logosyllabic,Residential Quarter,4f1b6ad1-0bae-48d1-b562-d0c6d381b842
RS 20.245,35.7843773,35.6022264,Akkadian,Logosyllabic,Residential Quarter,9a8bfe83-9aa0-4c87-b046-9e9fb0fc6abb
RS 20.246,35.7843757,35.6022341,Akkadian,Logosyllabic,Residential Quarter,386b8827-04ce-4cc7-9ca4-39729c2f7d5b
RS 20.247,35.7843959,35.6022313,Ugaritic,Alphabetic,Residential Quarter,fd1cddcf-bae7-4c6f-91aa-09512b0ac658
RS 20.248,35.7843959,35.6022313,Akkadian,Logosyllabic,Residential Quarter,b34002d3-bcae-4860-8874-7d0a74faeda6
RS 20.249,35.7843759,35.6022286,Hurrian,Logosyllabic,Residential Quarter,0753a41e-f598-4cf4-8087-a1d689dedeb3
RS 20.250,35.7843567,35.6022379,Akkadian,Logosyllabic,Residential Quarter,15405e0e-e1e2-40d5-8fa0-1db76021c56f
RS 20.251C,35.7843648,35.6022371,Akkadian,Logosyllabic,Residential Quarter,2e6f1cb4-3718-4aa0-b431-fc9bfb2506cf
RS 20.251B,35.7843648,35.6022371,Akkadian,Logosyllabic,Residential Quarter,57edb0ad-b5c1-4330-a25e-555faf0657b6
RS 20.251D,35.7843648,35.6022371,Akkadian,Logosyllabic,Residential Quarter,fe9f701e-cdfb-4b31-8aff-accb6a0fb2f0
RS 20.251A+,35.7843648,35.6022371,Akkadian,Logosyllabic,Residential Quarter,7eb8dd91-6a04-486e-a402-2d725343043d
RS 20.253,35.7843935,35.6022247,Akkadian,Logosyllabic,Residential Quarter,2a5f15b9-2037-4899-9494-474fff6ddd1b
RS 20.254B,35.7843891,35.6022333,Akkadian,Logosyllabic,Residential Quarter,43730d4b-016a-4670-876b-b9342128a181
RS 20.254A,35.7843891,35.6022333,Akkadian,Logosyllabic,Residential Quarter,b26d6af8-fd87-43cf-a701-22071af1a19f
RS 20.255B,35.7843585,35.6022281,Ugaritic,Alphabetic,Residential Quarter,049ec0e0-a22b-43ef-83d4-1f052b039986
RS 20.255A,35.7843585,35.6022281,Akkadian,Logosyllabic,Residential Quarter,3193fa42-7be2-4cb0-95df-1888db46006c
RS 20.396B,35.7829674,35.6014512,unknown,unknown,Royal Palace,38e9989c-1af0-41ae-9322-4236bea4457d
RS 20.396A [g],35.7818956,35.6014227,unknown,unknown,Out of Context,be46ed88-29d8-4be8-9094-3775e6bd91db
RS 20.396Ac,35.7829674,35.6014512,unknown,unknown,Royal Palace,94ec6d35-21d2-4997-9966-bae2e03faaae
RS 20.396Af,35.7829674,35.6014512,unknown,unknown,Royal Palace,6d445b1c-4752-403e-b7d4-b1342d20db13
RS 20.396Ab,35.7829674,35.6014512,unknown,unknown,Royal Palace,aa6ecdea-ce63-4ef9-ae3b-04aa3109aca9
RS 20.396Ad,35.7829674,35.6014512,unknown,unknown,Royal Palace,27a105d2-94c0-4990-8715-6f9125ea3648
RS 20.396Aa+,35.7829674,35.6014512,unknown,unknown,Royal Palace,e36ef72d-9e1f-4fbc-93df-3473271b111e
RS 20.396Ae,35.7829674,35.6014512,unknown,unknown,Royal Palace,a2351951-7fc8-4d65-adab-f934ae5895de
RS 20.397Ac,35.7829674,35.6014512,unknown,unknown,Royal Palace,89ca6370-5105-41f7-af38-1ec164eec27a
RS 20.397Ab,35.7829674,35.6014512,unknown,unknown,Royal Palace,eceb58ea-2eaa-4281-af81-ea92f3949b1c
RS 20.397Aa,35.7829674,35.6014512,unknown,unknown,Royal Palace,b0e7531d-2f65-448b-a031-39e04cf81e8e
RS 20.398B [1],35.7829674,35.6014512,unknown,unknown,Royal Palace,58122a8e-c20d-404f-9c05-8d2fc9b4f8d8
RS 20.398B [2],35.7829674,35.6014512,unknown,unknown,Royal Palace,5bdc13a4-2430-4e2a-adaa-a614d6c92d6d
RS 20.398A [1],35.7829674,35.6014512,unknown,unknown,Royal Palace,69411837-7932-4ae3-a8d3-285123a4e1ed
RS 20.398A [2],35.7829674,35.6014512,unknown,unknown,Royal Palace,13e235c8-3d57-427c-a9b0-43dec4f26f24
RS 20.398A [3],35.7829674,35.6014512,unknown,unknown,Royal Palace,deb3cbfc-05e4-4b31-819e-6a0e54c00708
RS 20.398A [4],35.7829674,35.6014512,unknown,unknown,Royal Palace,8a7931fc-a666-4a89-a9f3-5a2351960fb4
RS 20.398A [5],35.7829674,35.6014512,unknown,unknown,Royal Palace,1612bcba-e627-4ae5-bc19-41968513bb4b
RS 20.398A [6],35.7829674,35.6014512,unknown,unknown,Royal Palace,c5b8b02c-b5fb-48d0-8eeb-487aec4799ff
RS 20.398A [7],35.7829674,35.6014512,unknown,unknown,Royal Palace,1e72793b-8940-4e6e-954f-9a502dd6400a
RS 20.398A [8],35.7829674,35.6014512,unknown,unknown,Royal Palace,01523c41-d220-4c65-addb-230a0592b99d
RS 20.398A [9],35.7829674,35.6014512,unknown,unknown,Royal Palace,8aae3f16-99c7-46ea-87dd-f773191bcf51
RS 20.398A [10],35.7829674,35.6014512,unknown,unknown,Royal Palace,30d0185d-b835-4dc0-ba00-de9c5059c6cd
RS 20.398A [11],35.7829674,35.6014512,unknown,unknown,Royal Palace,d6945e4d-0296-4d8f-bba7-2c60b7526174
RS 20.398A [12],35.7829674,35.6014512,unknown,unknown,Royal Palace,ac7032d2-e70a-42b6-bf17-11db7f5289b7
RS 20.399 Bc,35.7829712,35.6014073,unknown,unknown,Royal Palace,2905f7da-7f76-4e39-8e08-589a2048ac11
RS 20.399 Bf,35.7829712,35.6014073,unknown,unknown,Royal Palace,31cf134c-25e0-41c0-998e-2a9a7c4c4312
RS 20.399 Bb,35.7829712,35.6014073,unknown,unknown,Royal Palace,a436f9f6-b41b-495e-9b04-47793656365d
RS 20.399 Bd,35.7829712,35.6014073,unknown,unknown,Royal Palace,2fd4f7af-7e15-40a2-8e7e-2b26d4f79926
RS 20.399 Ba,35.7829712,35.6014073,unknown,unknown,Royal Palace,5bc19828-a72e-41a7-a6d9-519be9638449
RS 20.399 Be,35.7829712,35.6014073,unknown,unknown,Royal Palace,5a073b45-f2f7-44e5-b661-3a9bd7b4b618
RS 20.399Ac,35.7829712,35.6014073,unknown,unknown,Royal Palace,6ffe9e6e-852d-45f6-bb0a-aef136effb6e
RS 20.399Ab,35.7829712,35.6014073,unknown,unknown,Royal Palace,0f902bc7-a5be-4387-9108-88f121499275
RS 20.399Ad,35.7829712,35.6014073,unknown,unknown,Royal Palace,81709f14-4e61-4084-8d03-48d9f44210cf
RS 20.399Aa,35.7829712,35.6014073,unknown,unknown,Royal Palace,cbe53204-57d5-45a7-bba8-c76416f3763a
RS 20.399Ae,35.7829712,35.6014073,unknown,unknown,Royal Palace,25129b33-9925-43fd-a5e0-17fb7827f3c6
RS 20.400Bb,35.783,35.6014549,unknown,unknown,Royal Palace,4622feb6-370c-419d-9aad-a85dfa4ffd76
RS 20.400Ac,35.783,35.6014549,unknown,unknown,Royal Palace,8656d145-99f5-4abb-ac92-9d085ef3700b
RS 20.400Ab,35.783,35.6014549,unknown,unknown,Royal Palace,45c4adac-ca45-4975-a04e-a231909875ed
RS 20.400Ad,35.783,35.6014549,unknown,unknown,Royal Palace,ff41ce46-894d-4fd0-9979-7d2be20b14cc
RS 20.400Ba,35.783,35.6014549,unknown,unknown,Royal Palace,8ea2ea0e-926c-47ac-9328-33ab39846f85
RS 20.400Aa,35.783,35.6014549,Ugaritic,Alphabetic,Royal Palace,86e4cb68-eb04-410d-bfd0-9f124ca6f438
RS 20.401B[d],35.7829674,35.6014512,Ugaritic,Alphabetic,Royal Palace,b0bb982e-3447-4bc3-a58c-c46ac1daf70b
RS 20.401Ac,35.7829873,35.6014159,unknown,unknown,Royal Palace,7720e8ca-882a-48df-b2fa-55dbf28614b8
RS 20.401Af,35.7829873,35.6014159,unknown,unknown,Royal Palace,e4c58ba4-8796-4be7-a48b-86973d745058
RS 20.401Ab,35.7829873,35.6014159,unknown,unknown,Royal Palace,598ef082-2c5a-40a6-8d22-069efe2bd02c
RS 20.401Ag,35.7829873,35.6014159,unknown,unknown,Royal Palace,dd77f2aa-9e24-4421-9d61-372d39d56d29
RS 20.401Ad,35.7829873,35.6014159,unknown,unknown,Royal Palace,3f9546f3-4a22-4ea7-8055-ea5dbdec773f
RS 20.401Ah,35.7829873,35.6014159,unknown,unknown,Royal Palace,ec662d19-bb76-4d19-a652-d365d175bb18
RS 20.401Aj,35.7829873,35.6014159,unknown,unknown,Royal Palace,cf02be1e-ab9f-4ae3-b66c-58d2775b4e47
RS 20.401Ak,35.7829873,35.6014159,unknown,unknown,Royal Palace,7525fa2a-1d9a-41b2-987f-42e4d5e71aa0
RS 20.401Al,35.7829873,35.6014159,unknown,unknown,Royal Palace,5c6a47c7-3795-40ab-835d-1271e636bc78
RS 20.401Al,35.7818956,35.6014227,unknown,unknown,Out of Context,1a0db32d-91f8-424c-bb63-494b2c90ee74
RS 20.401Am,35.7829873,35.6014159,unknown,unknown,Royal Palace,be919529-9a0e-4005-bbb9-904a795ac863
RS 20.401An,35.7829873,35.6014159,unknown,unknown,Royal Palace,e5d49682-ca47-490d-a95b-95132b1a9814
RS 20.401Aa,35.7829873,35.6014159,unknown,unknown,Royal Palace,e7df30ed-130e-4e16-b371-06ab0477404b
RS 20.401Ae,35.7829873,35.6014159,unknown,unknown,Royal Palace,5a660e8e-e6d4-4f23-ac37-e424320d4bb2
RS 20.401Ai,35.7829873,35.6014159,unknown,unknown,Royal Palace,7dec6322-b0ff-4c0a-9227-80fb81e732d9
RS 20.401Ao,35.7829873,35.6014159,unknown,unknown,Royal Palace,70ea5bfc-3f57-4322-af93-8b4273336c95
RS 20.402B,35.783,35.6014549,unknown,unknown,Royal Palace,40429c3a-8e19-4471-a536-18419e08fedf
RS 20.402A,35.783,35.6014549,Ugaritic,Alphabetic,Royal Palace,cf215ae4-de5e-45c6-8207-874130d1d959
RS 20.425,35.7843685,35.6022119,Akkadian,Logosyllabic,Residential Quarter,fc4a8c14-0ab0-4a5a-84b2-6d04bdc93a62
RS 20.426,35.7843685,35.6022119,unknown,unknown,Residential Quarter,346fda22-97f4-4b3e-af7f-2a8826d0b234
RS 20.426C,35.7843685,35.6022119,unknown,unknown,Residential Quarter,dc68c073-59b4-42c8-a842-f15246e9f25d
RS 20.426E,35.7843685,35.6022119,unknown,unknown,Residential Quarter,98b2fe66-a42f-43fa-a514-b74f135341f5
RS 20.426F,35.7843685,35.6022119,Akkadian,Logosyllabic,Residential Quarter,c3f37e56-9d04-43a9-a37f-5b1fdff41111
RS 20.426B,35.7843685,35.6022119,Akkadian; Hurrian; Sumerian; Ugaritic,Logosyllabic,Residential Quarter,91101278-2adb-4d13-8162-658c7550bbd5
RS 20.426G,35.7843685,35.6022119,unknown,unknown,Residential Quarter,01b483a2-7b6b-4c63-83e0-81684ba954d7
RS 20.426D,35.7843685,35.6022119,Akkadian; Hurrian; Sumerian; Ugaritic,Logosyllabic,Residential Quarter,ece1941e-cdd9-4acc-824a-ce126bc16a49
RS 20.426H,35.7843685,35.6022119,unknown,unknown,Residential Quarter,42af451e-3590-41ce-93eb-97785d80b005
RS 20.426J,35.7843685,35.6022119,Akkadian,Logosyllabic,Residential Quarter,a5f4efd5-1b24-4c56-a4d5-9ad09a166ce9
RS 20.426A,35.7843685,35.6022119,Akkadian,Logosyllabic,Residential Quarter,7aed001e-f830-4af9-8f82-b7b4a9b9d14c
RS 20.426I,35.7843685,35.6022119,Akkadian,Logosyllabic,Residential Quarter,34c81900-1203-40da-94a9-710e5e5d0edf
RS 20.427,35.7843679,35.6022262,unknown,unknown,Residential Quarter,30eee1eb-e40d-4e2c-85bb-302253b82ecc
RS 20.427 [C],35.7843679,35.6022262,Akkadian,Logosyllabic,Residential Quarter,d17bf677-f62a-4c84-be85-c5c56032a93e
RS 20.427 [B],35.7843679,35.6022262,Akkadian,Logosyllabic,Residential Quarter,e5424d20-b375-4ac1-a51f-52d9418b6653
RS 20.427 [D],35.7843679,35.6022262,Ugaritic,Alphabetic,Residential Quarter,01f94298-6c98-4541-b224-acfeeeb33249
RS 20.427A,35.7843679,35.6022262,unknown,unknown,Residential Quarter,1c0ae577-7d8c-4206-a3d2-2436c0815cac
RS 20.428,35.7843685,35.6022119,Akkadian,Logosyllabic,Residential Quarter,b9452250-290b-45b4-adb3-639429476872
RS 20.429,35.7843685,35.6022119,Akkadian; Hurrian; Sumerian; Ugaritic?,Logosyllabic,Residential Quarter,248e5048-55a4-4623-a48d-d099aa44f8d8
RS 20.430C,35.7844163,35.6022253,Akkadian,Logosyllabic,Residential Quarter,5a7c94a7-2545-4b88-92b2-ace194b5199e
RS 20.430E,35.7844163,35.6022253,Akkadian,Logosyllabic,Residential Quarter,cc0c2811-13cf-4e6c-908d-7ccf2d0876f5
RS 20.430F,35.7844163,35.6022253,unknown,unknown,Residential Quarter,b40e328c-6b7d-44a5-9252-1c554416e131
RS 20.430B,35.7844163,35.6022253,Akkadian,Logosyllabic,Residential Quarter,de9e8e05-a38c-44d4-b936-0eacde7f08b0
RS 20.430G,35.7844163,35.6022253,Akkadian,Logosyllabic,Residential Quarter,b51d08e8-5f7f-4245-bd4f-6b9da8d4ad81
RS 20.430D,35.7844163,35.6022253,Akkadian,Logosyllabic,Residential Quarter,cf93947b-b900-4f57-9933-a1237e0be3f4
RS 20.430H,35.7844163,35.6022253,Akkadian,Logosyllabic,Residential Quarter,e6b668ef-99df-42f3-9611-bbd00168b03d
RS 20.430J,35.7844163,35.6022253,Akkadian,Logosyllabic,Residential Quarter,a08df123-8884-4dc1-9826-1be7b29d1b45
RS 20.430K,35.7844163,35.6022253,Akkadian,Logosyllabic,Residential Quarter,e5992624-579b-4efe-80eb-77c7a3d83c02
RS 20.430L,35.7844163,35.6022253,Akkadian,Logosyllabic,Residential Quarter,9a59d790-eded-402c-b885-ea7d3ccadc30
RS 20.430M,35.7844163,35.6022253,Akkadian,Logosyllabic,Residential Quarter,0eb12580-5ec0-4230-8a17-dc841a6ab1a4
RS 20.430N,35.7844163,35.6022253,Akkadian,Logosyllabic,Residential Quarter,654a9c62-4a19-455b-850b-d60a269ee179
RS 20.430P,35.7844163,35.6022253,Akkadian,Logosyllabic,Residential Quarter,b15839c5-2b20-45d5-99c0-31edf7c1e7b9
RS 20.430Q,35.7844163,35.6022253,Akkadian,Logosyllabic,Residential Quarter,93ecd750-5d8d-43af-b7b4-b4ddc749b2c4
RS 20.430A,35.7844163,35.6022253,Akkadian,Logosyllabic,Residential Quarter,d67a7687-9c6c-4313-834a-53357adbe121
RS 20.430I,35.7844163,35.6022253,Akkadian,Logosyllabic,Residential Quarter,c73900b7-22cf-4c51-b322-971364b9f862
RS 20.430O,35.7844163,35.6022253,unknown,unknown,Residential Quarter,2dc07911-fe29-4c92-a4ac-c56c332bb54c
RS 20.[431],35.784379,35.6022177,Akkadian,Logosyllabic,Residential Quarter,516ddfb1-7604-42e3-bba3-421e82946893
RS 20.[432],35.7843973,35.6022302,Akkadian,Logosyllabic,Residential Quarter,505a277c-cd98-49dc-a2e2-7b45f0c381a6
RS 20.[433C],35.7843705,35.6022284,Akkadian,Logosyllabic,Residential Quarter,66ff9b60-f3e3-4c21-bfbe-f83012fddc63
RS 20.[433B],35.7843705,35.6022284,Akkadian,Logosyllabic,Residential Quarter,357d7e9c-aa12-48b7-b7ec-3afcd643c589
RS 20.[433D],35.7843705,35.6022284,Akkadian,Logosyllabic,Residential Quarter,9d7379e7-dcb2-4f23-85a6-bfc9ce38ebbd
RS 20.[433A],35.7843705,35.6022284,Akkadian,Logosyllabic,Residential Quarter,987d5eb9-a1ec-4669-9b0e-164fdcb1ac4b
RS 20.[434C],35.7843685,35.6022119,Akkadian,Logosyllabic,Residential Quarter,78169519-b387-44b6-bffe-c096d3c6de16
RS 20.[434B],35.7843685,35.6022119,Akkadian,Logosyllabic,Residential Quarter,4aa0349a-52d4-4a73-a82b-47c9adf410ac
RS 20.[434D],35.7843685,35.6022119,Akkadian,Logosyllabic,Residential Quarter,df29e226-5759-4cf6-9a72-ca78df551c6d
RS 20.[434A],35.7843685,35.6022119,Akkadian,Logosyllabic,Residential Quarter,0610099d-8f3c-44d4-a7c5-65816cbe9fab
RS 20.[435C],35.7843685,35.6022119,Ugaritic,Alphabetic,Residential Quarter,475c50ac-57ea-40d1-8570-a5c19bbb962d
RS 20.[435E],35.7843685,35.6022119,Akkadian,Logosyllabic,Residential Quarter,16b01cd1-b9dd-49c1-bcb9-fde36e57bd3c
RS 20.[435F],35.7843685,35.6022119,Akkadian,Logosyllabic,Residential Quarter,d9cff674-eab1-4a51-a338-9e7988d8a3b9
RS 20.[435B],35.7843685,35.6022119,Akkadian,Logosyllabic,Residential Quarter,ac2fc6eb-e7f6-4a13-bc60-ec6f5e814e2d
RS 20.[435G],35.7843685,35.6022119,Akkadian,Logosyllabic,Residential Quarter,006b3d79-2f05-42f6-88aa-b376c1b73a99
RS 20.[435D],35.7843685,35.6022119,Akkadian,Logosyllabic,Residential Quarter,e1a07f83-8fbd-40d7-bd1f-efd2df72d0fd
RS 20.[435H],35.7843685,35.6022119,Akkadian,Logosyllabic,Residential Quarter,92c2ec24-e44d-4516-b589-5e411ab66e4f
RS 20.[435W],35.7843685,35.6022119,Akkadian,Logosyllabic,Residential Quarter,2af62489-68f8-4a51-99b8-d9f6be14fbc6
RS 20.[435J],35.7843685,35.6022119,Akkadian,Logosyllabic,Residential Quarter,2642eb95-e447-44b3-bbb9-3c5b1740a9e2
RS 20.[435K],35.7843685,35.6022119,Akkadian,Logosyllabic,Residential Quarter,8ca3b4d3-848b-46cc-abdb-52af0d4a669a
RS 20.[435L],35.7843685,35.6022119,Akkadian,Logosyllabic,Residential Quarter,9eb61f1e-5925-49ed-b969-9a8b6035a66b
RS 20.[435M],35.7843685,35.6022119,Akkadian,Logosyllabic,Residential Quarter,88273ffa-f877-40dc-b502-87bb22e64088
RS 20.[435V],35.7843685,35.6022119,Ugaritic?,Alphabetic?,Residential Quarter,7cc262cb-119c-4d42-9629-1519bc4e3308
RS 20.[435N],35.7843685,35.6022119,Akkadian,Logosyllabic,Residential Quarter,bffc7f7f-37f0-4074-91e7-7833b1864f5d
RS 20.[435X],35.7843685,35.6022119,Ugaritic,Alphabetic,Residential Quarter,307ac1dd-be81-4605-940f-27151163cc07
RS 20.[435S],35.7843685,35.6022119,Akkadian,Logosyllabic,Residential Quarter,358106b2-0f18-4359-bc0b-3ff570a0dc07
RS 20.[435P],35.7843685,35.6022119,Akkadian,Logosyllabic,Residential Quarter,fc0e92cc-3099-49a0-beb9-9cd27608c538
RS 20.[435Q],35.7843685,35.6022119,Akkadian,Logosyllabic,Residential Quarter,51699ec6-3e60-44bc-88ee-dd1fc2754ff4
RS 20.[435R],35.7843685,35.6022119,Akkadian,Logosyllabic,Residential Quarter,dcce5416-fc07-4f33-ae07-d41d29afbc90
RS 20.[435T],35.7843685,35.6022119,Ugaritic?,Alphabetic?,Residential Quarter,2812590c-b489-4743-96bc-215884183ed9
RS 20.[435A],35.7843685,35.6022119,Akkadian,Logosyllabic,Residential Quarter,0c10016c-5fdd-4ff2-98dc-6edc8b882622
RS 20.[435I],35.7843685,35.6022119,Akkadian,Logosyllabic,Residential Quarter,6d5487a6-3ca1-4f17-8f55-3fe54f49739e
RS 20.[435O],35.7843685,35.6022119,Akkadian,Logosyllabic,Residential Quarter,8fc0695b-39a1-41e8-aa7a-43b913585ed7
RS 20.[435U],35.7843685,35.6022119,Ugaritic?,Alphabetic?,Residential Quarter,9a5f105c-881a-4f47-bd6b-ec7f01aa5d87
RS 20.[436C],35.7844163,35.6022253,Akkadian,Logosyllabic,Residential Quarter,b97c70d3-75c1-4d15-888a-4946055002fb
RS 20.[436E],35.7844163,35.6022253,Akkadian,Logosyllabic,Residential Quarter,dbc0d282-cc95-4059-9c65-1ecd49ea3bb3
RS 20.[436F],35.7844163,35.6022253,Akkadian,Logosyllabic,Residential Quarter,0e2f0f7e-3cc0-4163-994b-ea1f82f8dd28
RS 20.[436B],35.7844163,35.6022253,Akkadian,Logosyllabic,Residential Quarter,283e54d4-df47-4777-8799-feb9b0ff831c
RS 20.[436G],35.7844163,35.6022253,Akkadian,Logosyllabic,Residential Quarter,16400ab5-e30c-46c4-af4b-660e373e96d7
RS 20.[436D],35.7844163,35.6022253,Akkadian,Logosyllabic,Residential Quarter,c0d81f84-0750-4248-ac67-910012a3fdd6
RS 20.[436H],35.7844163,35.6022253,Akkadian,Logosyllabic,Residential Quarter,a3f98740-c305-469b-bd9c-e62aaf6fada7
RS 20.[436J],35.7844163,35.6022253,Akkadian,Logosyllabic,Residential Quarter,cd8a6312-70dc-4ca2-a279-4c59cc525147
RS 20.[436K],35.7844163,35.6022253,Akkadian,Logosyllabic,Residential Quarter,86250911-b958-42a5-94ee-253f6220b111
RS 20.[436L],35.7844163,35.6022253,Akkadian,Logosyllabic,Residential Quarter,17329f9b-e4b9-4c91-b11f-bf9d382bfa27
RS 20.[436M],35.7844163,35.6022253,Akkadian,Logosyllabic,Residential Quarter,74771fd3-0c35-4865-bbae-12d10309a002
RS 20.[436N],35.7844163,35.6022253,Akkadian,Logosyllabic,Residential Quarter,195245db-4c56-4a7b-832f-70625eb90561
RS 20.[436S],35.7844163,35.6022253,Akkadian,Logosyllabic,Residential Quarter,7436c52a-c836-48bd-90f8-6947718a293b
RS 20.[436P],35.7844163,35.6022253,Akkadian,Logosyllabic,Residential Quarter,e3dcd87c-2fac-4556-ac47-5698b891bbcc
RS 20.[436Q],35.7844163,35.6022253,Akkadian,Logosyllabic,Residential Quarter,51b200e5-fbe0-4271-a9eb-814e816acc1f
RS 20.[436R],35.7844163,35.6022253,Akkadian,Logosyllabic,Residential Quarter,b089e78c-56c4-4d08-ab4c-10bbecb27b3d
RS 20.[436T],35.7844163,35.6022253,Akkadian,Logosyllabic,Residential Quarter,6f7d2adf-8362-4888-8a40-0af86d3a9b30
RS 20.[436A],35.7844163,35.6022253,Akkadian,Logosyllabic,Residential Quarter,be8c30c0-7622-43ec-a775-65c062d071b4
RS 20.[436I],35.7844163,35.6022253,Akkadian,Logosyllabic,Residential Quarter,a4a04fff-d840-490a-8eec-db661113cdcd
RS 20.[436O],35.7844163,35.6022253,Akkadian,Logosyllabic,Residential Quarter,6375688a-7fdf-4379-9251-3a540015c14d
RS 20.[437B],35.7843675,35.6022371,Akkadian,Logosyllabic,Residential Quarter,bf564e8f-cbcd-4b00-a7f6-4a058324fc20
RS 20.[437A],35.7843675,35.6022371,Akkadian,Logosyllabic,Residential Quarter,8bc286a0-2348-4628-a187-06b1be1bf2b9
RS 20.[438],35.7843685,35.6022119,Akkadian,Logosyllabic,Residential Quarter,a1b5b44a-bff7-40db-b169-41f7ffdcd8c5
RS 20.[439],35.7843946,35.6022302,unknown,unknown,Residential Quarter,1c130986-2fba-474d-8602-7e67652da80f
"RS 20.161,1",35.7843295,35.6022131,Akkadian,Logosyllabic,Residential Quarter,a52300e0-fd09-43b3-a30a-3691ec49481f
"RS 20.161,2",35.7843295,35.6022131,Akkadian,Logosyllabic,Residential Quarter,0777e378-4ce3-46c9-ba06-714c30b06b3d
"RS 20.161,3+",35.7843295,35.6022131,Akkadian,Logosyllabic,Residential Quarter,40b612fe-be6d-4123-91ce-505cdef0890d
"RS 20.161,4",35.7843295,35.6022131,Akkadian,Logosyllabic,Residential Quarter,e2f9a85a-f941-4657-98d3-b4644fc9c5c9
"RS 20.161,5",35.7843295,35.6022131,Akkadian,Logosyllabic,Residential Quarter,1e146929-5cff-4414-8544-651ca40b0e47
"RS 20.161,6",35.7843295,35.6022131,Akkadian,Logosyllabic,Residential Quarter,2e4997f4-32a1-4ecc-b971-5640008418ec
"RS 20.161,7+",35.7843295,35.6022131,Akkadian,Logosyllabic,Residential Quarter,49d9b0a5-4be8-42cc-b752-4f27d6acf77d
"RS 20.161,8",35.7843295,35.6022131,Akkadian,Logosyllabic,Residential Quarter,e574eecc-9755-4a89-8fdc-b140311b21cc
"RS 20.161,9",35.7843295,35.6022131,Akkadian,Logosyllabic,Residential Quarter,755f58a9-2761-484a-be97-d972b4b65d16
"RS 20.171,1",35.7844193,35.6022517,unknown,unknown,Residential Quarter,8e08d6f4-7959-410c-aced-bac0f189ba4e
"RS 20.171,2",35.7844193,35.6022517,unknown,unknown,Residential Quarter,1b683dd5-400e-4664-b761-83a32d384191
"RS 20.171,3",35.7844193,35.6022517,unknown,unknown,Residential Quarter,b94fc726-f92d-4036-b3df-4a2a43674c5e
"RS 20.171,4",35.7844193,35.6022517,unknown,unknown,Residential Quarter,cc12d902-1754-4f9e-8a8b-d5726496f3dc
"RS 20.171,5",35.7844193,35.6022517,unknown,unknown,Residential Quarter,57498c9c-98d2-4dc8-b4f6-82859d51c76c
"RS 20.171,6",35.7844193,35.6022517,Akkadian,Logosyllabic,Residential Quarter,22c66f01-9244-472f-90a1-8b62b1308c37
"RS 20.171,7",35.7844193,35.6022517,unknown,unknown,Residential Quarter,69c7a486-d0c2-4d2d-a97e-9c66f494daa1
"RS 20.171,8",35.7844193,35.6022517,Akkadian,Logosyllabic,Residential Quarter,2290c33f-c93c-45ea-b334-18e2ab170a25
"RS 20.171,9",35.7844193,35.6022517,Akkadian,Logosyllabic,Residential Quarter,f3072fb5-ea44-4bd0-84d1-2ec7b0ebe43d
"RS 20.181,1",35.7843662,35.602236,Akkadian,Logosyllabic,Residential Quarter,3eb80402-fe9e-4bcf-8ee6-7752bef8ee80
"RS 20.181,2",35.7843662,35.602236,Akkadian,Logosyllabic,Residential Quarter,6461d8bc-d9a9-4556-859f-f14f0e680e68
"RS 20.181,3",35.7843662,35.602236,Akkadian,Logosyllabic,Residential Quarter,ea6278df-0931-44a4-94cb-3f4836af4940
"RS 20.181,4",35.7843662,35.602236,Akkadian,Logosyllabic,Residential Quarter,456b1af0-e88f-4934-bea2-20af41846672
"RS 20.181,5",35.7843662,35.602236,Akkadian,Logosyllabic,Residential Quarter,d0544ec4-ca08-43d4-81aa-e707f0965586
"RS 20.181,6",35.7843662,35.602236,Akkadian,Logosyllabic,Residential Quarter,722aef6a-1639-469c-afe6-a5efcabcafa4
"RS 20.181,7",35.7843662,35.602236,unknown,unknown,Residential Quarter,91cb1a79-db14-41d6-9262-f4f62be6bf08
"RS 20.181,8",35.7843662,35.602236,Akkadian,Logosyllabic,Residential Quarter,e7ee91ae-68ee-4ca3-9914-fcd76fad18a8
"RS 20.181,9",35.7843662,35.602236,unknown,unknown,Residential Quarter,fcc85342-3c0f-4aa4-9a0e-3ea0636e9470
"RS 20.186,1",35.7843732,35.6022285,Akkadian,Logosyllabic,Residential Quarter,f68989d0-1a54-4e78-a566-b00594c1dea8
"RS 20.186,2",35.7843732,35.6022285,Akkadian,Logosyllabic,Residential Quarter,5510e7aa-5521-422a-b05e-a74ca6e5562e
"RS 20.186,3",35.7843732,35.6022285,Akkadian,Logosyllabic,Residential Quarter,59a2aa87-b184-40b2-b19c-0826283e0330
"RS 20.186,4",35.7843732,35.6022285,Akkadian,Logosyllabic,Residential Quarter,28606caf-ca60-4748-ad8b-107e93ccf2e4
"RS 20.186,5",35.7843732,35.6022285,Akkadian,Logosyllabic,Residential Quarter,8257a398-c91c-44eb-bd17-f2aa13f12911
"RS 20.186,6",35.7843732,35.6022285,Akkadian,Logosyllabic,Residential Quarter,fae1d754-5c92-4983-b454-53f553956c8d
"RS 20.186,7",35.7843732,35.6022285,Akkadian,Logosyllabic,Residential Quarter,eb2d8550-d4c8-4e0f-abab-4270f8cc059f
"RS 20.186,8",35.7843732,35.6022285,Akkadian,Logosyllabic,Residential Quarter,6ea82112-ff08-45c8-9863-902daaa2eb18
"RS 20.186,9",35.7843732,35.6022285,Akkadian,Logosyllabic,Residential Quarter,91337acb-98e0-4941-a369-3cdc7d7ceba1
"RS 20.201,1+",35.7843495,35.6022169,Akkadian,Logosyllabic,Residential Quarter,29642a00-4857-49ac-8558-544202f7de99
"RS 20.201,2",35.7843495,35.6022169,unknown,unknown,Residential Quarter,71db1cc9-c789-446b-b79e-f95c5bcf99be
"RS 20.201,3",35.7843495,35.6022169,unknown,unknown,Residential Quarter,27cbbcd0-4205-47f7-a19f-87566f16907d
"RS 20.201,4",35.7843495,35.6022169,unknown,unknown,Residential Quarter,e4d43462-d7c9-4aa4-bb89-1b0cc6a48aed
"RS 20.201,5",35.7843495,35.6022169,Akkadian,Logosyllabic,Residential Quarter,4297821f-7332-4839-a4df-73b8c9416ede
"RS 20.201,6",35.7843495,35.6022169,unknown,unknown,Residential Quarter,742be827-1267-4b4a-973c-050bc87efcea
"RS 20.201,7",35.7843495,35.6022169,Akkadian,Logosyllabic,Residential Quarter,f61cdc57-1c83-4e35-a74e-9cb6a3bbcbe6
"RS 20.201,8",35.7843495,35.6022169,Akkadian,Logosyllabic,Residential Quarter,92fd0595-16ca-41ec-a305-f0e3e9b4688d
"RS 20.201,9",35.7843495,35.6022169,Akkadian,Logosyllabic,Residential Quarter,6969d6c7-53c0-4713-9b25-5dfb82abd0bc
"RS 20.426,1",35.7843685,35.6022119,Akkadian,Logosyllabic,Residential Quarter,f8692e2b-16c9-45de-8756-5bc654deb394
"RS 20.426,2",35.7843685,35.6022119,unknown,unknown,Residential Quarter,931b3b66-b817-4865-85b2-d09c824b62ec
"RS 20.426,3",35.7843685,35.6022119,Akkadian,Logosyllabic,Residential Quarter,8bbc5489-6d86-495a-9365-34aeef6aad04
"RS 20.426,4",35.7843685,35.6022119,unknown,unknown,Residential Quarter,2572c77a-a213-4a2b-b71c-c52cf7238c7e
"RS 20.426,5",35.7843685,35.6022119,Akkadian,Logosyllabic,Residential Quarter,4e03d27c-9bf7-43b9-a1b8-1d106ed2fea1
"RS 20.426,6",35.7843685,35.6022119,Akkadian,Logosyllabic,Residential Quarter,e4eb4dd1-77c4-43ce-8c0c-aef982ba760a
"RS 20.426,7",35.7843685,35.6022119,Akkadian,Logosyllabic,Residential Quarter,30dec3e9-5c51-4e18-a7f3-7b36eb74950b
"RS 20.426,8",35.7843685,35.6022119,Akkadian,Logosyllabic,Residential Quarter,611689a7-ce63-4d83-abf1-5428a9c33ed8
"RS 20.426,9",35.7843685,35.6022119,Akkadian,Logosyllabic,Residential Quarter,a337f78c-ecfa-41ad-b918-701c6fb1ac9b
"RS 20.[435,1]",35.7843685,35.6022119,Akkadian,Logosyllabic,Residential Quarter,47d7fb3d-3c03-4882-aea2-c4f5d2346cb5
"RS 20.[435,2]",35.7843685,35.6022119,Akkadian,Logosyllabic,Residential Quarter,07df4a7e-bd7d-4ec9-a0ab-22f361a86095
"RS 20.[435,3]",35.7843685,35.6022119,Akkadian,Logosyllabic,Residential Quarter,5f581f36-4d2f-4c32-8943-fbb29fc0cc96
"RS 20.[435,4]",35.7843685,35.6022119,Akkadian,Logosyllabic,Residential Quarter,b68ac3e3-baed-4e7f-a3af-ca6c77839f2c
"RS 20.[435,5]",35.7843685,35.6022119,Akkadian,Logosyllabic,Residential Quarter,0e41dfee-c1b1-416c-bf8e-9e76c9f95022
"RS 20.[435,6]",35.7843685,35.6022119,Akkadian,Logosyllabic,Residential Quarter,98847504-d8b6-4c44-98bb-524bfc226ff9
"RS 20.[435,7]",35.7843685,35.6022119,Akkadian,Logosyllabic,Residential Quarter,8c62a66a-5274-48e0-a28d-908464e89cdb
"RS 20.[435,8]",35.7843685,35.6022119,Akkadian,Logosyllabic,Residential Quarter,e0b024f4-7919-43c2-b862-620858d84c15
"RS 20.[435,9]",35.7843685,35.6022119,Akkadian,Logosyllabic,Residential Quarter,49493c46-747e-48af-bd67-37d62784814d
"RS 20.[436,1]",35.7844163,35.6022253,Akkadian,Logosyllabic,Residential Quarter,94713b9f-d9e9-484e-92ce-3053d062c193
"RS 20.[436,2]",35.7844163,35.6022253,Akkadian,Logosyllabic,Residential Quarter,b0b38f6a-2f59-4d4c-bee2-4fdd2daa8dc4
"RS 20.[436,3]",35.7844163,35.6022253,Akkadian,Logosyllabic,Residential Quarter,d70c1346-43dc-4a23-ab1d-f4f59c9a02d8
"RS 20.[436,4]",35.7844163,35.6022253,Akkadian,Logosyllabic,Residential Quarter,05205c84-7c77-47cd-a68d-bcabb5a3bc7a
"RS 20.[436,5]",35.7844163,35.6022253,Akkadian,Logosyllabic,Residential Quarter,1fac79d7-ac37-40cb-9f52-80b3bd61837a
"RS 20.161,10",35.7843295,35.6022131,Akkadian,Logosyllabic,Residential Quarter,f196148e-be7f-4414-8567-14f4ac8bacc0
"RS 20.161,11",35.7843295,35.6022131,Akkadian,Logosyllabic,Residential Quarter,ea6fea05-17ac-43c5-b6b0-032bfbae6609
"RS 20.161,12",35.7843295,35.6022131,unknown,unknown,Residential Quarter,a0582b47-7e68-4244-b00b-10a76cf6f76a
"RS 20.161,12 [bis]",35.7843295,35.6022131,Akkadian,Logosyllabic,Residential Quarter,0007aec9-656c-4a82-9f41-41ddfad94e14
"RS 20.161,13",35.7843295,35.6022131,Akkadian,Logosyllabic,Residential Quarter,42de04a1-0bc5-4e13-8daf-f02319896695
"RS 20.161,14",35.7843295,35.6022131,Akkadian,Logosyllabic,Residential Quarter,361a84d1-6aca-4c0f-8fad-003327de97e4
"RS 20.161,15",35.7843295,35.6022131,Akkadian,Logosyllabic,Residential Quarter,10366deb-6cf8-481b-b5ee-e64d529a03e3
"RS 20.161,16",35.7843295,35.6022131,unknown,unknown,Residential Quarter,bae3ca1c-870f-499c-8c65-2e89594d6934
"RS 20.161,17",35.7843295,35.6022131,Akkadian,Logosyllabic,Residential Quarter,be86a1bf-0363-48c7-8046-b79dbf6d6b52
"RS 20.161,18",35.7843295,35.6022131,Akkadian,Logosyllabic,Residential Quarter,5b54a954-ea15-4563-9184-99b9fdee8366
"RS 20.161,19",35.7843295,35.6022131,unknown,unknown,Residential Quarter,98f7c02e-3b6b-4796-9070-033115d87de4
"RS 20.161,20+",35.7843295,35.6022131,Akkadian,Logosyllabic,Residential Quarter,7935f32a-8a2b-4aa2-b09a-0d814c13144a
"RS 20.161,21",35.7843295,35.6022131,Akkadian,Logosyllabic,Residential Quarter,4fce8f6a-86e1-4b0c-97eb-1314a5171431
"RS 20.161,22",35.7843295,35.6022131,Akkadian,Logosyllabic,Residential Quarter,8240f468-c61d-4f19-974e-7ecaa01d1206
"RS 20.161,23",35.7843295,35.6022131,Akkadian,Logosyllabic,Residential Quarter,8eb89d35-2ac8-4a67-bd59-ee7966adeff0
"RS 20.161,24",35.7843295,35.6022131,Akkadian,Logosyllabic,Residential Quarter,0c27b8e3-7184-473e-842e-7e1b3ec659a1
"RS 20.161,25",35.7843295,35.6022131,Akkadian,Logosyllabic,Residential Quarter,57dec788-faab-46d8-8b0a-089eb33159df
"RS 20.161,26",35.7843295,35.6022131,Akkadian,Logosyllabic,Residential Quarter,fdadae64-90a4-4d1f-8c2a-0632eac4576c
"RS 20.161,27",35.7843295,35.6022131,Akkadian,Logosyllabic,Residential Quarter,0441d7af-1428-4b4c-b326-1d7a5ab6147e
"RS 20.161,28",35.7843295,35.6022131,Akkadian,Logosyllabic,Residential Quarter,75864b05-a124-4f0f-b597-69f066983690
"RS 20.161,29",35.7843295,35.6022131,Akkadian,Logosyllabic,Residential Quarter,9647abac-dafb-4cd2-9482-4f8a3fe48110
"RS 20.161,30",35.7843295,35.6022131,Akkadian,Logosyllabic,Residential Quarter,3da24073-09ae-4d70-840f-cf0d81a4f2d5
"RS 20.161,31",35.7843295,35.6022131,Akkadian,Logosyllabic,Residential Quarter,c97c276b-85cd-44fe-bb75-f2014244a9be
"RS 20.161,32",35.7843295,35.6022131,Akkadian,Logosyllabic,Residential Quarter,5845af2d-496c-4447-ae5c-3316dfe36e99
"RS 20.161,33",35.7843295,35.6022131,Akkadian,Logosyllabic,Residential Quarter,5bf6fc86-2ae3-461d-9b29-7ec6ef476afb
"RS 20.161,34",35.7843295,35.6022131,Akkadian,Logosyllabic,Residential Quarter,6a6d411b-4766-4a24-8b6a-9fc8f5172f2b
"RS 20.171,10",35.7844193,35.6022517,Akkadian,Logosyllabic,Residential Quarter,f3ba2562-1cf5-4665-92c9-90691388dfa7
"RS 20.171,11",35.7844193,35.6022517,Akkadian,Logosyllabic,Residential Quarter,c643b5e2-ec06-419c-9e9f-51e8301d1f6b
"RS 20.171,12",35.7844193,35.6022517,Akkadian,Logosyllabic,Residential Quarter,e4ed3a5b-1dea-4512-a2ff-86fd5a89c93f
"RS 20.171,13",35.7844193,35.6022517,Akkadian,Logosyllabic,Residential Quarter,b3073a80-bfb1-4d8c-95cc-ac52f873d760
"RS 20.171,14",35.7844193,35.6022517,Akkadian,Logosyllabic,Residential Quarter,04be46c5-0d63-43c2-ae69-1cc01cf7b297
"RS 20.171,15",35.7844193,35.6022517,Akkadian,Logosyllabic,Residential Quarter,5b37e0fc-c00f-49be-9ae6-f5969e2206f5
"RS 20.171,16",35.7844193,35.6022517,Akkadian,Logosyllabic,Residential Quarter,e2121f42-eb59-42c8-98f0-d8873efef275
"RS 20.171,17",35.7844193,35.6022517,Akkadian,Logosyllabic,Residential Quarter,8ef2cee4-fa11-4fbb-b4c1-f26c903ad9ec
"RS 20.171,18",35.7844193,35.6022517,Akkadian,Logosyllabic,Residential Quarter,ddd25347-5370-40a7-808b-1c21b72820f7
"RS 20.171, [19]",35.7844193,35.6022517,Akkadian,Logosyllabic,Residential Quarter,f7102501-de0c-4ba3-9d44-07d7549617bc
"RS 20.171, [20]",35.7844193,35.6022517,Akkadian,Logosyllabic,Residential Quarter,6f28c26b-bb94-4665-9840-666aad9907a0
"RS 20.171, [21]",35.7844193,35.6022517,Akkadian,Logosyllabic,Residential Quarter,df9543db-667d-40a1-874d-781615224a8c
"RS 20.171, [22]",35.7844193,35.6022517,Akkadian,Logosyllabic,Residential Quarter,d56e5f0a-370d-4225-a803-2b0673c55993
"RS 20.171, [23]",35.7844193,35.6022517,Akkadian,Logosyllabic,Residential Quarter,53ae7933-d7db-40ff-84e8-3576ad33e3bd
"RS 20.171, [24]",35.7844193,35.6022517,Akkadian,Logosyllabic,Residential Quarter,b88f7ce6-bb80-4304-9e25-fade55838710
"RS 20.171, [25]",35.7844193,35.6022517,Akkadian,Logosyllabic,Residential Quarter,e8b6b3af-72fb-410f-b27d-6a8f29feefe0
"RS 20.171, [26]",35.7844193,35.6022517,Akkadian,Logosyllabic,Residential Quarter,f623aff7-d1bb-4dab-812f-4fdbd61f95d5
"RS 20.171, [27]",35.7844193,35.6022517,Akkadian,Logosyllabic,Residential Quarter,7ccfb720-ae3e-445d-9936-174230eddfaa
"RS 20.181,10",35.7843662,35.602236,unknown,unknown,Residential Quarter,13a88998-769e-4bd4-9853-1899bdcc723c
"RS 20.181,11",35.7843662,35.602236,Akkadian,Logosyllabic,Residential Quarter,22c3c8c7-6f1c-4f86-8222-251faa29bcf8
"RS 20.181,12+",35.7843662,35.602236,Akkadian,Logosyllabic,Residential Quarter,1512a7f4-2965-4689-b41c-3118510f988f
"RS 20.181,13",35.7843662,35.602236,Akkadian,Logosyllabic,Residential Quarter,a38e8bfe-8c28-4c9c-871a-b2fccf656684
"RS 20.181,14",35.7843662,35.602236,Akkadian,Logosyllabic,Residential Quarter,a3ba0550-a326-4614-9ebf-c4c7ccaebf79
"RS 20.181,15+",35.7843662,35.602236,Akkadian,Logosyllabic,Residential Quarter,a019a554-22f7-4dd9-b891-5ba10e45be72
"RS 20.181,16",35.7843662,35.602236,Akkadian,Logosyllabic,Residential Quarter,e1cf4d12-359c-4617-b481-9697f0a5bcb5
"RS 20.181,17",35.7843662,35.602236,Akkadian,Logosyllabic,Residential Quarter,09e5db29-4bb9-4eca-852d-a34f42b0d079
"RS 20.181,18",35.7843662,35.602236,unknown,unknown,Residential Quarter,a553d9bf-1a0c-428c-b8d5-04991305d357
"RS 20.181,18 [bis]",35.7843662,35.602236,Akkadian,Logosyllabic,Residential Quarter,c0e80134-3208-4414-9d27-8bfd20d3870c
"RS 20.181,19",35.7843662,35.602236,unknown,unknown,Residential Quarter,7924cb6e-977a-4839-a7f1-b11be0c40841
"RS 20.181,20",35.7843662,35.602236,Akkadian,Logosyllabic,Residential Quarter,aa348d9f-5aa3-47d2-8101-9dc96e16bf50
"RS 20.181,21",35.7843662,35.602236,Akkadian,Logosyllabic,Residential Quarter,74e6e139-9d01-40ab-aa81-99ef840472cf
"RS 20.181,22",35.7843662,35.602236,Akkadian,Logosyllabic,Residential Quarter,33b3c3ce-595b-4a21-bcb4-15702ae933a0
"RS 20.181,23",35.7843662,35.602236,Akkadian,Logosyllabic,Residential Quarter,64073525-194e-4b1d-8fa7-1d70ca8414c9
"RS 20.186,10",35.7843732,35.6022285,Akkadian,Logosyllabic,Residential Quarter,02ee4bf6-b842-40bd-93d0-372f24ed1a7c
"RS 20.186,11",35.7843732,35.6022285,Akkadian,Logosyllabic,Residential Quarter,28c12a48-0c6d-4ffd-9e8d-647e7a8520ce
"RS 20.186,12",35.7843732,35.6022285,Akkadian,Logosyllabic,Residential Quarter,69b0d0cb-690c-44b0-b006-20b06f9d34cc
"RS 20.426,10",35.7843685,35.6022119,Akkadian,Logosyllabic,Residential Quarter,92379702-ba7c-46e9-a1a5-fa94bef18ff6
"RS 20.426,11",35.7843685,35.6022119,Akkadian,Logosyllabic,Residential Quarter,6cfe4da1-7860-43b9-99bd-ad8fef0df350
"RS 20.426,12",35.7843685,35.6022119,Akkadian,Logosyllabic,Residential Quarter,05050eee-2f28-4fb5-9959-72e4e9335909
"RS 20.426,13",35.7843685,35.6022119,Akkadian,Logosyllabic,Residential Quarter,8be482d9-bcac-4291-81ef-6f6b0b45ec0b
"RS 20.426,14+",35.7843685,35.6022119,Akkadian,Logosyllabic,Residential Quarter,2252f53e-2e1e-46d3-81d7-63e5acf747e0
"RS 20.426,15",35.7843685,35.6022119,Akkadian,Logosyllabic,Residential Quarter,0db135db-33fc-4e88-9327-1ff16a07f830
"RS 20.426,16",35.7843685,35.6022119,Akkadian,Logosyllabic,Residential Quarter,1e6b0c6d-0831-4f99-b421-bd851ff55e9a
"RS 20.426,17",35.7843685,35.6022119,Akkadian,Logosyllabic,Residential Quarter,04945d89-8b45-4238-a106-c2c4f5f64e76
"RS 20.426,18",35.7843685,35.6022119,Akkadian,Logosyllabic,Residential Quarter,9d4053af-4daf-4b23-970b-d0ee39b9b65e
"RS 20.426,19",35.7843685,35.6022119,Akkadian,Logosyllabic,Residential Quarter,67b27011-013d-4998-9b63-69478d86a77a
"RS 20.426,20",35.7843685,35.6022119,Akkadian,Logosyllabic,Residential Quarter,465796b4-f421-4f8b-9103-335b86dfca3b
"RS 20.426,21",35.7843685,35.6022119,Ugaritic,Alphabetic,Residential Quarter,8dfbd75b-8bcb-4e9f-b3d4-46051138156b
"RS 20.[435,10]",35.7843685,35.6022119,Akkadian,Logosyllabic,Residential Quarter,a52ca229-2853-4083-91f2-08d75eb029fa
RS 21.001,35.7843492,35.6022246,Akkadian,Logosyllabic,Residential Quarter,4eca371b-8565-46b9-8393-f0edaf226f57
RS 21.002,35.7843492,35.6022246,Ugaritic; Akkadian,Alphabetic; Logosyllabic,Residential Quarter,b04acac9-da0c-4731-8e53-a87aff5567b0
RS 21.003C,35.7843492,35.6022246,Akkadian,Logosyllabic,Residential Quarter,256f944c-c6bc-4c70-9e41-0792d438ab8e
RS 21.003E,35.7843492,35.6022246,Akkadian,Logosyllabic,Residential Quarter,3407d600-1d62-44b9-b419-6ef9eea75bc9
RS 21.003F,35.7843492,35.6022246,Akkadian,Logosyllabic,Residential Quarter,c93bb7f9-71e3-4186-8400-2ba1dffa1771
RS 21.003B,35.7843492,35.6022246,Akkadian,Logosyllabic,Residential Quarter,fe0df324-f359-4209-9139-acddefbdf682
RS 21.003D,35.7843492,35.6022246,Akkadian,Logosyllabic,Residential Quarter,c8b8ac20-5062-4483-9094-cede70a36563
RS 21.003A,35.7843492,35.6022246,Akkadian,Logosyllabic,Residential Quarter,dff280e7-0cb3-44b6-a818-fd63c78166dc
RS 21.004C,35.7843492,35.6022246,Akkadian,Logosyllabic,Residential Quarter,ee3278fb-eb16-455f-b9c0-6834fc5b7937
RS 21.004E,35.7843492,35.6022246,Akkadian,Logosyllabic,Residential Quarter,e68d37c0-f802-480b-aa2e-260a98c447be
RS 21.004B,35.7843492,35.6022246,Akkadian,Logosyllabic,Residential Quarter,33fbd929-3f7d-448a-ac15-8e1179244d8f
RS 21.004D,35.7843492,35.6022246,Akkadian,Logosyllabic,Residential Quarter,24c5384f-00c4-43f7-912c-b247405eea30
RS 21.004A,35.7843492,35.6022246,Akkadian,Logosyllabic,Residential Quarter,5572ccac-e4db-4753-b9e4-45277f75ccdf
RS 21.005C,35.7843492,35.6022246,Akkadian,Logosyllabic,Residential Quarter,b3c16842-3a6a-47fd-930c-0ee789ce5ee4
RS 21.005B,35.7843492,35.6022246,Akkadian,Logosyllabic,Residential Quarter,ab17bc50-1c99-4c08-a124-308d4e3a2992
RS 21.005D,35.7843492,35.6022246,Akkadian,Logosyllabic,Residential Quarter,298aa8c1-02ed-46bf-a941-a47173dff806
RS 21.005A,35.7843492,35.6022246,Akkadian,Logosyllabic,Residential Quarter,2a646543-d643-4444-b88c-0660513258c9
RS 21.006C,35.7843492,35.6022246,Akkadian,Logosyllabic,Residential Quarter,4162297e-51e6-4678-8e0c-b304c119d363
RS 21.006E,35.7843492,35.6022246,Akkadian,Logosyllabic,Residential Quarter,1e44aa20-5b36-49bc-a9a6-569a8e8d3f5d
RS 21.006B,35.7843492,35.6022246,Akkadian,Logosyllabic,Residential Quarter,f621680c-5238-42d2-b59c-0f74d53d0fc8
RS 21.006D,35.7843492,35.6022246,Akkadian,Logosyllabic,Residential Quarter,f8a73c80-5672-4eb1-839e-8697679479f9
RS 21.006A,35.7843492,35.6022246,Akkadian,Logosyllabic,Residential Quarter,d4ee1f99-7c57-49d6-9528-4745cb3b23d4
RS 21.007C,35.7843492,35.6022246,Akkadian,Logosyllabic,Residential Quarter,7e24bdf2-1cef-49cd-8502-ea3ecbeae312
RS 21.007E,35.7843492,35.6022246,Akkadian,Logosyllabic,Residential Quarter,1b5dd697-b25f-483b-b213-b3c4e04d8b17
RS 21.007F,35.7843492,35.6022246,Akkadian,Logosyllabic,Residential Quarter,81ff4938-12dc-4896-a1df-e3860fcde009
RS 21.007B,35.7843492,35.6022246,unknown,unknown,Residential Quarter,0e52ca10-1362-41b9-9328-df93ea23b1dc
RS 21.007G,35.7843492,35.6022246,Akkadian,Logosyllabic,Residential Quarter,0044499d-9093-467c-bb0f-bbc5632571a0
RS 21.007D,35.7843492,35.6022246,Akkadian,Logosyllabic,Residential Quarter,3c3636f0-d715-49ca-a235-dc00dfb1f210
RS 21.007H+,35.7843492,35.6022246,Akkadian,Logosyllabic,Residential Quarter,0898a941-446f-4322-8038-7488ad45b95c
RS 21.007A,35.7843492,35.6022246,Akkadian,Logosyllabic,Residential Quarter,9e3aa11a-a677-4983-801a-57201d10e551
RS 21.008C,35.7843822,35.6022386,Akkadian,Logosyllabic,Residential Quarter,fedd8c0c-ff58-484f-82a5-6538db0f98ba
RS 21.008B,35.7843822,35.6022386,Akkadian,Logosyllabic,Residential Quarter,9ef93d3f-ffec-4425-8b68-c3bbd17fd7d1
RS 21.008A,35.7843822,35.6022386,Akkadian,Logosyllabic,Residential Quarter,82a9c55a-3992-4957-abd0-e7c0be1b44ef
RS 21.009,35.7843612,35.6022271,Akkadian,Logosyllabic,Residential Quarter,b5a77cc0-d722-4d5d-aeb3-8db64722be41
RS 21.010,35.7843839,35.6022299,Akkadian,Logosyllabic,Residential Quarter,4dde55a1-676e-4365-bef1-7892bcb3a274
RS 21.053,35.7831354,35.6014445,Akkadian,Logosyllabic,Royal Palace,59db2f49-7314-45d4-920c-b38198cf8ab7
RS 21.054C,35.7844315,35.6022168,unknown,unknown,Residential Quarter,7b69a2a9-9751-4ea8-a0de-b22c646b1bd1
RS 21.054B,35.7844315,35.6022168,Akkadian,Logosyllabic,Residential Quarter,15872a62-0290-477a-b27b-ab35c3e40033
RS 21.054D,35.7844315,35.6022168,Akkadian,Logosyllabic,Residential Quarter,c795b262-8965-4001-a957-0dc7706dd516
RS 21.054A,35.784439,35.6022672,Akkadian,Logosyllabic,Residential Quarter,1a3eca88-346f-43db-a9a1-98a620a0313a
RS 21.055,35.7843782,35.6022374,Akkadian,Logosyllabic,Residential Quarter,b05d592f-cf37-4213-8d1b-29fe66dfb033
RS 21.056,35.7843543,35.6022324,Ugaritic,Alphabetic,Residential Quarter,7ce39d5a-9e48-48d7-b87f-d1c33078dc57
RS 21.059,35.7843516,35.6022312,Akkadian,Logosyllabic,Residential Quarter,e6dc58b9-fed1-4ea7-8d59-f2dc18392c4b
RS 21.062,35.7843664,35.6022316,Akkadian; Hurrian; Sumerian,Logosyllabic,Residential Quarter,bde6e374-16fa-447f-869a-67257b550b5b
RS 21.063C,35.7823659,35.6016876,unknown,unknown,Royal Palace,a4bb6a4d-1ffb-4068-9524-7878ac45e3e3
RS 21.063E,35.7823659,35.6016876,Akkadian,Logosyllabic,Royal Palace,ad7641ed-3b5e-44c8-992b-e2558e2d861b
RS 21.063F,35.7823659,35.6016876,Akkadian,Logosyllabic,Royal Palace,f251a5f6-8470-46e7-9fd8-1953bcb09ac7
RS 21.063B,35.7823659,35.6016876,Ugaritic,Alphabetic,Royal Palace,a7f10051-f812-4e43-a4fb-192f7f45597f
RS 21.063D,35.7823659,35.6016876,Akkadian; Hurrian?; Sumerian?; Ugaritic,Logosyllabic,Royal Palace,3718283b-ef3c-4b7d-9cf2-e3eda8ea3f8c
RS 21.063A,35.7823659,35.6016876,unknown,unknown,Royal Palace,4c0d6219-38fa-440d-856f-81aeb2f9bdd8
RS 21.064,35.7843489,35.6022333,Akkadian,Logosyllabic,Residential Quarter,0e5f8a9c-c24e-4eaa-b8f9-de9352a53392
RS 21.065,35.7843782,35.6022374,Akkadian,Logosyllabic,Residential Quarter,b22a5c2e-b53e-4e92-8846-b44e244ac59d
RS 21.069,35.7843689,35.602235,unknown,unknown,Residential Quarter,155e8869-e9ba-4130-ab5f-0e84994fe924
RS 21.072,35.7843689,35.602235,unknown,unknown,Residential Quarter,b13d2655-6e19-4394-8092-8cf668e2e5a4
RS 21.110,35.7831676,35.6018746,Egyptian,Hieroglyphic,Royal Palace,e8b7702c-cf17-4204-8f03-2baf4c8957d4
RS 21.183,35.7844129,35.6022139,Akkadian,Logosyllabic,Residential Quarter,79c1b5f9-d634-4777-a53f-d67fe4a5aac3
RS 21.184B,35.7833447,35.6012112,Ugaritic,Alphabetic,Royal Palace,7e297df5-6482-480b-93ea-07b886c42dac
RS 21.184A,35.7833447,35.6012112,Ugaritic,Alphabetic,Royal Palace,77de589c-bf28-4cca-9197-1408a7d693af
RS 21.188,35.7843624,35.6022304,Egyptian,Hieroglyphic,Residential Quarter,1c89a93e-66b5-4bdd-9ce8-8c9fd9971a50
RS 21.199,35.7830898,35.6011429,Akkadian,Logosyllabic,Southern Palace,a426c172-2e67-485d-90e4-823e3a5fbec0
RS 21.200,35.7830898,35.6011429,Akkadian,Logosyllabic,Southern Palace,0f456811-959e-41d4-9ffe-f66be6bf8652
RS 21.201,35.7830898,35.6011429,Akkadian,Logosyllabic,Southern Palace,ab1da128-8e36-4aad-ba81-4f2b7c301e21
RS 21.202,35.7830898,35.6011429,Akkadian,Logosyllabic,Southern Palace,ec26b614-8315-40f1-9e9b-90142cfc10fb
RS 21.203,35.7830898,35.6011429,Akkadian,Logosyllabic,Southern Palace,267b5106-e583-4e0f-8101-47b78710c124
RS 21.210,35.7844424,35.6022316,unknown,unknown,Residential Quarter,28aa6917-30c1-42fd-be19-f9968b1daf1b
RS 21.220,35.7844129,35.6022139,Akkadian,Logosyllabic,Residential Quarter,2afa9547-2275-4d4f-aa10-798ef97c3b63
RS 21.221,35.7844196,35.6022426,Akkadian,Logosyllabic,Residential Quarter,e2a6117f-d3c5-4cd8-b088-cad5687f020d
RS 21.230,35.7843841,35.6022244,Akkadian,Logosyllabic,Residential Quarter,084f916b-c8d0-4614-86c1-4562b8801cdb
RS 21.310,35.7830898,35.6011429,Egyptian,Hieroglyphic,Southern Palace,6e454359-06cb-422a-b20e-6cc66880b11a
RS 21.356,35.7818307,35.601629,unknown,unknown,unknown,ebf36846-605b-4b26-b07d-ca571027d099
RS 22.001,35.787567,35.6032103,Ugaritic,Alphabetic,Northeast of Tell,da9867c4-55ef-47bb-861d-389935669a8f
RS 22.002,35.7876283,35.6031874,Akkadian,Logosyllabic,Northeast of Tell,066fe112-4113-418b-8634-2f231d71dbdc
RS 22.004,35.7875757,35.6032071,Ugaritic,Alphabetic,Northeast of Tell,6b4b08ee-3d6b-4aeb-b5c2-74499b04780b
RS 22.005,35.7875624,35.6032173,Akkadian,Logosyllabic,Northeast of Tell,98bc65eb-2df8-4f93-92b2-e7d6b59bc515
RS 22.006,35.7823659,35.6016876,Akkadian,Logosyllabic,Royal Palace,ea862bec-5c29-47dc-b9b8-2b0fb88c92fa
RS 22.007,35.7876457,35.6031808,Akkadian,Logosyllabic,Northeast of Tell,8979235c-c3da-4cb5-ba31-c8b71f112bbd
RS 22.008,35.7875625,35.6032138,Ugaritic,Alphabetic,Northeast of Tell,67a4e27e-f81e-4755-85d2-5768b6abb678
RS 22.030,35.7876457,35.6031808,Akkadian,Logosyllabic,Northeast of Tell,95db05b9-2db7-490c-ad15-9bc2f31802aa
RS 22.031,35.7876457,35.6031808,Akkadian,Logosyllabic,Northeast of Tell,733b3ba4-23a7-445f-9040-f34e6463e263
RS 22.032,35.7876457,35.6031808,Akkadian,Logosyllabic,Northeast of Tell,450d7c5c-2ea7-4baf-b703-bfe4d10b11de
RS 22.079,35.7866882,35.6033052,Egyptian,Hieroglyphic,Acropolis,c502a2dc-f8f5-4ac7-9514-32ec33a4ab53
RS 22.215,35.7858974,35.6012178,Akkadian,Logosyllabic,City South,7b7eb673-2604-4955-beba-8299a97b0187
RS 22.216,35.7858974,35.6012178,Akkadian,Logosyllabic,City South,adb647bf-46bd-44cd-a7f9-926838ea50af
RS 22.217C,35.7858974,35.6012178,Akkadian,Logosyllabic,City South,13dd8e31-5ade-43f0-a6fc-b8b1da479467
RS 22.217B,35.7858974,35.6012178,Akkadian,Logosyllabic,City South,0afed4bb-d83a-4f08-ae1c-06a09b339415
RS 22.217D,35.7858974,35.6012178,Akkadian,Logosyllabic,City South,cfd67c61-b9f0-4113-b2ec-fbf877c1a1bf
RS 22.217A,35.7858974,35.6012178,Akkadian,Logosyllabic,City South,978d6083-1d98-4b12-9e3c-04809e32f92c
RS 22.219+,35.7858974,35.6012178,Akkadian,Logosyllabic,City South,baadeddc-8ee5-4d47-8e51-b9d724714c73
RS 22.220+,35.7858974,35.6012178,Akkadian,Logosyllabic,City South,661bbeec-875f-47b8-b683-4986eb7c61b1
RS 22.222,35.7858974,35.6012178,Akkadian,Logosyllabic,City South,0ee2f9ed-ae56-48f0-b994-0ce55a1bec3c
RS 22.224,35.7876283,35.6031874,Akkadian,Logosyllabic,Northeast of Tell,3c1cad52-42da-4deb-a348-382797128cc6
RS 22.226,35.7858974,35.6012178,Akkadian,Logosyllabic,City South,a24a17a0-98ad-4610-8488-525adc3c78d0
RS 22.227C,35.7858974,35.6012178,Akkadian,Logosyllabic,City South,6890bfca-8479-4d04-b05c-5cf68f538a5e
RS 22.227B+,35.7858974,35.6012178,Akkadian,Logosyllabic,City South,fdb0dbdb-000d-4065-91cc-57d77a17aa70
RS 22.227A,35.7858974,35.6012178,Akkadian,Logosyllabic,City South,738bca10-1506-44e3-8af6-8ee2bb725387
RS 22.228,35.7858974,35.6012178,unknown,unknown,City South,38e46d86-b440-43bd-b3c8-4d39f5afe2ea
RS 22.228A+,35.7858974,35.6012178,Akkadian,Logosyllabic,City South,336f8510-bf92-4ee0-9e6f-86e164e2cd39
RS 22.229,35.7858974,35.6012178,Akkadian,Logosyllabic,City South,f8d2ba6a-f43c-4d77-be2f-39f739b3f1de
RS 22.230,35.7858974,35.6012178,Akkadian,Logosyllabic,City South,fb636f00-1728-4173-9f46-259c5965afc3
RS 22.233,35.7858974,35.6012178,Akkadian,Logosyllabic,City South,cb8e6020-9df3-4ba5-b755-39d02bf13c10
RS 22.258,35.7858974,35.6012178,Egyptian,Hieroglyphic,City South,7b679a79-b7e1-4669-af2b-fb9d7334e8d6
RS 22.337,35.7858974,35.6012178,Akkadian,Logosyllabic,City South,f709c952-98d2-42a3-a54f-7218386a34c2
RS 22.337A+,35.7858974,35.6012178,Akkadian,Logosyllabic,City South,0c337eeb-8ff7-4e10-b960-5d4562dcb748
RS 22.338,35.7858974,35.6012178,unknown,unknown,City South,ac22fa04-764a-42cb-a1b2-126b646894b2
RS 22.339,35.7858974,35.6012178,unknown,unknown,City South,62df3e04-644f-4c7c-9137-8461be905174
RS 22.341,35.7858974,35.6012178,Akkadian,Logosyllabic,City South,45707f7c-1817-4a15-b795-c3384a53e264
RS 22.342,35.7858974,35.6012178,Akkadian,Logosyllabic,City South,2b8a720a-c743-4b36-ab87-aef3abac3ce2
RS 22.343,35.7858974,35.6012178,Akkadian,Logosyllabic,City South,f3013ee4-1023-4509-ba57-7c1e4c0f52c5
RS 22.344+,35.7858974,35.6012178,Akkadian,Logosyllabic,City South,3c64ddf6-84b2-499c-a1c3-2ddf0dc582f3
RS 22.345+,35.7858974,35.6012178,Akkadian,Logosyllabic,City South,04576cde-3885-4234-a3cd-491a202d868f
RS 22.346+,35.7858974,35.6012178,Akkadian,Logosyllabic,City South,d2a933e6-1888-4c93-bab0-15d72bd5b9cc
RS 22.347,35.7858974,35.6012178,Akkadian,Logosyllabic,City South,d96fe604-4d32-40a5-aad6-6b9fb772ccc4
RS 22.348,35.7858974,35.6012178,Ugaritic,Alphabetic,City South,624e4a63-a125-4d97-9b60-95eede9be897
RS 22.349,35.7858974,35.6012178,unknown,unknown,City South,5ca06985-1e94-4f9f-8587-2ae39104bf2c
RS 22.393,35.7858974,35.6012178,Akkadian,Logosyllabic,City South,c65b2fd8-30cb-496a-8ab8-cc4051117c13
RS 22.394+,35.7858974,35.6012178,Akkadian,Logosyllabic,City South,be909f11-4e1e-4267-835d-bae1ca479d2a
RS 22.395+,35.7858974,35.6012178,Akkadian,Logosyllabic,City South,59b655f8-329f-45e8-84cc-c87f84ab6a53
RS 22.396,35.7858974,35.6012178,Akkadian,Logosyllabic,City South,8c7cf0fd-3ba3-481a-ac12-5d4655d3c45f
RS 22.397+,35.7858974,35.6012178,Akkadian,Logosyllabic,City South,cb14260a-f65c-4950-a551-1170197053c5
RS 22.398,35.7858974,35.6012178,unknown,unknown,City South,c99cd09a-5542-4dac-a9c4-e93c03e87812
RS 22.399+,35.7858974,35.6012178,Akkadian,Logosyllabic,City South,3a767b23-99d8-47e4-884d-ad0350795caa
RS 22.400,35.7858974,35.6012178,Akkadian,Logosyllabic,City South,ef3b4a9c-6fd2-4251-bade-28839307ca45
RS 22.401,35.7858974,35.6012178,Akkadian,Logosyllabic,City South,b56128a6-6de9-45b1-8e4f-b9b413662a0a
RS 22.402,35.7858974,35.6012178,Akkadian,Logosyllabic,City South,146c03fb-28b7-4a0a-93a8-5c4936fd3ad5
RS 22.403+,35.7858974,35.6012178,Akkadian,Logosyllabic,City South,aea072ff-5325-45de-8659-34dbfedea93c
RS 22.403A+,35.7858974,35.6012178,Akkadian,Logosyllabic,City South,f76cff3d-46fb-42d1-a32c-9f8d01d09403
RS 22.404,35.7858974,35.6012178,Akkadian,Logosyllabic,City South,26ea6410-317d-420a-8583-c660d1053ef7
RS 22.405,35.7858974,35.6012178,Akkadian,Logosyllabic,City South,b22d84c9-f460-40f1-8397-197c6cd3e0f9
RS 22.406,35.7858974,35.6012178,Akkadian,Logosyllabic,City South,61c30a79-8bd9-4e50-9e56-44e962437a0e
RS 22.407,35.7858974,35.6012178,Ugaritic,Alphabetic,City South,d388e70b-12dc-4cb4-ae14-139deeb682d5
RS 22.408,35.7858974,35.6012178,Akkadian,Logosyllabic,City South,6ee89884-4e7b-4e5d-989b-125a405cb539
RS 22.409,35.7858974,35.6012178,Ugaritic,Alphabetic,City South,64ea7574-ee0a-49dc-bc41-0a0ee1548854
RS 22.410+,35.7858974,35.6012178,Akkadian,Logosyllabic,City South,b7c38235-cdb9-4a66-ab6d-0a01901e50e8
RS 22.411,35.7858974,35.6012178,Akkadian,Logosyllabic,City South,758d134f-7c5f-49f2-b213-b8d347043be3
RS 22.413,35.7876283,35.6031874,Ugaritic,Alphabetic,Northeast of Tell,0e668357-a231-4db9-bbb7-cabc5a28fdca
RS 22.414,35.7858974,35.6012178,Akkadian,Logosyllabic,City South,8b666061-562d-4f30-9579-cff4edd144d3
RS 22.416+,35.7858974,35.6012178,Akkadian,Logosyllabic,City South,69d93bad-9b8c-4082-9eaf-50d640bb826d
RS 22.417C,35.7858974,35.6012178,Akkadian,Logosyllabic,City South,ee2781ae-0a87-428d-85b9-0e3a4ad74096
RS 22.417E,35.7858974,35.6012178,Akkadian,Logosyllabic,City South,e80f1443-6151-403a-9114-4f5eb106935e
RS 22.417F,35.7858974,35.6012178,Akkadian,Logosyllabic,City South,e67dfca8-3b4f-4980-bbae-02209c015c5f
RS 22.417B,35.7858974,35.6012178,Ugaritic,Alphabetic,City South,85688394-692f-456c-a05f-36c72e9637c3
RS 22.417D,35.7858974,35.6012178,Akkadian,Logosyllabic,City South,0c709ae6-7e73-43be-9d48-d5d3b55eb549
RS 22.417A,35.7858974,35.6012178,Akkadian,Logosyllabic,City South,3878c8e4-a603-4ba1-aa2e-7d4c28cd4ace
RS 22.418,35.7858974,35.6012178,Akkadian,Logosyllabic,City South,48788075-18e0-4f7d-a0f6-de48af166f24
RS 22.419,35.7858974,35.6012178,Akkadian,Logosyllabic,City South,6aed2171-f31e-47f2-b20a-299449019ff5
RS 22.420,35.7858974,35.6012178,Akkadian,Logosyllabic,City South,2416b797-9818-480f-a8ef-8aaa098c8582
RS 22.421,35.7858974,35.6012178,Akkadian,Logosyllabic,City South,16f5a08e-aade-481b-985a-3252db6a6924
RS 22.422,35.7858974,35.6012178,Akkadian,Logosyllabic,City South,101bd371-7fd0-4df5-ba05-c725c3294d0a
RS 22.423,35.7858974,35.6012178,Akkadian,Logosyllabic,City South,1e62f581-d87c-4a25-8e07-592ce371b536
RS 22.424,35.7858974,35.6012178,Akkadian,Logosyllabic,City South,f1b5673d-ff67-41f9-b454-3d9c20b89546
RS 22.425,35.7858974,35.6012178,Akkadian,Logosyllabic,City South,e51de3b7-8646-44e3-bab6-96c4c821387f
RS 22.426,35.7858974,35.6012178,unknown,unknown,City South,71a0c9a7-7205-4af1-b409-bdf0125eb089
RS 22.427,35.7858974,35.6012178,Akkadian,Logosyllabic,City South,8a27e4a1-2b3e-4d4a-aac2-12bc40373dcb
RS 22.428,35.7858974,35.6012178,Akkadian,Logosyllabic,City South,9eeb0e16-2485-4c10-8883-cadd30d2111d
RS 22.429+,35.7858974,35.6012178,Akkadian,Logosyllabic,City South,731d6071-da41-4080-b15b-70e3615a23fc
RS 22.430B,35.7858974,35.6012178,unknown,unknown,City South,02a51905-4f6e-4c68-99f9-447c295393a5
RS 22.430A,35.7858974,35.6012178,Akkadian,Logosyllabic,City South,89929bab-bda9-44bc-bc19-4d48ea9b3388
RS 22.431B,35.7858974,35.6012178,unknown,unknown,City South,ef4374f2-1dcd-40c5-862c-24d42b76aaa6
RS 22.431A,35.7858974,35.6012178,unknown,unknown,City South,38d52d8a-fb33-4c2f-95c3-1516202b1e69
RS 22.432,35.7858974,35.6012178,unknown,unknown,City South,89f67e1e-ec3c-43b0-afa0-7c2898737e56
RS 22.433C,35.7858974,35.6012178,unknown,unknown,City South,12000d0e-ec35-40b0-9377-5b62bed58711
RS 22.433B,35.7858974,35.6012178,unknown,unknown,City South,bf1d31b7-b0f1-4691-be9e-608bca5af839
RS 22.433A,35.7858974,35.6012178,unknown,unknown,City South,48dcc820-98a5-47ee-aa50-60ec70680881
RS 22.434,35.7858974,35.6012178,Akkadian,Logosyllabic,City South,5ffe4e61-66b1-4a3e-8984-a30aabd97e8d
RS 22.437B,35.7858974,35.6012178,Akkadian,Logosyllabic,City South,3d943060-7492-4dd8-94ed-241c1045c0a0
RS 22.437A,35.7858974,35.6012178,unknown,unknown,City South,d2026793-e716-479e-b45b-116c00f82e62
RS 22.438C,35.7858974,35.6012178,unknown,unknown,City South,e6ec48d4-7505-41c9-9127-74cb89899f1c
RS 22.438B+,35.7858974,35.6012178,Akkadian,Logosyllabic,City South,76d37174-a312-49a1-bb81-04b463ee46c0
RS 22.438A,35.7858974,35.6012178,Akkadian,Logosyllabic,City South,c4bbb3f8-dc60-4ec5-8ff2-e69eb52d7c20
RS 22.439,35.7858974,35.6012178,Akkadian; Hittite,Logosyllabic,City South,00f9219f-31e4-4cdf-9217-8485f593469d
RS 22.439 [B],35.7858974,35.6012178,Akkadian,Logosyllabic,City South,7b4e875e-4c44-44bc-b15b-803c818f54f2
RS 22.439 [A],35.7858974,35.6012178,Ugaritic,Alphabetic,City South,39b313c8-95e1-4f0d-bb24-db4da3bfd63d
RS 22.[460A-M],35.7858659,35.6008594,unknown,unknown,City South,3b4011a7-12aa-459a-b623-edce40c05de6
"RS 22.417,1",35.7858974,35.6012178,Akkadian,Logosyllabic,City South,a989b45e-da5c-4294-9fa6-22a1424a3093
RS 23.029,35.7858974,35.6012178,Akkadian,Logosyllabic,City South,bf4c323b-e145-4bfb-8d7c-17ef7d8a7b0c
RS 23.033,35.7858974,35.6012178,Akkadian,Logosyllabic,City South,66df5275-0187-4d4b-983d-0826483ebd5a
RS 23.034+,35.7858974,35.6012178,Akkadian,Logosyllabic,City South,d2a1af19-4807-40ed-b532-2e59d983d027
RS 23.038,35.7858974,35.6012178,Akkadian,Logosyllabic,City South,0fd88a9d-31d8-4055-8c33-b600bfe5e654
RS 23.077,35.7858974,35.6012178,unknown,unknown,City South,ab06e436-3db1-4c16-a26b-b87978ada499
RS 23.083,35.7858974,35.6012178,unknown,unknown,City South,cc1e24e5-c4e5-4fe2-8b9a-aa02474ed321
RS 23.363,35.7858974,35.6012178,unknown,unknown,City South,c36ea630-a6e5-4693-9ba0-c60e24f59774
RS 23.364,35.7858974,35.6012178,unknown,unknown,City South,d4252c1a-a90e-43b9-a229-a20a2b3c8856
RS 23.365,35.7858974,35.6012178,Akkadian,Logosyllabic,City South,4458b4c9-ba5d-441c-bdf1-38159ab9bd5b
RS 23.365A,35.7858974,35.6012178,Akkadian,Logosyllabic,City South,b313248d-cd46-4c94-96ae-ce4bb161a357
RS 23.366,35.7858974,35.6012178,unknown,unknown,City South,f2e6c022-1721-494c-b0d8-5557c327ab67
RS 23.484,35.7858974,35.6012178,Ugaritic; Ugaritic,Alphabetic; Alphabetic,City South,f145b271-f562-4d80-b87a-bd45cf6a2cda
RS 23.487,35.7858974,35.6012178,Akkadian,Logosyllabic,City South,b0affe14-2df3-4b1d-9c5d-060f557a17be
RS 23.489,35.7858974,35.6012178,unknown,unknown,City South,6462fe12-3149-495a-8064-2b21e11bf8a3
RS 23.492,35.7858974,35.6012178,Ugaritic,Alphabetic,City South,b49de426-4652-4373-84d9-59b0d518e219
RS 23.494,35.7858974,35.6012178,unknown,unknown,City South,3ed8a402-ad21-4650-b71b-5c4e4b346d5a
RS 23.497,35.7858974,35.6012178,Ugaritic,Alphabetic,City South,2a611652-7131-49fb-9c79-3d7870e26f19
RS 23.541,35.7818956,35.6014227,unknown,unknown,Out of Context,2f2ace31-a457-417c-8169-bd02fc802c90
RS 23.[743],35.7858974,35.6012178,unknown,unknown,City South,a0f012b4-2db4-4796-8797-62d31cc7c37b
RS 24.159,35.7866815,35.6017226,Egyptian,Hieroglyphic,South Acropolis,7048f940-079c-47f3-a915-82bc8b9186d9
RS 24.244,35.786758,35.60186,Ugaritic,Alphabetic,South Acropolis,6c5ebe96-278e-48f4-9284-e3aae5bdeda2
RS 24.245,35.7867754,35.6018609,Ugaritic,Alphabetic,South Acropolis,e18131d5-2145-408b-a712-7baeb4d84b67
RS 24.246,35.7867563,35.6018514,Ugaritic,Alphabetic,South Acropolis,c1682003-a402-485b-ab70-935e0294afef
RS 24.247+,35.7867749,35.6018609,Ugaritic,Alphabetic,South Acropolis,d8c12a51-b3f7-4358-a1fa-185adf935e95
RS 24.248,35.7867586,35.6018674,Ugaritic,Alphabetic,South Acropolis,3352e476-739b-49f7-b47b-571b645011a4
RS 24.249,35.7867758,35.6018618,Ugaritic,Alphabetic,South Acropolis,5d7613da-f545-4f55-b8bb-99b9a5ac1b4a
RS 24.250+,35.7867758,35.6018618,Ugaritic,Alphabetic,South Acropolis,15921714-f465-4fde-8aa2-0d3808a62f3d
RS 24.251+,35.7867749,35.6018609,Ugaritic,Alphabetic,South Acropolis,07515ad9-679e-476b-b061-354637568fa2
RS 24.252,35.7867691,35.6018596,Ugaritic,Alphabetic,South Acropolis,53998024-0ed0-4f23-8f9d-7f1f99852dc2
RS 24.253,35.7867754,35.6018609,Ugaritic,Alphabetic,South Acropolis,29d52a9f-2ed8-47cd-9bc3-281f8b8871fe
RS 24.254,35.7867586,35.6018674,Hurrian; Ugaritic,Alphabetic; Alphabetic,South Acropolis,222fd647-9748-4d6f-90fc-226646cbcb13
RS 24.255,35.7867572,35.6018703,Hurrian; Ugaritic,Alphabetic; Alphabetic,South Acropolis,1afaf3c5-e9ec-42a3-b86c-3f4b6b985e8b
RS 24.256,35.7867572,35.6018703,Ugaritic,Alphabetic,South Acropolis,d0504a8d-82b9-4441-9e99-42a48401d8ae
RS 24.257,35.7867572,35.6018703,Ugaritic,Alphabetic,South Acropolis,34f37f5f-c12e-4898-be0d-98da7e7e08f0
RS 24.258,35.7867433,35.6017939,Ugaritic,Alphabetic,South Acropolis,17a3541b-6710-4169-8d63-237ff7cdacbd
RS 24.259,35.7867754,35.6018609,unknown,unknown,South Acropolis,7a169df7-b1e5-4749-9492-e536bdb1c404
RS 24.260,35.7867685,35.6018643,Ugaritic,Alphabetic,South Acropolis,eb849f22-21f7-4bb1-a2cd-ae2fe411e104
RS 24.261,35.7867563,35.6018514,Hurrian; Ugaritic,Alphabetic; Alphabetic,South Acropolis,96e779ec-7de1-4ff0-9738-f61f2f7f5961
RS 24.262,35.7867758,35.6018618,unknown,unknown,South Acropolis,f4f84b97-ad9d-48fd-899c-fa945d5b285e
RS 24.263,35.7867758,35.6018618,Ugaritic,Alphabetic,South Acropolis,a229e709-43e2-4093-8c6a-55f77f716019
RS 24.264+,35.7867749,35.6018609,Ugaritic,Alphabetic,South Acropolis,42c49b5a-6f94-4fbe-b490-dd9e759bbb90
RS 24.265,35.7867749,35.6018609,unknown,unknown,South Acropolis,4fae93fe-73d1-4dea-b303-a8cdda3ff956
RS 24.265A,35.7867749,35.6018609,unknown,unknown,South Acropolis,438de141-56c5-434a-a6f7-28176c0453b9
RS 24.266,35.7867623,35.6018641,Ugaritic,Alphabetic,South Acropolis,c03ae71e-4a4a-4ea0-85da-5797db345488
RS 24.267,35.786758,35.60186,unknown,unknown,South Acropolis,c2e79b9d-2bac-4fb0-a9e0-38d0155abf73
RS 24.268,35.786758,35.60186,unknown,unknown,South Acropolis,4564298c-b4d5-4973-a195-c51d0b4ca337
RS 24.269+,35.7867545,35.60184,Hurrian,Alphabetic,South Acropolis,6642028a-9aac-48d8-b8f3-c856b721859e
RS 24.270 [B],35.7867536,35.6018368,Ugaritic,Alphabetic,South Acropolis,d24c5761-b5e9-4f7b-8649-075218af10a4
RS 24.270A,35.7867536,35.6018368,Ugaritic,Alphabetic,South Acropolis,cc02066b-6f78-49d1-8da0-2b6d381a1fa2
RS 24.271,35.7867691,35.6018596,Ugaritic,Alphabetic,South Acropolis,994661e5-df74-4b8d-a94e-196b77b86184
RS 24.272,35.7867685,35.6018643,Ugaritic,Alphabetic,South Acropolis,5729c74e-1e68-4ab3-82e7-b61f667bda1a
RS 24.273,35.7867754,35.6018614,Akkadian,Logosyllabic,South Acropolis,10424db3-f63b-4298-84d1-d1e7bed46268
RS 24.274,35.7867754,35.6018614,Hurrian,Alphabetic,South Acropolis,31916b3d-8280-4aad-97f3-f1b974bd6de4
RS 24.275,35.7867754,35.6018614,unknown,unknown,South Acropolis,3a0f34f3-7c79-42ae-ad15-77b4e98ec3be
RS 24.276,35.7867623,35.6018641,Ugaritic,Alphabetic,South Acropolis,62bdcaca-de79-4f50-8233-63fa36f0630e
RS 24.277,35.7867578,35.6018639,Ugaritic,Alphabetic,South Acropolis,b5e1b261-f53b-4f17-9448-0c2df01514ad
RS 24.278,35.7867754,35.6018609,Hurrian,Alphabetic,South Acropolis,e2e8e52c-1857-49bc-ba73-b5e98b4e185a
RS 24.279,35.7867754,35.6018609,unknown,unknown,South Acropolis,f444aab5-ed56-43f6-81a8-edf161d7e683
RS 24.280,35.7867754,35.6018609,unknown,unknown,South Acropolis,fb11ef0e-00a9-4931-bb65-d956978a7d37
RS 24.281,35.7867685,35.6018643,Ugaritic,Alphabetic,South Acropolis,c6b79e06-f983-4915-a019-3351f5d03849
RS 24.282,35.7867578,35.6018639,Ugaritic,Alphabetic,South Acropolis,f4a85ce4-7dca-4862-8269-2d59241eb10f
RS 24.283,35.7867749,35.6018609,unknown,unknown,South Acropolis,b19d982a-e94e-4817-a550-a5a2439ecdb8
RS 24.284,35.7867685,35.6018643,Ugaritic,Alphabetic,South Acropolis,6f0c28fd-6b6f-4b06-ae2b-9ea258dd5e72
RS 24.285,35.786758,35.60186,Hurrian,Alphabetic,South Acropolis,ef4da5bd-8ce0-4607-a667-b7351ad17909
RS 24.286,35.7867754,35.6018609,unknown,unknown,South Acropolis,d7ced996-5ca5-4a84-9ee1-fc89fc01afd6
RS 24.287,35.7867754,35.6018609,unknown,unknown,South Acropolis,6715ebdf-1284-4515-a8e5-33ffa69b321e
RS 24.288,35.7867682,35.6018619,Ugaritic,Alphabetic,South Acropolis,9b406f83-238e-4a25-a86d-be41ea3ef84e
RS 24.289,35.7867749,35.6018614,Ugaritic,Alphabetic,South Acropolis,fd60caff-552f-44c0-8ca6-adda52747262
RS 24.290,35.7867749,35.6018609,Akkadian,Logosyllabic,South Acropolis,b601e8ab-d711-4c53-a3e3-10d0a98a4b43
RS 24.291,35.7867578,35.6018639,Hurrian; Ugaritic,Alphabetic; Alphabetic,South Acropolis,8feafe69-7a17-40e2-bc7a-9393abd86704
RS 24.292,35.7867561,35.6018474,Ugaritic,Alphabetic,South Acropolis,b0d06bd0-18fc-42a2-ab91-ff510f395cbf
RS 24.293,35.7867685,35.6018643,Ugaritic,Alphabetic,South Acropolis,b6dc0180-002f-47ce-a5c2-a3bcecf2181a
RS 24.294,35.7867749,35.6018614,Ugaritic,Alphabetic,South Acropolis,997fb38d-3f02-4fd7-b588-b5c3eb3ffab9
RS 24.295,35.7867685,35.6018643,Hurrian,Alphabetic,South Acropolis,7af06dda-ef03-49e8-9c0f-a2c1f8a03e74
RS 24.296B,35.7867623,35.6018641,Ugaritic,Alphabetic,South Acropolis,01be6059-151c-43f2-83dc-2ce66df92907
RS 24.296A,35.7867623,35.6018641,Ugaritic,Alphabetic,South Acropolis,687dc228-8839-44fc-ba95-e81ed4b93b1e
RS 24.297,35.7867576,35.6018561,unknown,unknown,South Acropolis,fb6fb99d-c764-459c-89d7-cd2a529a251c
RS 24.298,35.7867623,35.6018641,Ugaritic,Alphabetic,South Acropolis,f27ad838-7045-47aa-b9c1-849e11824f40
RS 24.300,35.786758,35.60186,Ugaritic,Alphabetic,South Acropolis,8ef09ff7-7472-4710-b42e-70be5222d997
RS 24.301,35.7867039,35.6019948,Ugaritic,Alphabetic,South Acropolis,169e8218-9f19-4a51-876c-3d4f767db17b
RS 24.302,35.7867685,35.6018643,Ugaritic,Alphabetic,South Acropolis,fabb6661-533a-44a5-a4df-b24be954ae22
RS 24.302 [A],35.7867685,35.6018643,unknown,unknown,South Acropolis,0bdc7a4a-e0e4-45c5-b1d6-925c6ba92ddb
RS 24.303,35.7867685,35.6018643,Ugaritic,Alphabetic,South Acropolis,a4cd2c45-5838-4627-8c06-518ccf6a7086
RS 24.304,35.7867576,35.6018561,Ugaritic,Alphabetic,South Acropolis,4f1217e6-6f02-42de-9c17-2bb3be0847ae
RS 24.305,35.7868181,35.6018831,Ugaritic,Alphabetic,South Acropolis,1c300bce-8c09-4efc-ac16-8609029c0104
RS 24.306,35.7830804,35.6012714,Akkadian,Logosyllabic,Southern Palace,787b265f-2764-4aa7-85b0-8fb86b4f04c9
RS 24.307,35.7867484,35.6018657,unknown,unknown,South Acropolis,1374f748-9701-497d-8189-4eed3a47df78
RS 24.308 [B],35.7867426,35.6017884,Ugaritic,Alphabetic,South Acropolis,d9aa5fe9-330b-41cc-a6b5-a73b0163d8d2
RS 24.312,35.7867754,35.6018614,Ugaritic,Alphabetic,South Acropolis,d58d3b0e-a204-4700-8668-467655344a04
RS 24.323,35.7867754,35.6018614,Ugaritic,Alphabetic,South Acropolis,8eb0770b-80a5-42a8-a87a-9292e0986f5f
RS 24.325,35.786758,35.60186,unknown,unknown,South Acropolis,54f24488-16cf-4830-a069-a43f10e93ec2
RS 24.326,35.7867749,35.6018614,Ugaritic,Alphabetic,South Acropolis,9b6fd443-f280-4b0a-be11-f9f7214a179e
RS 24.327,35.7867749,35.6018609,Ugaritic,Alphabetic,South Acropolis,5e57c592-21ff-437d-9d0c-52293555a7cc
RS 24.328B,35.786758,35.60186,unknown,unknown,South Acropolis,7359200e-e0e2-4351-a1dd-253f4de1f732
RS 24.328A,35.786758,35.60186,unknown,unknown,South Acropolis,b2b83450-630f-4d69-bff1-4d4a1330e93c
RS 24.491,35.7818956,35.6014227,unknown,unknown,Out of Context,b447a0bb-aa22-4bf6-871b-3528679d30e3
RS 24.523,35.7868181,35.6018831,Ugaritic,Alphabetic,South Acropolis,6e1fcb1f-9876-4bbf-b8c9-533c433a13cd
RS 24.642C,35.7867565,35.6018679,Ugaritic,Alphabetic,South Acropolis,28f81f09-2f87-4a7c-a246-83fe94d3e240
RS 24.642E+,35.7867565,35.6018679,Ugaritic,Alphabetic,South Acropolis,63550a73-0cfc-4fdb-b135-6d06fad78b2c
RS 24.642F,35.7867565,35.6018679,unknown,unknown,South Acropolis,31aced5f-22b8-4e1b-a7ca-30bfdc8204b6
RS 24.642B,35.7867565,35.6018679,Ugaritic,Alphabetic,South Acropolis,9b3c7a5f-1765-49da-9c65-f7449d63d56b
RS 24.642G,35.7867565,35.6018679,Ugaritic,Alphabetic,South Acropolis,299d18b3-a508-4c3a-ba8f-0dc89e0f7e8a
RS 24.642D,35.7867565,35.6018679,Ugaritic,Alphabetic,South Acropolis,cd854903-9dac-4c45-869c-a69694e5a653
RS 24.642H,35.7867565,35.6018679,Ugaritic,Alphabetic,South Acropolis,9d7ac782-e130-4ca8-a901-9d051d99d548
RS 24.642A,35.7867565,35.6018679,Ugaritic,Alphabetic,South Acropolis,dcd68038-80ad-4a1c-9a58-79a26185929c
RS 24.642I,35.7867565,35.6018679,Ugaritic,Alphabetic,South Acropolis,0d18ba7e-43de-4bb6-92d7-468654f86dc4
RS 24.643,35.7867623,35.6018641,Hurrian; Ugaritic,Alphabetic; Alphabetic,South Acropolis,5c7ab3d5-a638-4b4d-bc16-933139484316
RS 24.644,35.7867509,35.6018748,Hurrian,Alphabetic,South Acropolis,4c5b156f-4f1c-46eb-a893-5c421fef79a0
RS 24.644 [A],35.7867509,35.6018748,Ugaritic,Alphabetic,South Acropolis,25fcba20-7f82-422b-9ab0-7e6b5c8766ee
RS 24.647,35.7867635,35.6018723,Ugaritic,Alphabetic,South Acropolis,5c4bac9d-72ef-4b57-890c-885b0716e285
RS 24.648C,35.7867635,35.6018723,Ugaritic,Alphabetic,South Acropolis,c3060052-17b1-4da2-a8e0-6736ec03cf82
RS 24.648B,35.7867635,35.6018723,Ugaritic,Alphabetic,South Acropolis,cb233ad0-5e58-4fe9-9d3b-e87db76101ca
RS 24.648D,35.7867635,35.6018723,Ugaritic,Alphabetic,South Acropolis,5fe23603-8182-4fec-9aa4-f2078428fdf3
RS 24.648A,35.7867635,35.6018723,Ugaritic,Alphabetic,South Acropolis,803fe863-63b0-4869-a590-1e4927195d93
RS 24.649C,35.7867509,35.6018748,Ugaritic,Alphabetic,South Acropolis,f997adfc-8a38-4afc-bc1a-099511211c50
RS 24.649B,35.7867509,35.6018748,Ugaritic,Alphabetic,South Acropolis,324db26a-4061-48e0-89bd-0be9b0122e16
RS 24.649D,35.7867509,35.6018748,Ugaritic,Alphabetic,South Acropolis,932812f8-e3cc-4670-bd01-aaa9b80c2124
RS 24.649A,35.7867509,35.6018748,Ugaritic,Alphabetic,South Acropolis,f290c556-f314-430b-9df5-7a6cb34c9891
RS 24.650C,35.7867509,35.6018748,Ugaritic,Alphabetic,South Acropolis,f916172c-e0ce-4d5f-9863-957118a67d9a
RS 24.650E,35.7867509,35.6018748,Ugaritic,Alphabetic,South Acropolis,83d8c1cf-ca81-4bc3-b390-b9ab4564379b
RS 24.650F,35.7867509,35.6018748,Ugaritic,Alphabetic,South Acropolis,cfad051d-f0b6-4d3b-8a89-593485cbdd56
RS 24.650B,35.7867509,35.6018748,Ugaritic,Alphabetic,South Acropolis,44614091-7dda-4d67-aa46-744ad6234a8d
RS 24.650G,35.7867509,35.6018748,Ugaritic,Alphabetic,South Acropolis,bd215145-a40b-4bec-afab-f92c108b1d9a
RS 24.650D,35.7867509,35.6018748,Ugaritic,Alphabetic,South Acropolis,9f3fead7-0f89-43a3-bf82-66890104d3b4
RS 24.650H,35.7867509,35.6018748,Ugaritic,Alphabetic,South Acropolis,eea04586-9696-472a-b977-2e48e444afd6
RS 24.650J,35.7818956,35.6014227,unknown,unknown,Out of Context,6e9374d6-a765-4828-86cc-c99ca2b4f178
RS 24.650K,35.7867509,35.6018748,Ugaritic,Alphabetic,South Acropolis,a618233c-3709-4856-9f85-1ad32e03cb40
RS 24.650L,35.7867509,35.6018748,Ugaritic,Alphabetic,South Acropolis,7a00fcf1-f7bc-462a-8ebd-3e26dd955d62
RS 24.650A,35.7867509,35.6018748,Ugaritic,Alphabetic,South Acropolis,ecbcf256-49e5-41b7-ba41-5b27edc014da
RS 24.650I,35.7867509,35.6018748,Ugaritic,Alphabetic,South Acropolis,4c2e8bb2-2840-4fb9-9340-9540d70c5edf
RS 24.651C,35.7867572,35.6018703,Ugaritic,Alphabetic,South Acropolis,f899f2f6-6853-40c6-b419-db88ddaf3f68
RS 24.651E,35.7867572,35.6018703,Ugaritic,Alphabetic,South Acropolis,e86ca710-179d-4a87-8b16-2486a564a7e0
RS 24.651F,35.7867572,35.6018703,Ugaritic,Alphabetic,South Acropolis,50197d7f-bd14-42f9-881c-629f3df9a16e
RS 24.651B,35.7867572,35.6018703,Ugaritic,Alphabetic,South Acropolis,1a79bc74-e69d-440c-bc35-3637a5cba85d
RS 24.651D,35.7867572,35.6018703,Ugaritic,Alphabetic,South Acropolis,8b8f618a-8b8d-4170-89d7-da957e8e1f36
RS 24.651A+,35.7867572,35.6018703,Ugaritic,Alphabetic,South Acropolis,a2f3bb39-4d52-457a-95ea-89ffafcca5a7
RS 24.652C,35.7867572,35.6018703,unknown,unknown,South Acropolis,40908be5-9a24-47ec-8824-b1e60162bcf8
RS 24.652E,35.7867572,35.6018703,Ugaritic,Alphabetic,South Acropolis,c172571f-ae5a-4161-970d-af4cd2fb61d0
RS 24.652F,35.7867572,35.6018703,Ugaritic,Alphabetic,South Acropolis,9380240f-d86c-4b38-b59d-171570a65337
RS 24.652B,35.7867572,35.6018703,Ugaritic,Alphabetic,South Acropolis,fa206080-dc00-4d71-a5de-b1eef569b2f2
RS 24.652G+,35.7867572,35.6018703,Ugaritic,Alphabetic,South Acropolis,448767d9-79a4-4bef-a927-34904f82d182
RS 24.652D,35.7867572,35.6018703,Ugaritic,Alphabetic,South Acropolis,b5e45c87-ad8e-4684-ac3b-f98aeb176dde
RS 24.652H,35.7867572,35.6018703,Ugaritic,Alphabetic,South Acropolis,3f8d423a-071d-4bb5-879a-5d427439dc02
RS 24.652J,35.7867572,35.6018703,Ugaritic,Alphabetic,South Acropolis,e784c0dc-4d21-4876-87fc-0b1cfe303f02
RS 24.652K,35.7867572,35.6018703,unknown,unknown,South Acropolis,28d80e8c-1929-47bf-8834-e1f05e9d0801
RS 24.652L,35.7867572,35.6018703,Ugaritic,Alphabetic,South Acropolis,8a15a735-cc35-48c5-8edd-687e7de2c093
RS 24.652M,35.7867572,35.6018703,Ugaritic,Alphabetic,South Acropolis,4ad79e7c-61b6-431c-9eda-390c7186c0d5
RS 24.652N,35.7867572,35.6018703,Ugaritic,Alphabetic,South Acropolis,0230b119-4459-4485-a595-f32be9ffb5aa
RS 24.652P,35.7867572,35.6018703,Ugaritic,Alphabetic,South Acropolis,8d9a5b82-863b-4842-b6a4-7bb9a7ba21d7
RS 24.652Q,35.7867572,35.6018703,Ugaritic,Alphabetic,South Acropolis,879c3f2b-577a-4a81-8f30-51858d9a2cf3
RS 24.652R,35.7867572,35.6018703,Ugaritic,Alphabetic,South Acropolis,bfdbea51-6f66-43dd-af84-9cabd4c72bed
RS 24.652A,35.7867572,35.6018703,Ugaritic,Alphabetic,South Acropolis,c4cae2c4-de1b-4429-886a-a97d10bf544f
RS 24.652I,35.7867572,35.6018703,unknown,unknown,South Acropolis,e2f53b80-b24b-4031-9ba2-315df21c61fc
RS 24.652O,35.7867572,35.6018703,Ugaritic,Alphabetic,South Acropolis,fd87f0e6-9283-4e7d-8bcf-a3526e3fab5d
RS 24.653C,35.7867572,35.6018703,Ugaritic,Alphabetic,South Acropolis,21ae4658-7a70-4525-b337-54a847ce14b6
RS 24.653E,35.7867572,35.6018703,Ugaritic,Alphabetic,South Acropolis,30b4f206-9439-4f9a-a992-9ced4a365eac
RS 24.653F,35.7867572,35.6018703,Ugaritic,Alphabetic,South Acropolis,4e95c939-9d50-45cc-b81d-c93d147b78f5
RS 24.653B,35.7867572,35.6018703,Ugaritic,Alphabetic,South Acropolis,39dd07bf-aa91-4479-be38-941e62b555b7
RS 24.653G,35.7867572,35.6018703,Ugaritic,Alphabetic,South Acropolis,dbd988f3-0d4f-46dd-aba8-cbe79697f49a
RS 24.653D,35.7867572,35.6018703,Ugaritic,Alphabetic,South Acropolis,6455d93e-ec28-4e68-90b0-2a9c81c3b1ad
RS 24.653H,35.7867572,35.6018703,Ugaritic,Alphabetic,South Acropolis,dbb99ce7-1a9a-4576-ba70-04e7915fd1cd
RS 24.653A,35.7867572,35.6018703,Ugaritic,Alphabetic,South Acropolis,bca88a53-5e18-4ebc-8155-c2494afd650a
RS 24.653I,35.7867572,35.6018703,Ugaritic,Alphabetic,South Acropolis,e94812e9-2242-44de-9f73-8fb902a49823
RS 24.654,35.7867701,35.6018745,Ugaritic,Alphabetic,South Acropolis,77b74785-1f8e-4751-acd2-9acd546eeb9d
RS 24.655C,35.7867701,35.6018745,Ugaritic,Alphabetic,South Acropolis,d2bbc790-965b-486b-a1b9-92c468b5aae4
RS 24.655E,35.7867701,35.6018745,Ugaritic,Alphabetic,South Acropolis,13c3c4fa-8281-43a1-82fc-a6baf71cda1b
RS 24.655F,35.7867701,35.6018745,Ugaritic,Alphabetic,South Acropolis,2d588842-254f-4528-8e55-e54f7989baa4
RS 24.655B,35.7867701,35.6018745,Ugaritic,Alphabetic,South Acropolis,ad77ebc9-00bd-48a3-85cc-1b9ad16ef970
RS 24.655G,35.7867701,35.6018745,Ugaritic,Alphabetic,South Acropolis,bbe6ad19-971c-4624-9ae1-c2c3efbcdbf4
RS 24.655D,35.7867701,35.6018745,Ugaritic,Alphabetic,South Acropolis,cd6e582a-f1dc-4f60-a171-d5277808ac22
RS 24.655H,35.7867701,35.6018745,Ugaritic,Alphabetic,South Acropolis,b22c1456-fddb-4b5c-ab06-9534bbdfbc1a
RS 24.655K,35.7867701,35.6018745,Ugaritic,Alphabetic,South Acropolis,3c792370-4eb3-4d27-8784-0b88dff9f0db
RS 24.655L,35.7867701,35.6018745,Ugaritic,Alphabetic,South Acropolis,f49473d7-6c35-4c14-8df7-2ddcf1045642
RS 24.655M,35.7867701,35.6018745,Ugaritic,Alphabetic,South Acropolis,1637b843-9b42-4775-8d41-387946d20b38
RS 24.655N,35.7867701,35.6018745,Ugaritic,Alphabetic,South Acropolis,e4628938-b63c-40da-b066-a30223a8c6a8
RS 24.655A,35.7867701,35.6018745,Ugaritic,Alphabetic,South Acropolis,2411ea22-8552-4e3a-bd77-c54ace271e92
RS 24.655I,35.7867701,35.6018745,Ugaritic,Alphabetic,South Acropolis,dc9cc438-04bc-42b0-b349-82865dab8f5a
RS 24.655O,35.7867701,35.6018745,Ugaritic,Alphabetic,South Acropolis,dcf9421e-29cf-4544-9f82-6282cf731331
RS 24.656,35.7867701,35.6018745,Ugaritic,Alphabetic,South Acropolis,0a68d385-46da-4b5a-a7f1-3c9d7532cafa
RS 24.657,35.7867701,35.6018745,Akkadian,Logosyllabic,South Acropolis,ebb59b30-ec0a-48cd-9047-688681be1c4f
RS 24.659,35.7858974,35.6012178,unknown,unknown,City South,c2d4f28e-1a73-4d62-83d8-cd11cffa0cca
RS 24.660C,35.7831022,35.6014115,Ugaritic,Alphabetic,Royal Palace,a8789953-8a6b-4acb-a335-3a7db76d1619
RS 24.660E,35.7831022,35.6014115,Ugaritic,Alphabetic,Royal Palace,668d9523-c80a-4835-9689-9e45605d69a8
RS 24.660F,35.7831022,35.6014115,Ugaritic,Alphabetic,Royal Palace,6d0be8d8-026b-4237-8c1a-e8ed9944e40d
RS 24.660B,35.7831022,35.6014115,Ugaritic,Alphabetic,Royal Palace,ae9e7264-a990-4a56-a514-bafb61648ee1
RS 24.660G,35.7831022,35.6014115,Ugaritic,Alphabetic,Royal Palace,7e04f713-a40e-4d35-8de9-46a171c5fdd1
RS 24.660D,35.7831022,35.6014115,Ugaritic,Alphabetic,Royal Palace,fcd9c38c-0d8a-4568-afeb-6eba3c16f9a2
RS 24.660H,35.7831022,35.6014115,Ugaritic,Alphabetic,Royal Palace,ded1f7d7-b631-4e84-ac51-bb3d98126b92
RS 24.660A,35.7831022,35.6014115,Ugaritic,Alphabetic,Royal Palace,a9309fa7-fcea-4a41-bf67-a8e212ca50cd
RS 24.660I,35.7831022,35.6014115,Ugaritic,Alphabetic,Royal Palace,e644112d-4934-4fc3-b4d3-eb2e90fa0627
RS 24.[661],35.7849617,35.6019901,unknown,unknown,unknown,a41220e7-a0fa-4f28-97e8-966786751c94
RS 24.[662A-Q],35.7867623,35.6018641,unknown,unknown,South Acropolis,2a7270b9-aa57-44b4-a46c-e3e2fa061af9
RS 24.[663A-L],35.7867572,35.6018703,unknown,unknown,South Acropolis,efbce029-bc8c-4f0f-9b5a-98b0b6b23d1a
RS 25.132,35.786674,35.6016958,Akkadian,Logosyllabic,South Acropolis,3b48064a-6af6-427e-b838-b57630de4930
RS 25.133,35.7849617,35.6019901,Akkadian,Logosyllabic,unknown,a7dddbb5-229f-4288-8159-7a6735414960
RS 25.134,35.7866813,35.6019864,Akkadian,Logosyllabic,South Acropolis,b8b9a3d3-bc8c-405b-a918-0e6e7f3fd1c0
RS 25.140,35.7866808,35.6017191,Ugaritic,Alphabetic,South Acropolis,c5f4fa25-2438-4409-b6d3-c9fcf259543f
RS 25.144,35.7866762,35.6017006,Akkadian,Logosyllabic,South Acropolis,5d7d692a-330b-4b79-8c38-b42b1cc82273
RS 25.146,35.7867052,35.6019166,Akkadian,Logosyllabic,South Acropolis,2dcc1523-545b-49b2-83ca-9bd1100da575
RS 25.188,35.786678,35.6017163,Ugaritic,Alphabetic,South Acropolis,88711bcb-6975-4761-95c6-86d0a9061ca8
RS 25.190,35.7829927,35.6016036,Egyptian,Hieroglyphic,Royal Palace,0b2756d7-5498-4073-8a11-ef3dad741b0a
RS 25.191,35.7866753,35.6016982,Egyptian,Hieroglyphic,South Acropolis,e27c8c78-1915-4f7a-bef0-218f8fe234d4
RS 25.254,35.7818956,35.6014227,unknown,unknown,Out of Context,b39f2bd5-51d5-47f2-9d2d-072ca5aa1314
RS 25.318,35.7867127,35.6019184,Ugaritic,Alphabetic,South Acropolis,1feb74f3-f8d4-4f5e-8508-2e5ee047168e
RS 25.416,35.7866798,35.6017183,Akkadian,Logosyllabic,South Acropolis,1810c9a0-bb7e-4aa2-a61d-0803cd278299
RS 25.435,35.7866757,35.6017119,Akkadian,Logosyllabic,South Acropolis,876135c3-7cf2-4b06-b12c-5c5c18fcaaf2
RS 25.442,35.7866932,35.6019773,Akkadian,Logosyllabic,South Acropolis,765f5d45-078a-425f-9663-df3e5ff7557d
RS 25.451,35.7866722,35.6016919,Akkadian,Logosyllabic,South Acropolis,0837700a-4319-4fa9-b7e8-ba0aa0bff3ac
RS 25.462,35.7868322,35.6020451,Akkadian,Logosyllabic,South Acropolis,0b14a2f9-37e8-4ce3-9cd4-ae56d4c181d1
RS 25.463,35.7818956,35.6014227,Ugaritic,Alphabetic,Out of Context,2e59e39a-4134-4b94-a322-8730b949558f
RS 25.512,35.7866766,35.6017147,Akkadian,Logosyllabic,South Acropolis,e7e52eb8-406a-4e8d-ae49-8edb0e28d655
RS 25.[570],35.7818307,35.601629,unknown,unknown,unknown,152f0548-f49c-4429-8fd3-26fe1b2dd5f2
RS 26.051,35.7866758,35.6017096,Egyptian,Hieroglyphic,South Acropolis,8ccc5015-2882-4101-a170-ffa865822d20
RS 26.152,35.7866761,35.6017033,Akkadian,Logosyllabic,South Acropolis,604086d8-f0b2-4991-b0b9-cfbacadff107
RS 26.315,35.7818307,35.601629,unknown,unknown,unknown,0967f465-523c-463f-85d5-42389cf3dcc6
RS 26.[500],35.7849617,35.6019901,Egyptian,Hieroglyphic,unknown,c87a10e1-97bb-4c5d-ae3b-a543556fb779
RS 27.051,35.7868319,35.602053,unknown,unknown,South Acropolis,d965271f-48ab-4576-bc71-baa164730fcb
RS 27.052,35.7828851,35.6011824,Akkadian,Logosyllabic,Southern Palace,8273502b-7a6c-4142-a6f5-8eb86fe13c6e
RS 27.053,35.7828956,35.6011487,Akkadian,Logosyllabic,Southern Palace,a744e678-66fe-4722-8255-b849f3e6685a
RS 27.054,35.7859899,35.6033405,Akkadian,Logosyllabic,Acropolis,3985022a-cf3e-4734-97cc-74867704d8d2
RS 27.055,35.7828956,35.6011487,Ugaritic,Alphabetic,Southern Palace,b249b862-01d1-40d9-850d-777b4fae6ad0
RS 27.069,35.7824602,35.6018143,Egyptian,Hieroglyphic,Royal Palace,a7e2d979-bb6c-48e8-8a70-f9e4f7d2280b
RS 27.237,35.7829955,35.601104,Cypro-Minoan,unknown,Southern Palace,cb6e6d48-8d7f-4d0f-ac49-36cdb79b092c
RS 27.317,35.7866764,35.6017068,Phoenician,Alphabetic,South Acropolis,71b3106d-a897-49d4-b95e-33f58a8b41cf
RS 28.017,35.7832191,35.60088,Akkadian,Logosyllabic,Southern Palace,b35d2c43-d6d8-4fe4-8b7d-5e1493d02220
RS 28.018,35.7830804,35.6012714,Akkadian,Logosyllabic,Southern Palace,dc64ad70-110b-433a-a493-91d77fa4abe5
RS 28.051,35.7818307,35.601629,Akkadian,Logosyllabic,unknown,a7e4037d-6c5c-432d-a47b-9bf7f6de56c7
RS 28.052,35.7818307,35.601629,Akkadian,Logosyllabic,unknown,8f7a22e1-4f70-498d-9a82-a42e1502c1a2
RS 28.054 [K],35.7867623,35.6018641,Akkadian,Logosyllabic,South Acropolis,a357af21-52c9-4af0-a8de-03061b8aab3e
RS 28.054 [L],35.7867623,35.6018641,Akkadian,Logosyllabic,South Acropolis,02f8729b-a5c4-410e-9bb1-51f341d1ab5b
RS 28.054 [M],35.7867623,35.6018641,Akkadian,Logosyllabic,South Acropolis,f8daee32-79b7-468d-91a6-f5356127175e
RS 28.054 [N],35.7867623,35.6018641,Akkadian,Logosyllabic,South Acropolis,fddd23ef-4031-4166-b19f-8e1700d50e22
RS 28.054 [P],35.7867623,35.6018641,Akkadian,Logosyllabic,South Acropolis,be6c1f38-1043-4899-be49-c288fb5d4e67
RS 28.054 [Q],35.7867623,35.6018641,Akkadian,Logosyllabic,South Acropolis,b3dd16bf-b57e-4266-afce-e2c2ef2a60e3
RS 28.054C,35.7867623,35.6018641,Ugaritic,Alphabetic,South Acropolis,56c57c38-24c7-4017-820e-a404d3dae62d
RS 28.054E,35.7867623,35.6018641,Ugaritic,Alphabetic,South Acropolis,8606a45c-4c5d-4579-9f16-61c9b4e4fc95
RS 28.054F,35.7867623,35.6018641,Ugaritic,Alphabetic,South Acropolis,d00bf366-12b9-4aba-b763-a041303fe54a
RS 28.054B,35.7867623,35.6018641,Ugaritic,Alphabetic,South Acropolis,ac452669-e6e9-495b-8a0b-c344672b855c
RS 28.054G,35.7867623,35.6018641,Ugaritic,Alphabetic,South Acropolis,56194213-5a87-4efc-b60e-a69a34ca91fc
RS 28.054D,35.7867623,35.6018641,Ugaritic,Alphabetic,South Acropolis,7112f474-6808-4fde-8c8e-94054cc81261
RS 28.054H,35.7867623,35.6018641,Ugaritic,Alphabetic,South Acropolis,062bd218-1eca-4b93-b3b1-f36d7888d892
RS 28.054J,35.7867623,35.6018641,Ugaritic,Alphabetic,South Acropolis,8ff47e45-9f5d-4135-8601-6d2e977d6457
RS 28.054 [O],35.7867623,35.6018641,Akkadian,Logosyllabic,South Acropolis,f10380ba-ea46-45dc-8c87-d32bcfa378f6
RS 28.054A,35.7867623,35.6018641,Ugaritic,Alphabetic,South Acropolis,32d3f88f-9980-4aab-b9b1-79ea1f57b7b9
RS 28.055,35.7831577,35.6015627,Ugaritic,Alphabetic,Royal Palace,0e1f7453-1fb2-428e-a1ed-2dfaad56e37c
RS 28.056,35.7831577,35.6015627,Akkadian,Logosyllabic,Royal Palace,f6e0b3e5-cf70-4439-b13a-62f8f4c59767
RS 28.057B,35.7831577,35.6015627,Akkadian,Logosyllabic,Royal Palace,c0ab8578-94ed-4b9e-9426-0bc6f082d9d4
RS 28.057A,35.7831577,35.6015627,Akkadian,Logosyllabic,Royal Palace,be87de20-28b2-4c12-8cb1-1dae99b5eeb6
RS 28.058,35.7867572,35.6018703,Akkadian,Logosyllabic,South Acropolis,c704fea7-ae24-4b58-9fa9-a3aaf8df9d38
RS 28.058 [L],35.7867572,35.6018703,unknown,unknown,South Acropolis,1bef5fae-fc99-48b9-8154-c82a6ed1c8c0
RS 28.058C,35.7867572,35.6018703,Ugaritic,Alphabetic,South Acropolis,32613526-6fbb-443e-b617-c85bc525d498
RS 28.058E,35.7867572,35.6018703,Ugaritic,Alphabetic,South Acropolis,efb9b734-47db-4651-8305-d638f5842135
RS 28.058F,35.7867572,35.6018703,Ugaritic,Alphabetic,South Acropolis,94336b4a-df4d-41cf-a4a1-41b74a7c53fe
RS 28.058B,35.7867572,35.6018703,Ugaritic,Alphabetic,South Acropolis,699dc5d6-71e0-4c8c-98de-34b2b31b17a7
RS 28.058G,35.7867572,35.6018703,Ugaritic,Alphabetic,South Acropolis,32533d4b-7bbc-4bbf-a702-fda43b0cd0e7
RS 28.058D,35.7867572,35.6018703,Ugaritic,Alphabetic,South Acropolis,a3a9f17a-1133-4d92-b7b3-e0fa9ea30558
RS 28.058H,35.7867572,35.6018703,Ugaritic,Alphabetic,South Acropolis,e140cfbb-cc2c-4f08-b752-623d96ab6278
RS 28.058J,35.7867572,35.6018703,unknown,unknown,South Acropolis,22e46853-e35d-49d1-a5f0-c1b0530c0680
RS 28.058K,35.7867572,35.6018703,Ugaritic,Alphabetic,South Acropolis,5347dd4c-6bcf-49db-8f07-05ef5cb67b83
RS 28.058A,35.7867572,35.6018703,Ugaritic,Alphabetic,South Acropolis,39e614ce-e2b4-4a13-8a1b-a60ccf6beef3
RS 28.058I,35.7867572,35.6018703,Ugaritic,Alphabetic,South Acropolis,d7ff0822-5408-4d61-b13d-75723a05fef4
RS 28.059C,35.7858659,35.6008594,Akkadian,Logosyllabic,City South,eedaaeec-be71-49d2-b09c-d0e66bbd9ece
RS 28.059E,35.7858659,35.6008594,Akkadian,Logosyllabic,City South,89ae0587-5e40-4f8b-b7c7-cdc74f0536e9
RS 28.059F,35.7858659,35.6008594,Ugaritic,Alphabetic,City South,a0306a98-ef65-40dc-9ba6-15348a28bb64
RS 28.059B,35.7858659,35.6008594,Ugaritic,Alphabetic,City South,d1df8fda-6a81-4bb1-858d-ce13ed049659
RS 28.059G,35.7858659,35.6008594,Akkadian,Logosyllabic,City South,90eecd3c-e0d3-4470-889a-7e888e712315
RS 28.059D,35.7858659,35.6008594,Akkadian,Logosyllabic,City South,91c59813-f74d-426f-a1d3-9da20e9892d9
RS 28.059H,35.7858659,35.6008594,Akkadian,Logosyllabic,City South,de8da649-522f-4c15-b676-548198960620
RS 28.059J,35.7858659,35.6008594,Akkadian,Logosyllabic,City South,621ef585-d9d5-4e5d-b3e0-3ea03e302e15
RS 28.059K,35.7858659,35.6008594,Ugaritic,Alphabetic,City South,8725a982-87d1-4864-b9d6-201593291dbb
RS 28.059L,35.7858659,35.6008594,Ugaritic,Alphabetic,City South,c2f49939-8961-4fe3-b453-b3892b619994
RS 28.059M,35.7858659,35.6008594,Akkadian,Logosyllabic,City South,332c6c75-8a3b-4cac-9c69-2263219d430d
RS 28.059A,35.7858659,35.6008594,Ugaritic,Alphabetic,City South,4faeb316-3004-4081-8f89-199dba79de9b
RS 30.188,35.7854624,35.6008916,Ugaritic,Alphabetic,unknown,df833314-3a0a-44bf-ba7e-6e2b17038ef1
RS 32.127,35.7866791,35.6024328,Akkadian,Logosyllabic,Greek Occupation,16bf9480-3d54-457a-b99f-3af17c122f4f
RS 32.200,35.786619,35.6024179,Akkadian,Logosyllabic,Greek Occupation,5207e990-8826-4257-9f28-a81c31170d7a
RS 32.204,35.7844756,35.6005741,Akkadian,Logosyllabic,Rubble pile,680285ae-d28b-46e5-8c5b-5826075edf9b
RS 34.021,35.7844756,35.6005741,Akkadian,Logosyllabic,Rubble pile,ff9694eb-3173-4338-a32a-1c10cea2fe75
RS 34.030,35.7839949,35.6016185,Egyptian,Hieroglyphic,Residential Quarter,b6ed886e-de43-40eb-bb1b-6ec9b619835b
RS 34.036,35.7844756,35.6005741,Akkadian,Logosyllabic,Rubble pile,bf168854-2eb8-4859-8209-0aa52a060e11
RS 34.062,35.7844756,35.6005741,Akkadian,Logosyllabic,Rubble pile,8a3562d0-3c68-4212-b1ea-775efb1ee0bb
RS 34.070,35.7844756,35.6005741,Akkadian,Logosyllabic,Rubble pile,ca8565a7-d663-456b-968a-7e591a8d350d
RS 34.121,35.7844756,35.6005741,Ugaritic,Alphabetic,Rubble pile,3f70907e-1a0c-44ae-9b22-9a06a517f11e
RS 34.122,35.7844756,35.6005741,Ugaritic,Alphabetic,Rubble pile,c2cf1f29-283a-4f47-9647-407c4cefb663
RS 34.123,35.7844756,35.6005741,Ugaritic,Alphabetic,Rubble pile,13a749a5-af19-421e-85c2-d80efeca4e13
RS 34.124,35.7844756,35.6005741,Ugaritic,Alphabetic,Rubble pile,65a936fd-9b45-45b1-8103-cc7b7dc12206
RS 34.125,35.7844756,35.6005741,Ugaritic,Alphabetic,Rubble pile,46a4dabd-9c81-4f3f-8a40-5c91a668263b
RS 34.126,35.7844756,35.6005741,Ugaritic,Alphabetic,Rubble pile,0d5fd44c-e692-4dbf-9201-624726ac031e
RS 34.127,35.7844756,35.6005741,Akkadian,Logosyllabic,Rubble pile,85c09bd5-7058-4f37-aaac-fe757c836aa2
RS 34.128,35.7844756,35.6005741,Akkadian,Logosyllabic,Rubble pile,36cf9a8e-4058-4b47-83e3-911604f95be7
RS 34.129,35.7844756,35.6005741,Akkadian,Logosyllabic,Rubble pile,e713c1db-485f-4476-9d90-7884ad4471df
RS 34.130,35.7844756,35.6005741,Akkadian,Logosyllabic,Rubble pile,34333a0e-66e6-4b6f-aacc-703d6fc20144
RS 34.131,35.7844756,35.6005741,Akkadian,Logosyllabic,Rubble pile,1a4d8308-4835-4475-a496-51ede4190ca8
RS 34.132,35.7844756,35.6005741,Akkadian,Logosyllabic,Rubble pile,ddba9f31-af88-4726-9ea9-01e92161236f
RS 34.133,35.7844756,35.6005741,Akkadian,Logosyllabic,Rubble pile,dc65a3de-52ee-4486-b10d-2677e8e09a4d
RS 34.134,35.7844756,35.6005741,Akkadian,Logosyllabic,Rubble pile,b8b96599-f50f-411e-bbdb-81126c148683
RS 34.135,35.7844756,35.6005741,Akkadian,Logosyllabic,Rubble pile,0c2a6b3f-ad54-4374-af67-571c0b3379c1
RS 34.136,35.7844756,35.6005741,Akkadian,Logosyllabic,Rubble pile,b3928fa9-9d73-4466-bdfc-f19003443646
RS 34.137,35.7844756,35.6005741,Akkadian,Logosyllabic,Rubble pile,c0896d21-8339-4941-9a9f-140d3d859728
RS 34.138,35.7844756,35.6005741,Akkadian,Logosyllabic,Rubble pile,68e491b7-2e72-4254-91e2-291af3a66ade
RS 34.139,35.7844756,35.6005741,Akkadian,Logosyllabic,Rubble pile,9bc0e4fc-e06f-490f-80aa-9a075dc08ad3
RS 34.140,35.7844756,35.6005741,Akkadian,Logosyllabic,Rubble pile,411939c3-0b30-4eb1-983c-60ab3c5528c7
RS 34.141,35.7844756,35.6005741,Akkadian,Logosyllabic,Rubble pile,bcf443c4-0b46-43a4-8aa7-96d2a5636229
RS 34.142,35.7844756,35.6005741,Akkadian,Logosyllabic,Rubble pile,f2aedadc-8788-43f3-85c0-87d3ea88a33b
RS 34.143,35.7844756,35.6005741,Akkadian,Logosyllabic,Rubble pile,f2b2fb83-d021-498b-b0e4-86fb6ca49982
RS 34.144,35.7844756,35.6005741,Akkadian,Logosyllabic,Rubble pile,04c0b770-7466-4337-865c-72b065478d4e
RS 34.145,35.7844756,35.6005741,Akkadian,Logosyllabic,Rubble pile,862965f1-8709-4c80-944f-acd3466c4f48
RS 34.146,35.7844756,35.6005741,Akkadian,Logosyllabic,Rubble pile,d22514dc-4398-4545-97ab-57737efaaab3
RS 34.147,35.7844756,35.6005741,Akkadian,Logosyllabic,Rubble pile,2016a128-2bd0-45f1-8547-41baa746690a
RS 34.148,35.7844756,35.6005741,Ugaritic,Alphabetic,Rubble pile,02735a63-493f-44e0-a966-a339ca161174
RS 34.149,35.7844756,35.6005741,Akkadian,Logosyllabic,Rubble pile,849f493d-7adf-4ebe-9a89-8ecc18988f65
RS 34.150,35.7844756,35.6005741,Akkadian,Logosyllabic,Rubble pile,8141ee8f-98db-4733-bd01-b1f969a37bb8
RS 34.151,35.7844756,35.6005741,Akkadian,Logosyllabic,Rubble pile,b8561157-c59c-4a24-beb3-93e795bdebec
RS 34.152,35.7844756,35.6005741,Akkadian,Logosyllabic,Rubble pile,2c41f595-fb98-4db4-b060-b9e3bc6149f2
RS 34.153,35.7844756,35.6005741,Akkadian,Logosyllabic,Rubble pile,91996b2e-6579-413d-9279-64694ca17384
RS 34.154,35.7844756,35.6005741,Akkadian,Logosyllabic,Rubble pile,37230088-e101-4413-ae88-77555e10035f
RS 34.155,35.7844756,35.6005741,Akkadian,Logosyllabic,Rubble pile,15f3aea4-f0c5-4e5d-9b83-031c7d35642b
RS 34.156,35.7844756,35.6005741,Akkadian,Logosyllabic,Rubble pile,2adb4103-929a-4889-8788-bda1436dbc48
RS 34.157,35.7844756,35.6005741,Ugaritic,Alphabetic,Rubble pile,477c62f9-ef1e-47ce-84de-fc65b003d7ba
RS 34.158,35.7844756,35.6005741,Akkadian,Logosyllabic,Rubble pile,5302f523-5a2f-4607-abca-1b24ea65db5f
RS 34.159,35.7844756,35.6005741,Akkadian,Logosyllabic,Rubble pile,106a2702-1625-43e5-bc3f-6bcc1e591996
RS 34.160,35.7844756,35.6005741,Akkadian,Logosyllabic,Rubble pile,d6366d76-9bef-481a-b826-bd5d3890fe14
RS 34.161,35.7844756,35.6005741,Akkadian,Logosyllabic,Rubble pile,b905674f-b310-4345-b994-2a384d2ed8e9
RS 34.162,35.7844756,35.6005741,Ugaritic,Alphabetic,Rubble pile,6dd12905-f170-4807-9c7e-2bae206ce417
RS 34.163,35.7844756,35.6005741,Akkadian,Logosyllabic,Rubble pile,2c74098f-11d3-4d61-8089-5cdeba5b76b4
RS 34.164,35.7844756,35.6005741,Akkadian,Logosyllabic,Rubble pile,121e62bd-9bd2-427e-ad83-359c12d25632
RS 34.165,35.7844756,35.6005741,Akkadian,Logosyllabic,Rubble pile,bad24648-8f5f-4867-b1e8-cd876e57a147
RS 34.166,35.7844756,35.6005741,Akkadian,Logosyllabic,Rubble pile,dd81be13-fb1a-47dd-9d91-4458a7ec23cb
RS 34.167+,35.7844756,35.6005741,Akkadian,Logosyllabic,Rubble pile,bfdfe79c-403b-4b59-9c13-d90dd7c58e6a
RS 34.168,35.7844756,35.6005741,Akkadian,Logosyllabic,Rubble pile,6e9f2092-a357-4892-b617-17aabf2e437e
RS 34.169,35.7844756,35.6005741,Akkadian,Logosyllabic,Rubble pile,3ddab15c-a050-4249-95c6-92aac7531127
RS 34.170,35.7844756,35.6005741,Akkadian,Logosyllabic,Rubble pile,952cbb12-370d-4e91-9a5f-d3e8d51c53a7
RS 34.171,35.7844756,35.6005741,Akkadian,Logosyllabic,Rubble pile,0bad01ca-a4d7-4359-acc8-6b7c0a24c8df
RS 34.172,35.7844756,35.6005741,Akkadian,Logosyllabic,Rubble pile,1c98322e-7cbd-4e65-af48-542f8f8808b9
RS 34.173,35.7844756,35.6005741,Akkadian,Logosyllabic,Rubble pile,94339583-db19-43d3-9109-87430f457a0c
RS 34.174,35.7844756,35.6005741,Akkadian,Logosyllabic,Rubble pile,7deea366-d57e-4108-8cff-54a50ed89f61
RS 34.175,35.7844756,35.6005741,unknown,unknown,Rubble pile,803af46a-c1ac-419f-b673-1374f6f4cc3b
RS 34.176,35.7844756,35.6005741,Ugaritic,Alphabetic,Rubble pile,1e47b9bd-ecef-4965-b56e-ed9fa4fee189
RS 34.177,35.7844756,35.6005741,Akkadian,Logosyllabic,Rubble pile,a2cabd36-4821-41de-8216-7a498b447434
RS 34.178,35.7844756,35.6005741,Akkadian,Logosyllabic,Rubble pile,6aa48726-8a47-4adf-997d-6717c6627ffc
RS 34.179,35.7844756,35.6005741,Akkadian,Logosyllabic,Rubble pile,cc0d2a05-4be8-44ac-bfe7-dcd2d3451b7a
RS 34.356,35.7849617,35.6019901,Ugaritic,Alphabetic,unknown,8aeb2700-26dd-482e-9d5d-a934b5bed532
"RS 34.180,1",35.7844756,35.6005741,Akkadian,Logosyllabic,Rubble pile,3b2b6944-916d-40d2-87ef-2f059c44111c
"RS 34.180,2",35.7844756,35.6005741,Akkadian,Logosyllabic,Rubble pile,8a91d954-e5d0-4944-abcb-a6405eb224f4
"RS 34.180,3",35.7844756,35.6005741,Akkadian,Logosyllabic,Rubble pile,3f847b9f-2cd5-4321-9464-e93dd484f3a2
"RS 34.180,4",35.7844756,35.6005741,Akkadian,Logosyllabic,Rubble pile,fd57c29f-86fb-44db-a67d-0cb35acfea43
"RS 34.180,5",35.7844756,35.6005741,Akkadian,Logosyllabic,Rubble pile,1b65d591-803f-49fb-b56a-3b8da539e80a
"RS 34.180,6",35.7844756,35.6005741,Akkadian,Logosyllabic,Rubble pile,ed6ac015-dc5e-4186-8742-a236801f1ee6
"RS 34.180,7",35.7844756,35.6005741,Akkadian,Logosyllabic,Rubble pile,3b206c33-e949-460c-bed6-ab62ac7d7171
"RS 34.180,8",35.7844756,35.6005741,Akkadian,Logosyllabic,Rubble pile,72d12732-0866-449b-8177-e74992dcfa62
"RS 34.180,9",35.7844756,35.6005741,Akkadian,Logosyllabic,Rubble pile,d51dea19-194d-4c80-919d-53f85e7d1349
"RS 34.180,10",35.7844756,35.6005741,Ugaritic,Alphabetic,Rubble pile,a5e0467a-c8a0-497f-973e-e24c466d5832
"RS 34.180,11",35.7844756,35.6005741,Ugaritic,Alphabetic,Rubble pile,2d90d793-e05e-4588-b2c2-2199f1dc58e7
"RS 34.180,12",35.7844756,35.6005741,Akkadian,Logosyllabic,Rubble pile,4ce24b84-0540-4e09-ad52-112c183ded12
"RS 34.180,13",35.7844756,35.6005741,Akkadian,Logosyllabic,Rubble pile,9edcac35-688b-4b97-afcd-3f910077f632
"RS 34.180,14",35.7844756,35.6005741,Akkadian,Logosyllabic,Rubble pile,93c42e7f-a464-4f16-85d0-9d1a1b57cebe
"RS 34.180,15",35.7844756,35.6005741,Akkadian,Logosyllabic,Rubble pile,f738a992-d90b-41a0-a089-8122319bac2c
"RS 34.180,16",35.7844756,35.6005741,Akkadian,Logosyllabic,Rubble pile,5542f945-a412-4475-ac27-e1a45fc94c43
"RS 34.180,17",35.7844756,35.6005741,Akkadian,Logosyllabic,Rubble pile,18c31661-40bf-480d-ad1b-1405b47c1b57
"RS 34.180,18",35.7844756,35.6005741,Akkadian,Logosyllabic,Rubble pile,c3d4ecd7-8dc1-4017-814e-9cc0f7d3954d
"RS 34.180,19",35.7844756,35.6005741,Akkadian,Logosyllabic,Rubble pile,7061bee4-a297-4e27-977c-a23a3670313e
"RS 34.180,20",35.7844756,35.6005741,Akkadian,Logosyllabic,Rubble pile,523e5922-9214-48b7-a49d-e2be32239745
"RS 34.180,21",35.7844756,35.6005741,Akkadian,Logosyllabic,Rubble pile,7635b7e1-d214-4fe3-9e35-760720247a88
"RS 34.180,22",35.7844756,35.6005741,Akkadian,Logosyllabic,Rubble pile,7a6df639-0ce6-4872-acc1-f6274eabab42
"RS 34.180,22A",35.7844756,35.6005741,Akkadian,Logosyllabic,Rubble pile,0eced93c-6659-4661-b6ef-eeb24d39ed19
"RS 34.180,23",35.7844756,35.6005741,Akkadian,Logosyllabic,Rubble pile,406ceb59-d240-4dbe-8f36-72b5a8d804dc
"RS 34.180,24",35.7844756,35.6005741,Akkadian,Logosyllabic,Rubble pile,1af246f8-2f2f-4bc2-b889-6b9069216086
"RS 34.180,25",35.7844756,35.6005741,Akkadian,Logosyllabic,Rubble pile,757f252d-3468-409b-b285-41e432607e1b
"RS 34.180,26",35.7844756,35.6005741,Akkadian,Logosyllabic,Rubble pile,03c5340b-340b-477a-b373-98e60b454448
"RS 34.180,27",35.7844756,35.6005741,Akkadian,Logosyllabic,Rubble pile,1326592d-1016-49d1-aeb7-f865a2a0f592
"RS 34.180,28",35.7844756,35.6005741,Akkadian,Logosyllabic,Rubble pile,b6c8606c-7f10-48b8-8ca3-ad08546cb296
"RS 34.180,29",35.7844756,35.6005741,Akkadian,Logosyllabic,Rubble pile,13fb8657-3e30-4dc1-92c9-c59e6058f93f
"RS 34.180,30",35.7844756,35.6005741,Akkadian,Logosyllabic,Rubble pile,4382f160-79d6-4e6f-be1b-22812850bdff
"RS 34.180,31",35.7844756,35.6005741,Akkadian,Logosyllabic,Rubble pile,ea30c8cb-d73a-4529-8671-0d87b50d9016
"RS 34.180,32",35.7844756,35.6005741,Akkadian,Logosyllabic,Rubble pile,d693d33f-f694-46c9-8070-581739f04f5c
"RS 34.180,33",35.7844756,35.6005741,Akkadian,Logosyllabic,Rubble pile,5731a68d-7b91-4a1a-9c83-d5390de4aa42
"RS 34.180,34",35.7844756,35.6005741,Akkadian,Logosyllabic,Rubble pile,ccaf419e-d2e8-4150-a769-2c95a92b419b
"RS 34.180,35",35.7844756,35.6005741,Akkadian,Logosyllabic,Rubble pile,474b9781-b774-4224-8bd5-cdb85f3eaf59
"RS 34.180,36+",35.7844756,35.6005741,Akkadian,Logosyllabic,Rubble pile,a35f3cc7-5d32-4d62-aa46-512637e81b41
"RS 34.180,37",35.7844756,35.6005741,Akkadian,Logosyllabic,Rubble pile,38c57f19-26f5-454f-8c69-48c2a2905f3f
"RS 34.180,38",35.7844756,35.6005741,Akkadian,Logosyllabic,Rubble pile,03aad829-1033-452f-9f2f-316ece712820
"RS 34.180,39",35.7844756,35.6005741,Akkadian,Logosyllabic,Rubble pile,d0cb7106-2b9b-4ce8-8bd6-69867b50e0d0
"RS 34.180,40",35.7844756,35.6005741,Akkadian,Logosyllabic,Rubble pile,9384af5d-6dd9-4337-9812-efa214d2a0ee
"RS 34.180,41",35.7844756,35.6005741,Akkadian,Logosyllabic,Rubble pile,289562b3-d670-4984-9e23-5726594eb4cc
"RS 34.180,42",35.7844756,35.6005741,Akkadian,Logosyllabic,Rubble pile,e310a14c-775a-4447-886c-c49bc3af5b69
"RS 34.180,43",35.7844756,35.6005741,Akkadian,Logosyllabic,Rubble pile,6945749d-f3dd-49bf-8463-3919072da07f
"RS 34.180,44",35.7844756,35.6005741,unknown,unknown,Rubble pile,5d90e9c9-a339-41c6-93e5-2a539b80b358
"RS 34.180,45",35.7844756,35.6005741,Akkadian,Logosyllabic,Rubble pile,0e0bc472-1dcf-4592-b2a9-fea456e0c068
"RS 34.180,46",35.7844756,35.6005741,Akkadian,Logosyllabic,Rubble pile,212e6b31-4fcd-46d1-9d21-65c6a9fda128
"RS 34.180,47",35.7844756,35.6005741,Akkadian,Logosyllabic,Rubble pile,460cb16a-6e75-4b45-b57e-dc21bbec03d6
"RS 34.180,48",35.7844756,35.6005741,Akkadian,Logosyllabic,Rubble pile,b3f191b9-51c8-4dbd-b25d-919afd810595
"RS 34.180,49",35.7844756,35.6005741,Akkadian,Logosyllabic,Rubble pile,fe56a316-17e5-4f01-8a54-00a5df3754cf
"RS 34.180,50+",35.7844756,35.6005741,Akkadian,Logosyllabic,Rubble pile,36c62621-c8da-45f6-89e8-558b1cc77375
"RS 34.180,51",35.7844756,35.6005741,unknown,unknown,Rubble pile,fe03a729-a477-40f0-82f9-e350addc71f9
"RS 34.180,52",35.7844756,35.6005741,Akkadian,Logosyllabic,Rubble pile,63e9a310-dd59-47bc-a0b1-fa63f31a4b07
"RS 34.180,53",35.7844756,35.6005741,Akkadian,Logosyllabic,Rubble pile,8f83d7e5-270b-4c71-8e8c-9240c3aa94ef
"RS 34.180,54",35.7844756,35.6005741,Akkadian,Logosyllabic,Rubble pile,596eed69-8363-4315-809f-59315902ad66
"RS 34.180,55",35.7844756,35.6005741,Akkadian,Logosyllabic,Rubble pile,39541f84-639d-4476-ad82-36a2eaf599e9
"RS 34.180,56",35.7844756,35.6005741,Akkadian,Logosyllabic,Rubble pile,17ca2e10-2287-494b-a6cf-8317fe083712
"RS 34.180,57",35.7844756,35.6005741,Akkadian,Logosyllabic,Rubble pile,5b5eb00b-a10f-42ad-8c36-daf9c781a129
"RS 34.180,58",35.7844756,35.6005741,Akkadian,Logosyllabic,Rubble pile,daa59d1c-89c1-4295-931a-c741bb10a494
"RS 34.180,59",35.7844756,35.6005741,Akkadian,Logosyllabic,Rubble pile,77a684b0-bb7d-4d9f-b929-f9cb6d2b1833
"RS 34.180,60",35.7844756,35.6005741,Akkadian,Logosyllabic,Rubble pile,b90fa12a-0c39-49db-b5e6-55a2c2287adf
"RS 34.180,61",35.7844756,35.6005741,Akkadian,Logosyllabic,Rubble pile,754792ed-b99d-4322-bee3-ac20bdc8196d
"RS 34.180,62",35.7844756,35.6005741,Akkadian,Logosyllabic,Rubble pile,d785a21c-4fea-491a-8e4c-c17149f3ee4f
"RS 34.180,63",35.7844756,35.6005741,Akkadian,Logosyllabic,Rubble pile,46fc8e4c-668c-4e3c-a347-e6887fd2d18f
"RS 34.180,64",35.7844756,35.6005741,Akkadian,Logosyllabic,Rubble pile,e1e08dbd-4660-4cc2-9182-6dda2cf27e63
"RS 34.180,65",35.7844756,35.6005741,Akkadian,Logosyllabic,Rubble pile,640d2630-b04b-455a-87e6-ee2d7f4ae5df
"RS 34.180, [66]",35.7844756,35.6005741,Akkadian,Logosyllabic,Rubble pile,be511fe4-6f91-4e94-bf61-95281be42cb2
RS 75.075,35.7835528,35.6030095,Akkadian,Logosyllabic,Northwest Residence,0a8e1dd9-46ec-4945-b88e-fe0290c6340e
RS 75.152,35.7836985,35.602988,Ugaritic,Alphabetic,Northwest Residence,97e8099a-3739-48ad-8ae9-e7d9dbdd2159
RS 76.065,35.7849617,35.6019901,Akkadian,Logosyllabic,unknown,bafb5724-2190-4efa-8f68-ec41895afff2
RS 79.022,35.7851978,35.6018865,Sumerian,Logosyllabic,City Center,9c53ebc4-0b63-4e2f-9a6a-c9503e88ed44
RS 79.023,35.7825353,35.6018144,Ugaritic,Alphabetic,Royal Palace,d3660116-9b67-40cb-8a56-12c194ca434b
RS 79.024+,35.7851502,35.6018769,Akkadian,Logosyllabic,City Center,9f4499d8-6942-475a-8572-863d27162076
RS 79.025C,35.7851502,35.6018769,Sumerian,Logosyllabic,City Center,489389a0-e5d5-4673-9c6d-cb472be4d1fc
RS 79.025B,35.7851502,35.6018769,unknown,unknown,City Center,0f5ac18f-5854-48e2-96a3-fb8ae04ab929
RS 79.025A+,35.7851502,35.6018769,Akkadian,Logosyllabic,City Center,f0713a75-7abd-42b7-a919-0777c8bda7ad
RS 79.026,35.7851502,35.6018769,Akkadian,Logosyllabic,City Center,5e88fc97-f7ee-49d2-b9f4-c28483cc9389
RS 80.042,35.7852265,35.6018622,Ugaritic?,Alphabetic,City Center,63cd223f-37c9-4cef-ba2b-4b2d10b3484a
RS 80.383,35.7851388,35.6018517,Akkadian,Logosyllabic,City Center,f5d900e6-c520-4bf7-b6e1-e551a8f100ea
RS 80.384,35.7851502,35.6018769,Akkadian,Logosyllabic,City Center,cb6e4057-086f-46bf-a916-0557b159c74c
RS 80.385,35.7851502,35.6018769,Akkadian,Logosyllabic,City Center,8f27a38c-95ab-4827-a884-e3ccf766f270
RS 80.386,35.7851502,35.6018769,Akkadian,Logosyllabic,City Center,30b724f7-4c7c-42f6-8bc0-9e81ee41c106
RS 80.387,35.7851502,35.6018769,Akkadian,Logosyllabic,City Center,d6025484-0b36-4048-973d-094c4b0a8692
RS 80.388,35.7851502,35.6018769,unknown,unknown,City Center,39c80dad-c10d-4814-9c06-613b130ac11a
RS 80.389,35.7851502,35.6018769,Akkadian,Logosyllabic,City Center,fe78ed0c-a74b-447d-a136-f89a42ab0757
RS 86.2208,35.7846268,35.6005287,Akkadian,Logosyllabic,South Center,3bfce8f4-fdc6-49ed-9380-74639501252f
RS 86.2209,35.7846268,35.6005287,Akkadian,Logosyllabic,South Center,307c92a3-5250-4a30-a278-03537afac217
RS 86.2210 [B],35.784525,35.6005596,Akkadian,Logosyllabic,South Center,72d17c93-3614-446c-a2cb-3de76bf481d2
RS 86.2210 [A],35.784525,35.6005596,Akkadian,Logosyllabic,South Center,e988a59d-de7a-4522-9b61-94a774c85927
RS 86.2211,35.7846268,35.6005287,Akkadian,Logosyllabic,South Center,e413b2e5-a5bb-41a7-831c-027ef0927f19
RS 86.2212+,35.7845724,35.6005013,Akkadian,Logosyllabic,South Center,ed46df78-0bbb-4547-b4b5-305586ba4f2e
RS 86.2213,35.7845724,35.6005013,Ugaritic,Alphabetic,South Center,6cc16949-c640-4682-9285-b23cf04cb0c6
RS 86.2214B,35.7845724,35.6005013,Akkadian,Logosyllabic,South Center,b76218c6-c0d5-41db-a6d9-e9077a6228d5
RS 86.2214A,35.7845724,35.6005013,unknown,unknown,South Center,6bc1135e-7b50-470a-bef5-583c8f850f4c
RS 86.2215,35.784525,35.6005596,Ugaritic,Alphabetic,South Center,1b81decb-53aa-4ddf-87f9-75dd9f6d5a0e
RS 86.2216,35.7845692,35.6005709,Akkadian,Logosyllabic,South Center,de70d707-1f4c-4c50-a6f3-706424b3cce0
RS 86.2219 [C],35.7845692,35.6005709,Akkadian,Logosyllabic,South Center,e4125fc5-5ba3-43b5-9314-7263388053ac
RS 86.2219 [E],35.7845692,35.6005709,Akkadian,Logosyllabic,South Center,c1f813f3-0917-452a-b63f-902dc5eee5e5
RS 86.2219 [F],35.7845692,35.6005709,Akkadian,Logosyllabic,South Center,689cee0a-d708-404c-88e2-587d25febc7e
RS 86.2219 [B],35.7845692,35.6005709,Akkadian,Logosyllabic,South Center,6ab23649-f021-4af6-b50a-8f10d2fc7f97
RS 86.2219 [G],35.7845692,35.6005709,Akkadian,Logosyllabic,South Center,2d6e671a-d8db-4e61-8db2-58f4631e8f6a
RS 86.2219 [D],35.7845692,35.6005709,Akkadian,Logosyllabic,South Center,ad398d1c-8a6b-4012-ac47-401c8eb847b1
RS 86.2219 [H],35.7845692,35.6005709,Akkadian,Logosyllabic,South Center,0444d9f7-6d95-4da6-be18-a05b47dc64d6
RS 86.2219 [A],35.7845692,35.6005709,Akkadian,Logosyllabic,South Center,1cb688f8-0c3b-4681-b3da-6eb9dff1888c
RS 86.2219 [I],35.7845692,35.6005709,Akkadian,Logosyllabic,South Center,4c8c4b46-4eaf-4623-9646-3fde01974792
RS 86.2220,35.7846268,35.6005287,Akkadian,Logosyllabic,South Center,d22b8017-f110-4d7a-89c1-b779dc477891
RS 86.2221 [B],35.7846268,35.6005287,Akkadian,Logosyllabic,South Center,a1fa2102-a2da-419c-9610-1999302fbaf5
RS 86.2221+,35.7846268,35.6005287,Akkadian,Logosyllabic,South Center,d4e40ab5-740e-433b-870f-64aaf1f0301c
RS 86.2221 [A],35.7846268,35.6005287,Akkadian,Logosyllabic,South Center,53eb5db3-831e-45c0-ae2a-1342b1722646
RS 86.2222,35.7845804,35.6005043,Akkadian,Logosyllabic,South Center,c5eff813-3ad7-4211-a021-510323b12f1f
RS 86.2223 [B],35.7845804,35.6005043,unknown,unknown,South Center,d64758e1-ec83-4623-8a27-0d94d221ac17
RS 86.2223 [A]+,35.7845804,35.6005043,Akkadian,Logosyllabic,South Center,72848793-313f-492c-8f4e-23d2b4d7ed5b
RS 86.2225,35.7847341,35.6006226,unknown,unknown,South Center,f5606f49-848a-48ec-a89e-d40b0e90cbde
RS 86.2226,35.7847341,35.6006226,unknown,unknown,South Center,2da30be0-16f9-47e5-82b9-c77f843fcf9f
RS 86.2227,35.7847333,35.6006226,Akkadian,Logosyllabic,South Center,638e1129-3c98-49ef-8162-190c152d7e3b
RS 86.2228,35.7847341,35.6006226,Akkadian,Logosyllabic,South Center,076e96ce-929f-4909-b552-a1aa1cb14992
RS 86.2229,35.7845712,35.6005053,Akkadian,Logosyllabic,South Center,3530fd1e-52b8-4fdc-9bd5-a4fecdb45684
RS 86.2230,35.7847341,35.6006226,Akkadian,Logosyllabic,South Center,ff0c018b-f772-4ae6-8eb9-f201a645b589
RS 86.2231+,35.7847333,35.6006226,Akkadian,Logosyllabic,South Center,8d413eee-ef33-4d51-b9d9-1555b094b234
RS 86.2232,35.7847341,35.6006226,Akkadian,Logosyllabic,South Center,283eccce-a117-4b11-b923-360ef8a88926
RS 86.2233,35.7847333,35.6006226,unknown,unknown,South Center,70f00cf1-b6df-420b-ba0c-822782598a1a
RS 86.2234,35.7847341,35.6006226,Akkadian,Logosyllabic,South Center,34c910b1-7026-4115-8c14-154d5ddea087
RS 86.2235,35.7847341,35.6006226,Ugaritic,Alphabetic,South Center,5276190c-7048-4e96-869b-ff0b3422d012
RS 86.2236,35.7847341,35.6006226,Akkadian,Logosyllabic,South Center,6eb72627-d3ea-445e-8458-bd9906bbf3e1
RS 86.2237,35.7847341,35.6006226,Ugaritic,Alphabetic,South Center,3cf0a517-a15b-4f1f-8b39-40f3d05d41e2
RS 86.2238,35.7847333,35.6006226,Akkadian,Logosyllabic,South Center,30bf9f1e-1ac9-4d17-ac0f-3926a79af119
RS 86.2239,35.7847333,35.6006226,Akkadian,Logosyllabic,South Center,eecbdbbd-3dcd-45d6-a7a0-fb748dfd8fd0
RS 86.2240,35.7847341,35.6006226,unknown,unknown,South Center,d693fbf9-2c35-4512-ab97-44e407110ba6
RS 86.2241B,35.7847341,35.6006226,Akkadian,Logosyllabic,South Center,0c6a1d8e-7288-4d01-bb5e-d076aa0afe29
RS 86.2241A,35.7847341,35.6006226,Akkadian,Logosyllabic,South Center,291e9ac8-9d51-485f-ae15-9eb7c2e8bb07
RS 86.2242,35.7847333,35.6006226,Akkadian,Logosyllabic,South Center,462b4c98-bad4-446f-a06a-fd708e7d1e2e
RS 86.2243,35.7847341,35.6006226,Akkadian,Logosyllabic,South Center,b7dea975-6a50-4a7b-8456-3fb62023dc8c
RS 86.2244,35.7847333,35.6006226,Akkadian,Logosyllabic,South Center,7f92c304-84d4-4eb7-a90d-d292c4fad5b6
RS 86.2245,35.7847333,35.6006226,Akkadian,Logosyllabic,South Center,5b5d6882-5c60-49e9-a676-ea929eb95fec
RS 86.2246B,35.7847333,35.6006226,Akkadian,Logosyllabic,South Center,78e03063-2a6e-4dc3-b50e-0deca8f2ad15
RS 86.2246A,35.7847333,35.6006226,Akkadian,Logosyllabic,South Center,fd40f781-4a57-42bd-8b5a-dfee5bfd2a85
RS 86.2247,35.7847333,35.6006226,Ugaritic,Alphabetic,South Center,559823b5-0f6e-44ae-9c48-47b4abcc221e
RS 86.2248,35.7847341,35.6006226,Ugaritic,Alphabetic,South Center,af022af0-4c91-48db-b669-f84cdabeb9cc
RS 86.2249B,35.7845913,35.6005183,Akkadian,Logosyllabic,South Center,95627848-7dea-4335-bb23-4f37a534ae38
RS 86.2249A,35.7845913,35.6005183,Akkadian,Logosyllabic,South Center,549b8290-a65d-4b9d-95c6-030a8f6204b5
RS 86.2250,35.7846821,35.6005731,Akkadian,Logosyllabic,South Center,322bf49e-85d4-460d-9fc2-31290839fa6a
RS 86.2251,35.7847341,35.6006226,Akkadian,Logosyllabic,South Center,79ff4fff-9da0-4c15-a377-c3f7356bc1b8
RS 88.0237,35.7852899,35.6015842,Ugaritic,Alphabetic,City Center,7dd25c2f-03b3-4eeb-b8a3-1e2964834e64
RS 88.2008,35.7846835,35.6005732,Ugaritic,Alphabetic,South Center,9f03ad6f-d9fe-41f9-b1c7-0f893a9d9902
RS 88.2009,35.7847347,35.6006226,Akkadian,Logosyllabic,South Center,2501f81d-435b-488f-a12f-c9b7f866dc01
RS 88.2011,35.7847347,35.6006226,Akkadian,Logosyllabic,South Center,cee45be4-7d10-4855-9a63-fbc08e29ea1b
RS 88.2012,35.7847347,35.6006226,Akkadian,Logosyllabic,South Center,694e1f2a-bf4c-4d61-9da2-458846ff8315
RS 88.2013,35.7847347,35.6006226,Akkadian,Logosyllabic,South Center,09a6edc0-58c3-4646-853e-11f5add263a6
RS 88.2015,35.7847347,35.6006226,Akkadian,Logosyllabic,South Center,0176d5ff-d360-49e4-aec2-6a06fa43f634
RS 88.2016,35.7847347,35.6006226,Ugaritic,Alphabetic,South Center,c3393ba6-1b76-42ba-b2c9-3388d1210355
RS 88.2158,35.7847341,35.6006226,Akkadian,Logosyllabic,South Center,02d4a62b-300d-4fac-911b-b1332ba276f1
RS 88.2159,35.7847341,35.6006226,Ugaritic,Alphabetic,South Center,76f26701-f76e-4856-bd76-1531cae0beff
RS 88.2215,35.7847341,35.6006226,Ugaritic,Alphabetic,South Center,7fec7ca7-82c8-495a-88d1-ac33fe479e08
RS 92.2001+,35.7847336,35.6006246,Ugaritic,Alphabetic,South Center,da100121-7390-4844-9478-a64de73e3f69
RS 92.2003,35.7847336,35.6006246,Akkadian,Logosyllabic,South Center,3a4ab82b-0b97-41cc-86e8-f918f1a9d728
RS 92.2004,35.7847336,35.6006246,Akkadian,Logosyllabic,South Center,f3b13176-8dc6-4b1d-b3d2-2f81ead67f36
RS 92.2005,35.7847336,35.6006246,Ugaritic,Alphabetic,South Center,23250d85-64e0-456f-83da-2f22043669a0
RS 92.2006,35.7847336,35.6006246,Akkadian,Logosyllabic,South Center,ee2a8db8-b175-4307-b81d-e02843fdbbbe
RS 92.2007,35.7847336,35.6006246,Akkadian,Logosyllabic,South Center,f87a79a5-fdc7-42d4-8ef5-feb3a0fa6f40
RS 92.2008,35.7847336,35.6006246,Akkadian,Logosyllabic,South Center,d9599116-2971-4b6f-ab56-f7d0875914b1
RS 92.2009+,35.7847336,35.6006246,Akkadian,Logosyllabic,South Center,f6c7776a-c15f-40e1-8cdb-1684c0d92001
RS 92.2010,35.7847336,35.6006246,Ugaritic,Alphabetic,South Center,70f6bf16-f0d4-4b0f-acbc-0a663bf0c1c2
RS 92.2011,35.7847336,35.6006246,Hittite,Logosyllabic,South Center,17d87397-8881-4b14-a034-8477b5e46c05
RS 92.2012,35.7847336,35.6006246,Ugaritic,Alphabetic,South Center,f24c80a5-c3ff-4398-9ab8-ef0052ef0583
RS 92.2013,35.7847336,35.6006246,Ugaritic; Akkadian,Alphabetic; Logosyllabic,South Center,28c4b051-8aa6-4b79-8d6d-f9100221b7be
RS 92.2014,35.7847336,35.6006246,Ugaritic,Alphabetic,South Center,9786488d-a026-4c8c-88d4-b89d9764ee1b
RS 92.2015+,35.7847336,35.6006246,Ugaritic,Alphabetic,South Center,c4b5b8cb-22a5-496d-a732-52f53bfcbcf1
RS 92.2016,35.7847336,35.6006246,Ugaritic,Alphabetic,South Center,fd1de644-6c41-49d9-8f6c-46bfeb18b6c1
RS 92.2018,35.7847336,35.6006246,Akkadian,Logosyllabic,South Center,9ecc19b4-e6e5-426c-8fe6-3d6e25043855
RS 92.2020,35.7847336,35.6006246,Akkadian,Logosyllabic,South Center,d1e435bf-3751-410d-8261-df61a90c2c10
RS 92.2021,35.7847336,35.6006246,Akkadian,Logosyllabic,South Center,543f2730-43c3-4229-ad29-e2946aaae21f
RS 92.2022,35.7847336,35.6006246,Ugaritic,Alphabetic,South Center,a5fa487d-0322-4555-9d60-c4e7804bdc9f
RS 92.2057,35.7847336,35.6006246,Ugaritic,Alphabetic,South Center,69ede02e-f270-4c47-939c-e91bf5ae3077
RS 92.2175,35.7847336,35.6006246,Ugaritic,Alphabetic,South Center,69247549-fb19-472a-b557-738fe5bc2819
RS 92.3179,35.7847336,35.6006246,Akkadian,Logosyllabic,South Center,c8d3d202-9718-4787-afaa-66b22948a0ec
RS 92.6278,35.7847336,35.6006246,Hittite,Logosyllabic,South Center,766dae45-ee3c-4f53-950f-03519015f1ca
RS 94.2000,35.7847336,35.6006246,Akkadian,Logosyllabic,South Center,b67f41c7-3131-4ac5-8667-12d19b1b011e
RS 94.2001,35.7847342,35.6006215,Akkadian,Logosyllabic,South Center,9e378b95-71d7-401b-8a71-57753a33f2c2
RS 94.2002+,35.7847336,35.6006246,Akkadian,Logosyllabic,South Center,a11bab5c-c5c4-42a6-ba2a-6bf8a41e8ef1
RS 94.2003,35.7818956,35.6014227,unknown,unknown,Out of Context,f0427a6d-c93b-4ad0-bc46-faba11567b56
RS 94.2008,35.7847336,35.6006246,Akkadian,Logosyllabic,South Center,be7983d6-16e8-42b0-8bfe-b3775e56e1f8
RS 94.2009,35.7847336,35.6006246,Akkadian,Logosyllabic,South Center,159cd87c-d02d-491d-900f-99072ecf4841
RS 94.2016,35.7847336,35.6006246,Akkadian,Logosyllabic,South Center,4fc7c155-9808-45ce-909a-c2ac747ca69f
RS 94.2017,35.7847336,35.6006246,Akkadian,Logosyllabic,South Center,3c174adc-3292-476c-ab57-284489dace52
RS 94.2035,35.7847336,35.6006246,Akkadian,Logosyllabic,South Center,0b4cf46d-3213-449f-b342-5946ae146bf3
RS 94.2045,35.7847336,35.6006246,Akkadian,Logosyllabic,South Center,29f7dc37-2446-4941-acc6-caa78ac29777
RS 94.2046+,35.7847336,35.6006246,Akkadian,Logosyllabic,South Center,1a8af36f-af73-4334-8824-5bd31ed48d79
RS 94.2048,35.7818956,35.6014227,unknown,unknown,Out of Context,40795727-8c3c-4af6-ac00-c695469ff509
RS 94.2049,35.7847336,35.6006246,Akkadian,Logosyllabic,South Center,947befcf-f72c-4252-835c-0966e3c775ea
RS 94.2050+,35.7847336,35.6006246,Ugaritic,Alphabetic,South Center,50bdd8f7-ef8c-48b1-b53b-a8703a6719f0
RS 94.2064,35.7847336,35.6006246,Ugaritic; Akkadian,Alphabetic; Logosyllabic,South Center,437cef2f-6e6e-401a-99aa-a99e0bee4c77
RS 94.2066,35.7847336,35.6006246,Akkadian,Logosyllabic,South Center,db430af8-2cfa-4f27-8500-7a17d3391d29
RS 94.2067,35.7847336,35.6006246,Akkadian; Sumerian,Logosyllabic,South Center,ac16eb4c-4e80-4053-8041-7b00794547f8
RS 94.2078,35.7847336,35.6006246,Ugaritic; Akkadian,Alphabetic; Logosyllabic,South Center,ea29b5e3-c420-429f-9e22-71ec5ed8170b
RS 94.2079+,35.7847336,35.6006246,Akkadian,Logosyllabic,South Center,b4b63ed7-e2fb-4fb1-ad56-7bd071e70c75
RS 94.2082,35.7847336,35.6006246,Akkadian,Logosyllabic,South Center,d0a31bed-d2d9-4128-83f1-0339626e36d2
RS 94.2083,35.7847336,35.6006246,Akkadian,Logosyllabic,South Center,82db866e-f9cd-42f1-bfd4-b13af9f4b01a
RS 94.2089,35.7847336,35.6006246,Ugaritic; Akkadian,Alphabetic; Logosyllabic,South Center,43a1b270-2d5d-412a-a96b-5b301874adad
RS 94.2090,35.7847336,35.6006246,Ugaritic,Alphabetic,South Center,f6e95c80-01e4-4fdc-a2fe-9cf8c74c3f4d
RS 94.2091,35.7847336,35.6006246,Akkadian,Logosyllabic,South Center,e221e4f4-4ad3-4641-ad1f-826c05256ae3
RS 94.2092,35.7818956,35.6014227,unknown,unknown,Out of Context,448d2390-a8ef-4a21-95c5-9274b140bf8c
RS 94.2093,35.7847336,35.6006246,Ugaritic,Alphabetic,South Center,ee5273e4-a358-4baa-b5ab-e4892620c58d
RS 94.2094,35.7847336,35.6006246,Akkadian,Logosyllabic,South Center,5109000f-9a46-4e22-a634-2c1f4d9fd1c1
RS 94.2167,35.7847336,35.6006246,Akkadian,Logosyllabic,South Center,1f5db459-8f8e-41d5-b315-b9ca6d2991da
RS 94.2168,35.7847336,35.6006246,Ugaritic,Alphabetic,South Center,4a38a399-0c0c-46d6-812d-98a997d4594a
RS 94.2169,35.7847336,35.6006246,Akkadian,Logosyllabic,South Center,247b76b2-c5d1-4682-825c-c200d85e558f
RS 94.2172+,35.7847336,35.6006246,Akkadian,Logosyllabic,South Center,68a95f9f-bd1a-490d-9250-fe9ac2a3c3ed
RS 94.2173,35.7847336,35.6006246,Akkadian,Logosyllabic,South Center,d63a474d-f962-489e-80f2-f9408eb12d6c
RS 94.2174,35.7847336,35.6006246,Akkadian,Logosyllabic,South Center,c6f2e45d-961e-42ee-b6a6-3dc29c0d92ef
RS 94.2175,35.7847336,35.6006246,Akkadian,Logosyllabic,South Center,84cb7778-52c5-4193-a40e-a1d7848fe397
RS 94.2176,35.7847336,35.6006246,Akkadian,Logosyllabic,South Center,47c0be12-de6b-4e20-bb9c-1024ee232800
RS 94.2177+,35.7847336,35.6006246,Akkadian,Logosyllabic,South Center,cbde657c-5991-4f45-9b7a-8112ed29c4dc
RS 94.2178,35.7847336,35.6006246,Akkadian,Logosyllabic,South Center,0d395aba-eb5a-4359-9ddd-d6bd00608b32
RS 94.2179,35.7847342,35.6006215,Akkadian,Logosyllabic,South Center,fff1c63b-fff9-420c-aaf4-d8bbb19111f4
RS 94.2180,35.7847336,35.6006246,Akkadian,Logosyllabic,South Center,75bd84e5-32e0-4d77-8b93-65d2ccd5b365
RS 94.2181+,35.7847336,35.6006246,Ugaritic,Alphabetic,South Center,419e4dee-9e9b-4c8a-b63e-8338b1cb454f
RS 94.2182,35.7847336,35.6006246,Akkadian,Logosyllabic,South Center,d0574bdb-f1ba-4f50-975f-26be392c4636
RS 94.2183,35.7847336,35.6006246,Ugaritic,Alphabetic,South Center,ffb6049d-b627-4c44-b860-2a8a861a61ae
RS 94.2184+,35.7847336,35.6006246,Ugaritic,Alphabetic,South Center,863190ea-602d-456c-bc31-3ccf0d1556ac
RS 94.2185,35.7847336,35.6006246,Akkadian,Logosyllabic,South Center,62475669-1850-45f6-a2d2-275c705db222
RS 94.2186,35.7847336,35.6006246,Akkadian,Logosyllabic,South Center,bb8a932c-d499-4ef8-909a-f266e15e536c
RS 94.2187,35.7847336,35.6006246,Akkadian,Logosyllabic,South Center,55cfc7cd-cddf-476c-8e67-864e588b8456
RS 94.2188,35.7847336,35.6006246,Akkadian,Logosyllabic,South Center,3e87fb98-afde-42fb-b47a-6d41cdf2f9e3
RS 94.2189,35.7847336,35.6006246,Akkadian,Logosyllabic,South Center,b93bea09-b18f-4809-a8de-6830aaec8992
RS 94.2190,35.7847336,35.6006246,Akkadian,Logosyllabic,South Center,0af63c0a-58d7-46c4-972f-9c4e9bf74288
RS 94.2191,35.7847336,35.6006246,Akkadian,Logosyllabic,South Center,79907f6e-4a22-47dd-a2b1-baeb6241dd70
RS 94.2192,35.7847336,35.6006246,Ugaritic,Alphabetic,South Center,c03a10fb-426c-4c36-a145-ca6d97a2f414
RS 94.2193,35.7847336,35.6006246,Akkadian,Logosyllabic,South Center,5b4a1334-a8f1-4ba0-8aba-b0057f81360a
RS 94.2194+,35.7847336,35.6006246,Akkadian,Logosyllabic,South Center,971ad727-646d-4296-a2ff-47e86cf0e77e
RS 94.2195,35.7847336,35.6006246,Akkadian,Logosyllabic,South Center,91235937-53f6-4654-adba-a767bf4bb566
RS 94.2196,35.7847336,35.6006246,Akkadian,Logosyllabic,South Center,a8d0fe14-b713-4ade-a65d-d558c96d9f8e
RS 94.2197,35.7847336,35.6006246,Akkadian,Logosyllabic,South Center,001778ae-3746-4d18-addc-124a4cfbf435
RS 94.2198,35.7847336,35.6006246,unknown,unknown,South Center,594f752a-e166-4932-b135-655006b80e62
RS 94.2199,35.7847336,35.6006246,Akkadian,Logosyllabic,South Center,e1ad3e6d-d9b3-4691-87f7-18b8d4e75674
RS 94.2273,35.7847336,35.6006246,Ugaritic; Akkadian,Alphabetic; Logosyllabic,South Center,8064e2ad-470b-4b97-8bb9-68e60fd33e82
RS 94.2274+,35.7847336,35.6006246,Akkadian,Logosyllabic,South Center,49407b30-e986-43a0-83c1-03511d4ec530
RS 94.2275,35.7847336,35.6006246,Ugaritic,Alphabetic,South Center,9c84815b-f172-4be8-b0fe-69e2e464a69c
RS 94.2276,35.7847336,35.6006246,Ugaritic; Akkadian,Alphabetic; Logosyllabic,South Center,e1975c2f-c136-4982-a499-09ccd3324e54
RS 94.2277,35.7847336,35.6006246,Akkadian,Logosyllabic,South Center,41a20f87-f375-4ed2-83e8-a2acee426b01
RS 94.2278,35.7847336,35.6006246,unknown,unknown,South Center,9a9922f4-91eb-4a9f-8510-8b841b574c7d
RS 94.2279+,35.7847336,35.6006246,Akkadian,Logosyllabic,South Center,bdbd0f9e-fa50-4767-addd-18a97f977e1b
RS 94.2280,35.7847336,35.6006246,Akkadian,Logosyllabic,South Center,aebeedec-781c-4736-82a6-650c48b257d8
RS 94.2281,35.7847336,35.6006246,unknown,unknown,South Center,d33f2fec-04f2-4039-bf95-0f19cb41b0c3
RS 94.2282,35.7847336,35.6006246,Akkadian,Logosyllabic,South Center,893056e2-b00e-4ec6-b59e-b1e0c1eabec1
RS 94.2283,35.7847336,35.6006246,unknown,unknown,South Center,e4c7b23f-9b0c-4b86-893a-331d3c92d214
RS 94.2284,35.7847336,35.6006246,Ugaritic,Alphabetic,South Center,e194df80-4021-4e38-9cef-0090dd32e065
RS 94.2285+,35.7847336,35.6006246,Akkadian,Logosyllabic,South Center,392de214-9092-49b2-b4e8-4fcd011854a8
RS 94.2286,35.7847336,35.6006246,unknown,unknown,South Center,a7218dde-2a3a-4e2f-8ef9-62d3650220f9
RS 94.2287,35.7847336,35.6006246,Akkadian,Logosyllabic,South Center,b887273b-bb28-4f75-806a-2029b7f2595f
RS 94.2288+,35.7847336,35.6006246,Akkadian,Logosyllabic,South Center,3995ebdd-e946-420a-8bfb-4b28c503dd41
RS 94.2289,35.7847336,35.6006246,unknown,unknown,South Center,f7065d69-5f15-4aef-9278-b7d969650c77
RS 94.2290,35.7847336,35.6006246,Ugaritic,Alphabetic,South Center,1a95ce04-0e06-475d-974c-7001e5afa6f9
RS 94.2291,35.7847336,35.6006246,Akkadian,Logosyllabic,South Center,1af185ce-a362-411f-b31c-00093cc1d17e
RS 94.2292,35.7847336,35.6006246,Akkadian,Logosyllabic,South Center,2ded25f9-c458-457b-bb0f-6ec30c54be20
RS 94.2293,35.7847336,35.6006246,unknown,unknown,South Center,6eec2753-48de-4064-a099-61c5c8c85e00
RS 94.2294,35.7847336,35.6006246,Akkadian,Logosyllabic,South Center,ddd1c1dc-1a3e-484c-8ad5-01d1e8690d14
RS 94.2295,35.7847336,35.6006246,unknown,unknown,South Center,81e4c86d-5cdf-42cb-83bb-71fcdcb3f9d3
RS 94.2296,35.7847336,35.6006246,Akkadian,Logosyllabic,South Center,c8cd3b03-62dd-41ff-91c5-8396c6514f7d
RS 94.2297,35.7847336,35.6006246,unknown,unknown,South Center,3b470cc0-a79d-40cb-9aaa-fb3f037a4df8
RS 94.2298,35.7847336,35.6006246,Akkadian,Logosyllabic,South Center,6e2a97f2-f166-476e-9b79-3cc5c8cca6ef
RS 94.2299+,35.7847342,35.6006215,Akkadian,Logosyllabic,South Center,700e1be1-8123-48c2-ab19-765780987043
RS 94.2328,35.7847336,35.6006246,Cypro-Minoan,Syllabic,South Center,b7696922-2cab-4150-8a51-8eba7332b32e
RS 94.2350,35.7847336,35.6006246,Akkadian,Logosyllabic,South Center,9cd59e1a-fb96-4611-9f86-7632c028181f
RS 94.2351,35.7847336,35.6006246,Ugaritic,Alphabetic,South Center,aac2ab4f-d7ab-4ec9-b3cc-b4fc59d81a48
RS 94.2352,35.7847342,35.6006215,Akkadian,Logosyllabic,South Center,cc43a151-8e22-4889-82d2-755810eb0ab9
RS 94.2353+,35.7847336,35.6006246,Akkadian,Logosyllabic,South Center,8a6800ae-cdfd-4c20-a417-5ac834452bac
RS 94.2354,35.7847336,35.6006246,unknown,unknown,South Center,99181fe7-4f18-4cb5-bb47-e23ec72f88f4
RS 94.2355,35.7847336,35.6006246,Akkadian,Logosyllabic,South Center,a90fee30-8132-400b-9efc-4e9f89efd799
RS 94.2356,35.7847336,35.6006246,Akkadian,Logosyllabic,South Center,17d976b5-d469-4a35-bc07-f0dffcc13722
RS 94.2357,35.7847336,35.6006246,unknown,unknown,South Center,ff9ba96d-d7c7-449c-9f76-795628e96b34
RS 94.2358,35.7847336,35.6006246,unknown,unknown,South Center,f1ed07fa-23c2-4718-bba0-90fca8dfe183
RS 94.2359+,35.7847336,35.6006246,Akkadian,Logosyllabic,South Center,b90368ad-8e1a-4394-a60e-51420d51975c
RS 94.2360,35.7847336,35.6006246,Akkadian,Logosyllabic,South Center,ac6ae67c-fe27-4067-9929-ec700e5b8819
RS 94.2361+,35.7847336,35.6006246,Akkadian,Logosyllabic,South Center,9e03624f-4812-4876-af37-3087ac40f895
RS 94.2362+,35.7847336,35.6006246,Akkadian,Logosyllabic,South Center,5122f12c-35d0-420c-9382-c339d35a7550
RS 94.2363,35.7847342,35.6006215,Akkadian,Logosyllabic,South Center,8c6e3599-8490-4ead-8f8a-8d84da16402b
RS 94.2364,35.7847336,35.6006246,Akkadian,Logosyllabic,South Center,892ef1c6-20aa-4883-ba1c-614c17107fa1
RS 94.2365,35.7847336,35.6006246,Akkadian,Logosyllabic,South Center,b35772dc-c64c-4b3e-ba48-f6e63c05f914
RS 94.2366,35.7847336,35.6006246,unknown,unknown,South Center,c86b0ccb-4ff6-45c7-8c1a-355c151becee
RS 94.2367,35.7847336,35.6006246,unknown,unknown,South Center,761336db-2a07-4755-9f3e-cf69331d7dab
RS 94.2368,35.7847336,35.6006246,unknown,unknown,South Center,10181e48-75bd-4692-a15a-9e9167197014
RS 94.2369,35.7847336,35.6006246,Akkadian,Logosyllabic,South Center,f0a79957-43c3-42f3-964b-5b8bc3c0e31c
RS 94.2370,35.7847336,35.6006246,unknown,unknown,South Center,43ddd389-40b5-4936-b3dc-e248194058dd
RS 94.2371,35.7847336,35.6006246,unknown,unknown,South Center,dea88aa8-265c-4a97-94f6-d0cd17cd00e6
RS 94.2372,35.7847336,35.6006246,Akkadian,Logosyllabic,South Center,865fcf10-b824-4c06-924c-7337f33ba1bd
RS 94.2373,35.7847336,35.6006246,Akkadian,Logosyllabic,South Center,87cac548-5d38-4d91-a350-cd733f11f862
RS 94.2374,35.7847336,35.6006246,Akkadian,Logosyllabic,South Center,9777e1c5-01d5-4299-806c-5abfb6e0c9a2
RS 94.2375,35.7847336,35.6006246,Akkadian,Logosyllabic,South Center,6b3b5b95-8819-40b7-a388-f34e845ed39a
RS 94.2376,35.7847336,35.6006246,unknown,unknown,South Center,3f7849fe-5979-440f-a46e-f8e8dab85683
RS 94.2377,35.7847336,35.6006246,Akkadian,Logosyllabic,South Center,c54ac063-d6ca-4555-8bdd-4e7486176a9a
RS 94.2378,35.7847336,35.6006246,Akkadian,Logosyllabic,South Center,e1480e17-69eb-4470-8ab2-108c2b923125
RS 94.2379,35.7847336,35.6006246,Akkadian,Logosyllabic,South Center,3e35691f-a472-434b-a7db-f93f34c58bc4
RS 94.2380,35.7847336,35.6006246,Akkadian,Logosyllabic,South Center,f7d8bb9a-0cd3-4e33-801e-518b60caf089
RS 94.2381,35.7847336,35.6006246,Akkadian,Logosyllabic,South Center,662d0b9e-3f46-4552-924b-fa68ca2fc277
RS 94.2382,35.7847336,35.6006246,Ugaritic,Alphabetic,South Center,2e263e9a-0738-4793-bcd2-37001980c966
RS 94.2383+,35.7847336,35.6006246,Ugaritic,Alphabetic,South Center,21da72c1-c13c-4173-9200-8af3f11b12ed
RS 94.2384+,35.7847336,35.6006246,Akkadian,Logosyllabic,South Center,b399cc78-a200-4016-a4ff-277adc7ff249
RS 94.2385,35.7847336,35.6006246,Akkadian,Logosyllabic,South Center,be8737c1-9f51-462b-9ea4-9f62360e6942
RS 94.2386,35.7847336,35.6006246,Akkadian,Logosyllabic,South Center,616b8b82-1f4e-4e04-a5c9-a139add136d5
RS 94.2387,35.7847336,35.6006246,Akkadian,Logosyllabic,South Center,e792b9f9-8874-4edf-8b79-31ba510f70a5
RS 94.2388,35.7847336,35.6006246,Akkadian,Logosyllabic,South Center,4df92706-bc0e-45a2-91bd-7e345c11a6f5
RS 94.2389,35.7847336,35.6006246,Akkadian,Logosyllabic,South Center,afd2a579-34f6-4c15-8964-4999285557e0
RS 94.2390+,35.7847336,35.6006246,Akkadian,Logosyllabic,South Center,b36739d7-6944-4700-b6a6-90cdf91f9b55
RS 94.2391,35.7847336,35.6006246,Ugaritic,Alphabetic,South Center,a70a3013-b9eb-45cc-a7ab-6e7b343087af
RS 94.2392+,35.7847336,35.6006246,Ugaritic,Alphabetic,South Center,1d6737b0-1305-4823-b1f6-b972233774c1
RS 94.2393+,35.7847336,35.6006246,Akkadian,Logosyllabic,South Center,4775b725-4f25-4283-b441-473cf3691614
RS 94.2394,35.7847336,35.6006246,Akkadian,Logosyllabic,South Center,3f502513-844e-4058-9f1b-ab1e09d667c1
RS 94.2395,35.7847336,35.6006246,Ugaritic,Alphabetic,South Center,8ba10184-5467-4ccb-966c-7091437719c0
RS 94.2396,35.7847336,35.6006246,Akkadian,Logosyllabic,South Center,93d99dcc-a63b-4bd0-95a4-c2f76574153b
RS 94.2397,35.7847336,35.6006246,unknown,unknown,South Center,a026e31c-aff2-4fe1-a50f-0776adbb07c2
RS 94.2398+,35.7847336,35.6006246,Akkadian,Logosyllabic,South Center,59c7f040-4913-4320-bbc0-dbbaff7cea40
RS 94.2399,35.7847336,35.6006246,Akkadian,Logosyllabic,South Center,58b53df7-61fd-41ab-b892-5292dfc7ef75
RS 94.2400,35.7847336,35.6006246,unknown,unknown,South Center,e08fa502-59ba-4f68-8fe8-2e07ea4a80cc
RS 94.2401,35.7847336,35.6006246,Ugaritic; Akkadian,Alphabetic; Logosyllabic,South Center,eb7843fd-90a9-40e3-977c-01b26dfdaaf4
RS 94.2402,35.7847336,35.6006246,Akkadian,Logosyllabic,South Center,91d1651f-424a-4660-b671-979dc710a0bd
RS 94.2403,35.7847336,35.6006246,Akkadian,Logosyllabic,South Center,551edc7e-118d-441a-9a85-0332fe9c1834
RS 94.2404,35.7847336,35.6006246,Akkadian,Logosyllabic,South Center,0f483aec-084b-4104-92d9-a71847589c8f
RS 94.2405,35.7847336,35.6006246,Ugaritic,Alphabetic,South Center,0106aee3-0646-44e9-83ec-01c6ba2b6ac8
RS 94.2406,35.7847336,35.6006246,Ugaritic,Alphabetic,South Center,113f6796-93a9-473c-af57-e7304cd25326
RS 94.2407,35.7847336,35.6006246,Akkadian,Logosyllabic,South Center,26dac7fa-ab32-4a0c-89a8-7841e9d6b7ff
RS 94.2408,35.7847336,35.6006246,Akkadian,Logosyllabic,South Center,ffff6d75-3777-4672-a7f5-c2695435f509
RS 94.2409+,35.7847336,35.6006246,Ugaritic; Akkadian,Alphabetic; Logosyllabic,South Center,eecb0471-b001-4ea3-8829-4f3743374784
RS 94.2410,35.7847336,35.6006246,Akkadian,Logosyllabic,South Center,de58e4f7-1772-4c96-845f-94f47f1e47d1
RS 94.2411,35.7847336,35.6006246,Ugaritic; Akkadian,Alphabetic; Logosyllabic,South Center,0d3cec17-4d44-429b-9a70-87557623a7af
RS 94.2412,35.7847336,35.6006246,Akkadian,Logosyllabic,South Center,b3760afa-f556-459a-aa52-e8f53ce34607
RS 94.2413,35.7847336,35.6006246,unknown,unknown,South Center,4674b98b-b58a-4534-bd3f-24d91e1b36e0
RS 94.2414+,35.7847336,35.6006246,Akkadian,Logosyllabic,South Center,547bdeae-7a5f-49e4-a459-80b6f0aad2df
RS 94.2415,35.7847336,35.6006246,Akkadian,Logosyllabic,South Center,8c9d8db6-5fe9-403f-abbe-ae72a9f0aeaf
RS 94.2416+,35.7847336,35.6006246,Akkadian,Logosyllabic,South Center,88889c4b-5276-43a9-93f6-baa35636540f
RS 94.2417,35.7847336,35.6006246,Akkadian,Logosyllabic,South Center,60679cc9-9f7b-405e-8221-1e1956817def
RS 94.2418,35.7847336,35.6006246,unknown,unknown,South Center,77c89496-1668-46f6-8a3f-8ce399ed3fa7
RS 94.2419,35.7847336,35.6006246,Akkadian,Logosyllabic,South Center,93d4352e-9e4e-4a8c-b7af-1d332ba800d4
RS 94.2420,35.7847336,35.6006246,unknown,unknown,South Center,4a1fda0a-289b-4fc7-b8c6-f4ecc110bac4
RS 94.2421,35.7847336,35.6006246,unknown,unknown,South Center,07ab599c-8b07-43fe-bed0-4bdc79d8a9b4
RS 94.2422,35.7847336,35.6006246,unknown,unknown,South Center,3385b2d6-a4b3-47c1-a04d-c03f808383aa
RS 94.2423,35.7847336,35.6006246,Akkadian,Logosyllabic,South Center,e9aeb558-ce71-4501-8404-d8a05697cde2
RS 94.2424,35.7847336,35.6006246,unknown,unknown,South Center,f58800ae-511c-4b97-8dc8-03ea6d35ff1e
RS 94.2425,35.7847336,35.6006246,unknown,unknown,South Center,50296ebd-c2ce-4a23-ad7e-546c73a3266c
RS 94.2426,35.7847336,35.6006246,Ugaritic,Alphabetic,South Center,4d372783-b1b0-4d55-8b2c-2f876555557f
RS 94.2427+,35.7847336,35.6006246,Akkadian,Logosyllabic,South Center,755ef341-9477-4cf8-b097-71846a130296
RS 94.2428,35.7847336,35.6006246,Ugaritic,Alphabetic,South Center,5c9b0bc3-d738-489b-a409-d9921bf8a8b5
RS 94.2429,35.7847336,35.6006246,Ugaritic,Alphabetic,South Center,344fd5a4-52c6-4f80-9a35-e079205429b4
RS 94.2430+,35.7847336,35.6006246,Akkadian,Logosyllabic,South Center,9284bec1-9c63-4a42-b815-93a75466f83a
RS 94.2431,35.7847336,35.6006246,Akkadian,Logosyllabic,South Center,b2ef031b-4d01-4c7f-ab36-3a303c4e6114
RS 94.2432,35.7847336,35.6006246,unknown,unknown,South Center,c5369e75-912b-471b-81d9-aafdbee1ebf0
RS 94.2433,35.7847336,35.6006246,Akkadian,Logosyllabic,South Center,0d55fed4-01a7-4910-b61a-259e5320318d
RS 94.2434,35.7847336,35.6006246,Ugaritic,Alphabetic,South Center,fee357be-6280-4dda-893b-f041aadf765e
RS 94.2435,35.7847336,35.6006246,unknown,unknown,South Center,824b2f40-c381-4668-8ef7-2705cf5e2004
RS 94.2436,35.7847336,35.6006246,unknown,unknown,South Center,23920be8-8fee-429e-b8ae-595862d4acd4
RS 94.2437,35.7847336,35.6006246,unknown,unknown,South Center,a2d7e22c-f19a-43d2-a9b5-fc855004d5ff
RS 94.2438+,35.7847336,35.6006246,Akkadian,Logosyllabic,South Center,6dbbb152-4c89-42c0-99cd-d75f3058696d
RS 94.2439,35.7847336,35.6006246,Ugaritic,Alphabetic,South Center,dad77f6a-6a00-4b83-a0c3-06bee4bbca83
RS 94.2440,35.7847336,35.6006246,Ugaritic,Alphabetic,South Center,27ce6235-722d-42a7-8ca1-f0a56842986c
RS 94.2441+,35.7847336,35.6006246,Akkadian,Logosyllabic,South Center,110198fd-87b8-4380-be09-0644cfa06893
RS 94.2442,35.7847336,35.6006246,Akkadian,Logosyllabic,South Center,9ea6e9c4-a87b-47d2-865d-5920ed114370
RS 94.2443,35.7847336,35.6006246,Akkadian,Logosyllabic,South Center,2d035114-49a5-42fd-9af5-2d761e805278
RS 94.2444,35.7847336,35.6006246,unknown,unknown,South Center,e72cae04-933f-4711-bcd7-a835a454663b
RS 94.2445,35.7847336,35.6006246,Akkadian,Logosyllabic,South Center,1abc799c-4288-4009-b32a-25624215616e
RS 94.2446,35.7847336,35.6006246,Akkadian,Logosyllabic,South Center,f9568de9-d6bd-4b4b-b756-d8569ac0f6d5
RS 94.2447+,35.7847336,35.6006246,Akkadian,Logosyllabic,South Center,8d47f2e8-280c-4771-a412-0df260056ab8
RS 94.2448,35.7847336,35.6006246,unknown,unknown,South Center,e555efa0-14ed-479f-95b9-09d82311c316
RS 94.2449,35.7847336,35.6006246,Ugaritic,Alphabetic,South Center,872d715d-defb-41d3-b815-6dad786fc4dd
RS 94.2450,35.7847336,35.6006246,Ugaritic,Alphabetic,South Center,47a1d79d-83a4-4555-a9de-42912ab7e07b
RS 94.2451,35.7847336,35.6006246,Akkadian,Logosyllabic,South Center,a628a59b-31ee-47de-85b3-a77a6b0ecaca
RS 94.2452,35.7847336,35.6006246,unknown,unknown,South Center,52c58b46-3f23-4dde-bfe2-27971fab0d48
RS 94.2453,35.7847336,35.6006246,Akkadian,Logosyllabic,South Center,b8ced0d8-aadc-4b80-8c8e-e70284373ad7
RS 94.2454,35.7847336,35.6006246,Ugaritic,Alphabetic,South Center,2e087e97-fbca-438c-9d42-ba51a5e3ba6c
RS 94.2455,35.7847336,35.6006246,Akkadian,Logosyllabic,South Center,59fdf5a3-6b22-44e4-af6e-ae9b44408389
RS 94.2456,35.7847336,35.6006246,unknown,unknown,South Center,27e36823-6bd3-4db3-b0e7-9b7d17bc9a9b
RS 94.2457,35.7847336,35.6006246,Ugaritic,Alphabetic,South Center,7d56bbc8-ebe2-47e6-b01a-97690d944064
RS 94.2458+,35.7847336,35.6006246,Akkadian,Logosyllabic,South Center,7a2c767c-7452-4559-9729-255247e23cca
RS 94.2459,35.7847336,35.6006246,Ugaritic,Alphabetic,South Center,e86692df-e5b6-4409-a825-67cb1cb610d2
RS 94.2460,35.7847336,35.6006246,Ugaritic,Alphabetic,South Center,1bdce8f9-e00d-4022-a149-d03b3be69b67
RS 94.2461,35.7847336,35.6006246,unknown,unknown,South Center,4107ef5c-8097-4c41-8053-2b832884d22e
RS 94.2462,35.7847336,35.6006246,Akkadian,Logosyllabic,South Center,7f6edc5c-3e98-4882-9b24-9fac112b6225
RS 94.2463,35.7847336,35.6006246,Ugaritic,Alphabetic,South Center,98827e9a-997e-420d-a50a-fd8b36ef770a
RS 94.2464,35.7847336,35.6006246,Akkadian,Logosyllabic,South Center,329c4843-4729-4c53-9830-efa0325d940a
RS 94.2465+,35.7847336,35.6006246,Akkadian,Logosyllabic,South Center,aa11e279-c6d0-40e9-926a-1b24a48ea2bb
RS 94.2466,35.7847336,35.6006246,Akkadian,Logosyllabic,South Center,c3b1490c-f50a-40e1-b120-4eda438cfd7a
RS 94.2467,35.7847336,35.6006246,unknown,unknown,South Center,4b45b299-334b-4530-916f-751298858352
RS 94.2468+,35.7847336,35.6006246,Akkadian,Logosyllabic,South Center,6a5f3d9b-36ba-420d-9bcc-f758903f1e6b
RS 94.2469,35.7847336,35.6006246,unknown,unknown,South Center,36db4118-c16f-4999-948c-0e1fd4a79a6f
RS 94.2470,35.7847336,35.6006246,Ugaritic,Alphabetic,South Center,3be7575c-2d6c-4194-9708-d2b77b1fb84b
RS 94.2471+,35.7847336,35.6006246,Akkadian,Logosyllabic,South Center,e476bffc-68cb-4cd3-9ecd-32dff3f95925
RS 94.2472,35.7847336,35.6006246,Ugaritic,Alphabetic,South Center,4f4866fc-785e-4bbf-8b81-1dea2b2f538e
RS 94.2473,35.7847336,35.6006246,Akkadian,Logosyllabic,South Center,36bf373d-f9dc-4b42-b636-ed6e72f814fa
RS 94.2474,35.7847336,35.6006246,Akkadian,Logosyllabic,South Center,d2ea36bf-4d99-404d-bbcb-51f5385cbff3
RS 94.2475,35.7847336,35.6006246,Akkadian,Logosyllabic,South Center,3c1acd2a-d831-4976-8a74-4c1a97402430
RS 94.2476,35.7847336,35.6006246,Akkadian,Logosyllabic,South Center,b9bc532c-e83b-46e0-a510-3bbcf7b6e4aa
RS 94.2477+,35.7847336,35.6006246,Akkadian,Logosyllabic,South Center,44315c15-3f62-4522-9223-eb75cb67b8e3
RS 94.2478,35.7847336,35.6006246,Akkadian,Logosyllabic,South Center,7fb1968e-2516-45d0-8902-83c9d6face6c
RS 94.2479,35.7847336,35.6006246,Ugaritic,Alphabetic,South Center,99b0ede0-24cd-4049-8c32-ae3450ae8e90
RS 94.2480+,35.7847336,35.6006246,Akkadian,Logosyllabic,South Center,f407a578-d540-4e00-b1a5-a7311c30049b
RS 94.2481+,35.7847336,35.6006246,Akkadian,Logosyllabic,South Center,0159dd33-5099-4c36-b3ea-db619fd8d5ad
RS 94.2482,35.7847336,35.6006246,Akkadian,Logosyllabic,South Center,7803ae83-7de7-4f78-9a90-0528f363335e
RS 94.2483,35.7847336,35.6006246,Akkadian,Logosyllabic,South Center,080d1e62-66fd-4708-8184-1c0d247fee10
RS 94.2484,35.7847336,35.6006246,Akkadian,Logosyllabic,South Center,0aa42b81-dd8a-4a00-aaed-281be058d919
RS 94.2485,35.7847336,35.6006246,Akkadian,Logosyllabic,South Center,88b4c740-7d19-4f64-9b9d-95ac2935257e
RS 94.2486,35.7847336,35.6006246,Akkadian,Logosyllabic,South Center,aaa9b5c0-3c14-4f0e-bc66-d2ea3c14dee5
RS 94.2487+,35.7847336,35.6006246,Akkadian,Logosyllabic,South Center,4abaf226-8051-4c88-a66e-4ecd258e2425
RS 94.2488+,35.7847336,35.6006246,Ugaritic,Alphabetic,South Center,ad48321c-61e7-463f-858e-6dc45bd0dc6b
RS 94.2489,35.7847336,35.6006246,Akkadian,Logosyllabic,South Center,ff1dbd39-a9a1-4f53-8567-4145790313d7
RS 94.2490,35.7847336,35.6006246,Akkadian,Logosyllabic,South Center,8282991d-a5a3-4d14-8e24-4b45a0d875db
RS 94.2491,35.7847336,35.6006246,unknown,unknown,South Center,c25b15d0-aa9e-4277-a906-bfed0faf909a
RS 94.2492,35.7847336,35.6006246,Akkadian,Logosyllabic,South Center,bfb0db01-b323-413c-947e-b987b076b6c7
RS 94.2493,35.7847336,35.6006246,Akkadian,Logosyllabic,South Center,b47f0e1b-be04-47d5-b254-c07f23f57701
RS 94.2494,35.7847336,35.6006246,Akkadian,Logosyllabic,South Center,18b28fcc-76c5-4e8d-9c43-fb3b2607ca53
RS 94.2495,35.7847336,35.6006246,Akkadian,Logosyllabic,South Center,b79e90a9-0451-4b00-9336-8858a8993de5
RS 94.2496,35.7847336,35.6006246,Akkadian,Logosyllabic,South Center,1cd26d73-384d-408a-b6ae-5e92590e3811
RS 94.2497,35.7847336,35.6006246,Akkadian,Logosyllabic,South Center,cf8abbd0-9632-4581-b00b-81e37ca61771
RS 94.2498,35.7847336,35.6006246,Akkadian,Logosyllabic,South Center,a1c2892c-abea-4381-a1b5-857c57d2689f
RS 94.2500,35.7847336,35.6006246,Akkadian,Logosyllabic,South Center,a8ce028e-e459-4e22-b668-c9f070e07bf3
RS 94.2501,35.7847336,35.6006246,Akkadian,Logosyllabic,South Center,751ea8d6-6f00-4a8b-9318-b438b310e8ce
RS 94.2502,35.7847336,35.6006246,unknown,unknown,South Center,25bf8f19-8b7c-4a07-81d8-37a35a8ee73f
RS 94.2503,35.7847336,35.6006246,unknown,unknown,South Center,dad8931f-b741-41ea-a592-48d30e874860
RS 94.2504B,35.7847336,35.6006246,unknown,unknown,South Center,0dd60bc5-d1ad-425d-aab2-a28264926790
RS 94.2504A,35.7847336,35.6006246,unknown,unknown,South Center,91cc4473-eb3c-4679-a534-64fc454434a2
RS 94.2505,35.7847336,35.6006246,Akkadian,Logosyllabic,South Center,5eef2d3a-6b72-49d6-81a3-d7deeb9ae4db
RS 94.2506,35.7847336,35.6006246,Akkadian,Logosyllabic,South Center,0b8e0b5d-4267-4172-b460-955ec2cbd179
RS 94.2507,35.7847336,35.6006246,Akkadian,Logosyllabic,South Center,619439c1-f29d-4130-9764-700f91ee376e
RS 94.2508,35.7847336,35.6006246,unknown,unknown,South Center,184c3573-8ed6-49d0-a613-9f042c181708
RS 94.2509,35.7847336,35.6006246,Akkadian,Logosyllabic,South Center,62e4b511-525f-4c46-a489-c8fe4c09270a
RS 94.2510,35.7847336,35.6006246,Akkadian,Logosyllabic,South Center,43cf3d3f-fd18-43e3-a65d-3bb8cafa2df9
RS 94.2511,35.7847336,35.6006246,Akkadian,Logosyllabic,South Center,6625bbeb-65c5-4b83-853d-cf31c727e584
RS 94.2512,35.7847336,35.6006246,Akkadian,Logosyllabic,South Center,3c44ed90-9b9f-433e-8534-0d8deeb33874
RS 94.2513,35.7847336,35.6006246,Akkadian,Logosyllabic,South Center,85d42b3f-1e1e-4a42-8c7e-d484959b0279
RS 94.2514,35.7847336,35.6006246,unknown,unknown,South Center,c980a642-935b-4ed6-88d1-c33d8844400d
RS 94.2515,35.7847336,35.6006246,Akkadian,Logosyllabic,South Center,62f1c009-9260-4aa1-8fd1-87b47865ecd1
RS 94.2516,35.7847336,35.6006246,unknown,unknown,South Center,687534ff-ea09-4daa-99e1-758aab12f844
RS 94.2517,35.7847336,35.6006246,unknown,unknown,South Center,2cfc99c0-5d18-4729-98c7-0e4dfffd98ce
RS 94.2518,35.7847336,35.6006246,Akkadian,Logosyllabic,South Center,ff3fd92c-fc59-4e70-8b33-2b25d69c1d9f
RS 94.2519,35.7847336,35.6006246,Ugaritic; Akkadian,Alphabetic; Logosyllabic,South Center,8def6c5e-3c48-456d-9694-deb2372fb942
RS 94.2520+,35.7847336,35.6006246,Akkadian,Logosyllabic,South Center,9fa5291b-5b9c-4793-99b3-a49b3f971929
RS 94.2521,35.7847336,35.6006246,Akkadian,Logosyllabic,South Center,5c9fc287-e7f0-497f-a481-8e92c9ac4d6c
RS 94.2522,35.7847336,35.6006246,unknown,unknown,South Center,ba45c853-7f29-4531-a5c7-fd97a465c2ed
RS 94.2523,35.7847336,35.6006246,Akkadian,Logosyllabic,South Center,069104af-5e68-4953-973b-93e6617853e6
RS 94.2524,35.7847336,35.6006246,Akkadian,Logosyllabic,South Center,0dbc8172-2752-408a-b025-2c65bdfbc407
RS 94.2525,35.7847336,35.6006246,Akkadian,Logosyllabic,South Center,af79e7a4-e661-41f1-8b13-54787c4d9f8f
RS 94.2526,35.7847336,35.6006246,unknown,unknown,South Center,03507adb-66b6-4bae-a758-fcd67a434e03
RS 94.2527,35.7847336,35.6006246,Akkadian,Logosyllabic,South Center,d08f3299-9586-4072-82ef-34f8cccbd33d
RS 94.2528,35.7847336,35.6006246,Akkadian,Logosyllabic,South Center,67027b2f-b1a8-4096-9277-1b82fd4ddf74
RS 94.2529,35.7847336,35.6006246,Akkadian,Logosyllabic,South Center,7bf25e76-009d-41f9-96f7-b670a74ecc04
RS 94.2530,35.7847336,35.6006246,Akkadian,Logosyllabic,South Center,6ebb33e6-6991-4bac-8d4a-cfee5770e3fe
RS 94.2531,35.7847336,35.6006246,Akkadian,Logosyllabic,South Center,c202265d-71a8-4c35-9926-f94ef1f95b00
RS 94.2532,35.7847336,35.6006246,unknown,unknown,South Center,22c1c826-1a4d-4364-a1d4-63b22de6f389
RS 94.2533,35.7847336,35.6006246,Akkadian,Logosyllabic,South Center,6a98cc51-c04e-410c-9e80-ffff14c563c4
RS 94.2534,35.7847336,35.6006246,unknown,unknown,South Center,2c157c7b-d0af-4e4a-a420-7acd4541267b
RS 94.2535,35.7847336,35.6006246,unknown,unknown,South Center,7fa6ff37-100f-410d-961d-c5ea0a9b2a09
RS 94.2536,35.7847336,35.6006246,Akkadian,Logosyllabic,South Center,c6b70b2c-5089-48b9-9eb3-8abbd82a7b5e
RS 94.2537,35.7847336,35.6006246,Ugaritic,Alphabetic,South Center,6c2be582-a2ea-4a1f-9f45-8c6aab6e221f
RS 94.2538,35.7847336,35.6006246,Akkadian,Logosyllabic,South Center,af609a20-f9bd-4440-80d6-9c1adbf05f7f
RS 94.2539+,35.7847336,35.6006246,Ugaritic,Alphabetic,South Center,5cdce2a9-ab68-4a78-a5f8-fc050a1a59ac
RS 94.2540,35.7847336,35.6006246,Akkadian,Logosyllabic,South Center,35a0d533-a208-4fd5-82dd-d5e46f794ee4
RS 94.2541,35.7847336,35.6006246,Ugaritic,Alphabetic,South Center,731869bb-83e4-4906-afcf-4e96182bbfc3
RS 94.2542,35.7847336,35.6006246,Akkadian,Logosyllabic,South Center,52db62b8-3599-45af-9a2c-54366d926589
RS 94.2543,35.7847336,35.6006246,unknown,unknown,South Center,68c25055-540f-460e-932b-5890316c8f59
RS 94.2544+,35.7847336,35.6006246,Akkadian,Logosyllabic,South Center,d293e138-40c4-40d0-ba73-dec673f6106a
RS 94.2545+,35.7847336,35.6006246,Ugaritic,Alphabetic,South Center,9077434b-d4ec-4a7a-8ff0-0b8a27a80821
RS 94.2546,35.7847336,35.6006246,Akkadian,Logosyllabic,South Center,edb2dc69-5ef8-41fe-ac95-5b5eba43ebf9
RS 94.2547,35.7847336,35.6006246,unknown,unknown,South Center,17f7a5dd-639b-43fc-85cc-b9d4146ace6e
RS 94.2548,35.7847336,35.6006246,unknown,unknown,South Center,6747bbdc-f623-4748-ab67-f49b81b76d35
RS 94.2549,35.7847336,35.6006246,Akkadian,Logosyllabic,South Center,9a125f18-4339-4784-ba12-2a350db543d7
RS 94.2550,35.7847336,35.6006246,Akkadian,Logosyllabic,South Center,f57d2bbe-de0d-48c4-b177-a6793bd74bae
RS 94.2551B,35.7847336,35.6006246,unknown,unknown,South Center,66d895d9-a527-4f7a-818a-9289d078b460
RS 94.2551A,35.7847336,35.6006246,unknown,unknown,South Center,bd26dde0-d927-49ee-b112-8f62123035ab
RS 94.2552,35.7847336,35.6006246,Akkadian,Logosyllabic,South Center,7597adab-7655-4928-aacc-7cded35e93bf
RS 94.2553,35.7847336,35.6006246,unknown,unknown,South Center,fdb614bc-f347-4db0-be60-b07de67300ca
RS 94.2554,35.7847336,35.6006246,unknown,unknown,South Center,3d8f785e-232d-420e-8dce-67e520b6c414
RS 94.2555+,35.7847336,35.6006246,Akkadian,Logosyllabic,South Center,43e5bcc1-5155-4540-abdb-24fc0ec181c3
RS 94.2556,35.7847336,35.6006246,Akkadian,Logosyllabic,South Center,8431aeb4-fbb2-4818-abb4-b0582e678f5b
RS 94.2557,35.7847336,35.6006246,unknown,unknown,South Center,546fbd6a-a247-4db3-8a69-c7f87cfc49a0
RS 94.2558,35.7847336,35.6006246,Akkadian,Logosyllabic,South Center,80fa89a0-6c43-480e-9d5a-ef88d7f30848
RS 94.2559,35.7847336,35.6006246,Akkadian,Logosyllabic,South Center,6ff74a1e-dce8-42de-86ff-fa212e187f74
RS 94.2560,35.7847336,35.6006246,Ugaritic,Alphabetic,South Center,bda8371a-58fc-4f32-a2cf-b69371979226
RS 94.2561,35.7847336,35.6006246,Akkadian,Logosyllabic,South Center,661ffed6-061b-45d0-8ccf-933f503bc315
RS 94.2562,35.7847336,35.6006246,Akkadian,Logosyllabic,South Center,06b5d9eb-ef30-41e7-b4af-ebbf095d7c05
RS 94.2563,35.7847336,35.6006246,Ugaritic,Alphabetic,South Center,d00d3c11-5ce1-44cb-95d0-772f3ec57d17
RS 94.2564,35.7847336,35.6006246,Akkadian,Logosyllabic,South Center,7b7578b2-d2ec-46d8-b63e-34cac23f5cc8
RS 94.2565,35.7847336,35.6006246,Akkadian,Logosyllabic,South Center,05008b4b-3c9d-47f6-bffb-855513ea0cee
RS 94.2566,35.7847336,35.6006246,Akkadian,Logosyllabic,South Center,6dc80895-8654-47c0-9ce3-574ff248992f
RS 94.2567,35.7847336,35.6006246,unknown,unknown,South Center,fce587af-0f5a-4b6c-b5b2-0af0fa835421
RS 94.2568,35.7847336,35.6006246,unknown,unknown,South Center,97fac638-d0ec-42b1-961d-45383a2622cf
RS 94.2569+,35.7847336,35.6006246,Akkadian,Logosyllabic,South Center,d334e3d4-e2f4-4035-97e6-245c01446699
RS 94.2570,35.7847336,35.6006246,unknown,unknown,South Center,3d43d6c1-23de-45e3-a57e-4eb50ab22c7a
RS 94.2571,35.7847336,35.6006246,Akkadian,Logosyllabic,South Center,b089be53-785d-4d09-a27c-6dd932ba988f
RS 94.2572,35.7847336,35.6006246,Akkadian,Logosyllabic,South Center,4a72bc0e-5083-45ca-952d-f84f2e37692a
RS 94.2573,35.7847336,35.6006246,Akkadian,Logosyllabic,South Center,5e01a4b7-0769-41af-857c-816f1da9e050
RS 94.2574,35.7847336,35.6006246,Akkadian,Logosyllabic,South Center,ff828812-f3ec-466b-ad59-00ba426d2d92
RS 94.2575,35.7847336,35.6006246,unknown,unknown,South Center,03eff902-14d6-4f40-9c6b-f49468d97301
RS 94.2576,35.7847336,35.6006246,unknown,unknown,South Center,56b84c60-93e9-4a66-aa9f-26874f41fde4
RS 94.2577,35.7847336,35.6006246,Ugaritic,Alphabetic,South Center,0b0c7f4e-9325-4e90-a270-c7f61b89cddc
RS 94.2578,35.7847336,35.6006246,Akkadian,Logosyllabic,South Center,43b131f0-3e6b-4bd2-998c-6fa06eb30d20
RS 94.2579,35.7847336,35.6006246,Akkadian,Logosyllabic,South Center,c5a252ee-5011-4dc7-93b6-45b7a823a9a0
RS 94.2580,35.7847336,35.6006246,Ugaritic,Alphabetic,South Center,4b5e524d-cc9b-4529-a395-64628c8d9860
RS 94.2581C,35.7847336,35.6006246,Akkadian,Logosyllabic,South Center,ad98fb52-0ecf-41e6-bc56-8d00ccf7f046
RS 94.2581B,35.7847336,35.6006246,Akkadian,Logosyllabic,South Center,be74852c-e639-4906-a38a-36f9fe78e28f
RS 94.2581D,35.7847336,35.6006246,Akkadian,Logosyllabic,South Center,6b69cf3d-d2bc-4e77-a398-f36297696b17
RS [Varia 1],35.7818307,35.601629,Cypro-Minoan,Syllabic,unknown,2b36c251-7efd-4219-be4a-711277ef2c6a
RS 94.2581A,35.7847336,35.6006246,Akkadian,Logosyllabic,South Center,320f09df-984f-47f2-b98c-3e8437677097
RS 94.2582,35.7847336,35.6006246,Akkadian,Logosyllabic,South Center,4b83100b-9f37-4200-9cba-912c4ed7704e
RS 94.2583,35.7847336,35.6006246,Akkadian,Logosyllabic,South Center,ad7d785d-2fe9-4ca1-afc5-d8fd8dee76ea
RS 94.2584,35.7847336,35.6006246,Akkadian,Logosyllabic,South Center,68ebf320-5e86-46a9-b430-9e3e93183717
RS 94.2585,35.7847336,35.6006246,Akkadian,Logosyllabic,South Center,435c4718-d8ca-40e1-b289-9fc384f47db4
RS 94.2586,35.7847336,35.6006246,unknown,unknown,South Center,475c0733-b1ac-48c5-b1e7-dd2b530422eb
RS 94.2587,35.7847336,35.6006246,Akkadian,Logosyllabic,South Center,daa4c090-18f9-4324-b423-169adb9a7b0e
RS 94.2588,35.7847336,35.6006246,unknown,unknown,South Center,e0776050-6ce7-4e52-ac30-72d1d1d6671e
RS 94.2589,35.7847336,35.6006246,Akkadian,Logosyllabic,South Center,79dc68ab-2b0a-4dfa-9246-7f00e333cb34
RS 94.2590,35.7847336,35.6006246,unknown,unknown,South Center,12105dd0-1ecb-44b1-ad6a-2c337d7a5998
RS 94.2591,35.7847336,35.6006246,Akkadian,Logosyllabic,South Center,944a8cb1-f3be-48ce-8600-dcae13ab34e4
RS 94.2592,35.7847336,35.6006246,Ugaritic,Alphabetic,South Center,ba9afcbe-215c-4f3c-8eb0-02956538d593
RS 94.2593,35.7847336,35.6006246,Akkadian,Logosyllabic,South Center,4eec6875-63de-4300-bcb4-baeb724de80f
RS 94.2594,35.7847336,35.6006246,Akkadian,Logosyllabic,South Center,17023f5d-e9ed-4117-9c05-bde11313b675
RS 94.2595,35.7847336,35.6006246,Akkadian,Logosyllabic,South Center,b8fdbbe8-712f-4bc9-9593-0496c14c42de
RS 94.2596,35.7847336,35.6006246,unknown,unknown,South Center,f4e9e4d3-7929-449b-9d23-7a6fc998ffda
RS 94.2597,35.7847336,35.6006246,Akkadian,Logosyllabic,South Center,f2a90f21-322a-4fa8-b1e5-160865183c37
RS 94.2598,35.7847336,35.6006246,Akkadian,Logosyllabic,South Center,b4bc5c18-8ca3-4874-ac38-a718e51a9692
RS 94.2599,35.7847336,35.6006246,unknown,unknown,South Center,70ce13bb-7585-4ede-8712-3232b295d219
RS 94.2600,35.7847336,35.6006246,Ugaritic,Alphabetic,South Center,3574aacd-4c0b-4def-a095-60eb7d9b511a
RS 94.2601,35.7847336,35.6006246,Akkadian,Logosyllabic,South Center,10aa654e-8538-43f0-bf3c-00d0050442d9
RS 94.2602,35.7847336,35.6006246,Akkadian,Logosyllabic,South Center,28e88077-3707-4899-a1d9-a25019b282dc
RS 94.2603,35.7847336,35.6006246,Ugaritic; Akkadian,Alphabetic; Logosyllabic,South Center,1f81c3ac-bac4-42a9-9935-683792b0e50e
RS 94.2604,35.7847336,35.6006246,Akkadian,Logosyllabic,South Center,fda0d040-23c7-465f-b09c-68a40ea1c9a4
RS 94.2605,35.7847336,35.6006246,Akkadian,Logosyllabic,South Center,73d154bd-2d8d-4063-8137-46dc432bcbe9
RS 94.2606,35.7847336,35.6006246,unknown,unknown,South Center,f8bc4fb6-006f-4143-a2f8-0946ee8ca462
RS 94.2607,35.7847336,35.6006246,Akkadian,Logosyllabic,South Center,f5af8213-663b-4e43-88d9-a924a84e5574
RS 94.2608,35.7847336,35.6006246,Akkadian,Logosyllabic,South Center,175ad7c0-2e36-4cb2-95c0-be3432857405
RS 94.2609,35.7847336,35.6006246,unknown,unknown,South Center,b2c7ad36-5fe1-432d-9626-815cf873f480
RS 94.2610,35.7847336,35.6006246,Akkadian,Logosyllabic,South Center,dd7cedf2-c381-4a1d-ae25-de3a6cf8fdda
RS 94.2611,35.7847336,35.6006246,Akkadian,Logosyllabic,South Center,a4c13469-30c5-4b99-bd64-39a03277d435
RS 94.2612,35.7847336,35.6006246,unknown,unknown,South Center,eaaa7f27-fa1b-4bd2-b902-f8482e83f0f6
RS 94.2613,35.7847336,35.6006246,Akkadian,Logosyllabic,South Center,239edafa-59e1-4a69-95d3-043ab2e44b86
RS 94.2614,35.7847336,35.6006246,Ugaritic; Akkadian,Alphabetic; Logosyllabic,South Center,c956b40d-01cc-4695-b06c-1c81f9e266d4
RS 94.2615,35.7847336,35.6006246,Akkadian,Logosyllabic,South Center,95dd3beb-e0d5-45cd-ab71-ea1af186ac0e
RS 94.2616,35.7847336,35.6006246,unknown,unknown,South Center,ee4ed83c-8b0b-4a5d-87af-0bdd432be0ae
RS 94.2617,35.7847336,35.6006246,Ugaritic; Akkadian,Alphabetic; Logosyllabic,South Center,e1007d09-9c88-4730-a506-5cde976ea947
RS 94.2618,35.7847336,35.6006246,unknown,unknown,South Center,3d7d3317-39ce-43e1-86d7-8ba74dbd5339
RS 94.2619,35.7847336,35.6006246,unknown,unknown,South Center,34521679-a534-4a03-8090-37af3fd19951
RS 94.2620+,35.7847336,35.6006246,Akkadian,Logosyllabic,South Center,ab04ca76-d266-4266-a333-bc0e794be509
RS 94.2621,35.7847336,35.6006246,unknown,unknown,South Center,f9e6596a-31fe-422a-971c-73396c23ecca
RS 94.2622,35.7847336,35.6006246,Akkadian,Logosyllabic,South Center,209b201c-6dfd-44b9-8444-5169d955df02
RS 94.2939,35.7847336,35.6006246,Akkadian; Hurrian; Sumerian,Logosyllabic,South Center,ec1c6e40-46e7-48b0-9cc4-841d9301919d
RS 94.2940,35.7847336,35.6006246,Akkadian,Logosyllabic,South Center,fe425199-bdd6-4e7d-a3ee-da4168756f04
RS 94.2941,35.7847336,35.6006246,Akkadian,Logosyllabic,South Center,d01979d3-76bb-46b8-9a96-82c116c188e8
RS 94.2942,35.7847336,35.6006246,unknown,unknown,South Center,dfab7f0f-7e11-4313-b32c-13926c3120b0
RS 94.2943+,35.7847336,35.6006246,Ugaritic; Akkadian,Alphabetic; Logosyllabic,South Center,ef4f7a26-2831-40bd-87a8-0ddf89952b48
RS 94.2944,35.7847336,35.6006246,unknown,unknown,South Center,b708ab94-f2be-4721-887d-c1b8f7225165
RS 94.2945,35.7847336,35.6006246,Ugaritic,Alphabetic,South Center,3a51da0f-642b-41c0-97bf-2632df6044cf
RS 94.2946,35.7847336,35.6006246,Ugaritic,Alphabetic,South Center,c51b5b32-29be-4ab0-a7dc-9709f91f683c
RS 94.2947,35.7818956,35.6014227,unknown,unknown,Out of Context,de00a9a5-504c-47c0-9691-10770c918f4d
RS 94.2948,35.7847336,35.6006246,Ugaritic,Alphabetic,South Center,c35ffe48-41bc-46f3-8310-cd681ca0b3e2
RS 94.2949,35.7847336,35.6006246,Akkadian,Logosyllabic,South Center,95d1df2a-071e-4b37-82f3-a7456b912218
RS 94.2950,35.7847336,35.6006246,unknown,unknown,South Center,6783fb10-3574-44bf-89fc-fbd5588decf5
RS 94.2951,35.7847336,35.6006246,Akkadian,Logosyllabic,South Center,e37b8341-26b9-4fea-8ad2-e5e6233ed03a
RS 94.2952,35.7847336,35.6006246,unknown,unknown,South Center,14dc7769-d722-4200-9f80-59442cad2539
RS 94.2953,35.7847336,35.6006246,Akkadian,Logosyllabic,South Center,4c6df242-1f30-4c80-adac-bcd6b7f73984
RS 94.2954,35.7847336,35.6006246,unknown,unknown,South Center,5c05e7c0-b115-42f8-af4f-58f513666626
RS 94.2955,35.7818956,35.6014227,unknown,unknown,Out of Context,fc8fae38-a24c-4822-aaa5-9e64ee837b90
RS 94.2956,35.7847336,35.6006246,unknown,unknown,South Center,cb0e2fd8-9826-4475-908a-dbd6431d0781
RS 94.2957,35.7847342,35.6006215,Ugaritic; Akkadian,Alphabetic; Logosyllabic,South Center,810f0331-d909-4fdc-81b4-16e7ff11c4b5
RS 94.2958+,35.7847336,35.6006246,Akkadian,Logosyllabic,South Center,b61d4dea-704e-473d-bc50-8846a5ce4094
RS 94.2959,35.7847336,35.6006246,Akkadian,Logosyllabic,South Center,4ed96a41-0509-48c5-975f-97abb7ad7e1f
RS 94.2960,35.7847336,35.6006246,Ugaritic,Alphabetic,South Center,0418a313-bf37-4018-b219-e58746dae078
RS 94.2961C,35.7847336,35.6006246,Ugaritic,Alphabetic,South Center,ef1cb19d-fc71-4649-a4fe-3b18e1ba96e1
RS 94.2961B,35.7847336,35.6006246,Ugaritic,Alphabetic,South Center,d00363cc-29e7-40eb-9a99-0ffa7672da40
RS 94.2961A,35.7847336,35.6006246,Ugaritic,Alphabetic,South Center,27229334-bed1-4aab-8e78-30db1b5138f7
RS 94.2962,35.7847336,35.6006246,unknown,unknown,South Center,448ded89-471f-4d48-bea6-458260139a4d
RS 94.2963,35.7847336,35.6006246,unknown,unknown,South Center,783821af-1274-437c-8f5d-4e50227ab727
RS 94.2964,35.7847336,35.6006246,Akkadian,Logosyllabic,South Center,c1f41196-5fe9-473b-9821-1fb72245846a
RS 94.2965,35.7847336,35.6006246,Ugaritic,Alphabetic,South Center,a7c74e8c-e627-4a69-b219-a21fdbfded5b
RS 94.2994,35.7847336,35.6006246,unknown,unknown,South Center,030ad542-07fa-417c-8bf2-77a3d0ae0cdc
RS 94.2995,35.7847336,35.6006246,Akkadian,Logosyllabic,South Center,5c8cf00f-a055-4cfd-bdf8-25c8a11eb7ad
RS 94.2996,35.7847336,35.6006246,Akkadian,Logosyllabic,South Center,4ee4a220-d390-41a0-b4b6-9af675c0637d
RS 94.2997,35.7847336,35.6006246,Akkadian,Logosyllabic,South Center,be3c5293-ad7c-4662-8303-33043273d383
RS 94.2998,35.7847336,35.6006246,Akkadian,Logosyllabic,South Center,e3b7091f-2024-4730-8884-c100e729d933
RS 94.2999,35.7847336,35.6006246,Akkadian,Logosyllabic,South Center,9e99625a-e119-4df4-8111-b2e675a9191d
RS 94.5001,35.7847336,35.6006246,unknown,unknown,South Center,5da0fcea-d422-4551-b115-0e77a654a41c
RS 94.5002+,35.7847336,35.6006246,Ugaritic,Alphabetic,South Center,21789a8c-782e-482f-85ce-6c1ba7a04e20
RS 94.5003+,35.7847336,35.6006246,Ugaritic,Alphabetic,South Center,d5acdc52-7696-499b-9f83-2407fec584fd
RS 94.5004,35.7847336,35.6006246,unknown,unknown,South Center,2cc638b8-eb7d-4b5a-9823-1463b54b3170
RS 94.5005,35.7847336,35.6006246,Akkadian,Logosyllabic,South Center,3a7c8cc9-7305-4fa0-a35d-bdac248ad56b
RS 94.5006,35.7847336,35.6006246,unknown,unknown,South Center,1203ee24-cb3a-4cbe-98ee-4a06ab129712
RS 94.5007,35.7847336,35.6006246,unknown,unknown,South Center,ddf4d006-61a5-45c5-9958-cde7797448b3
RS 94.5008,35.7847336,35.6006246,Akkadian,Logosyllabic,South Center,eb5a4a8b-711e-4bf8-8f94-11419ea833e7
RS 94.5009,35.7847336,35.6006246,Ugaritic,Alphabetic,South Center,2f78afbd-a82d-4c2c-b6f1-a62fcc3e20d5
RS 94.5010,35.7847336,35.6006246,Akkadian,Logosyllabic,South Center,9595bb0d-4e11-4bcc-aa7a-187486f746a6
RS 94.5011,35.7847336,35.6006246,unknown,unknown,South Center,a7fefe80-0d4f-4151-a005-b4d93a2e5199
RS 94.5012,35.7847336,35.6006246,Akkadian,Logosyllabic,South Center,ba82a961-3ddb-481b-abd1-8521f4265983
RS 94.5013,35.7847342,35.6006215,Akkadian,Logosyllabic,South Center,3205dc6f-91cc-479d-966a-b992a8285b3e
RS 94.5014,35.7847336,35.6006246,unknown,unknown,South Center,3b7280d7-8c48-4a63-a117-1f309f57b3e2
RS 94.5015,35.7847336,35.6006246,Ugaritic,Alphabetic,South Center,971b2c72-3b89-4034-89b4-e3637b1c7554
RS 94.5016,35.7847336,35.6006246,unknown,unknown,South Center,54e9061c-0d26-4b80-b288-2bd4c98afde8
RS 94.5017,35.7847336,35.6006246,Ugaritic,Alphabetic,South Center,fec4de2d-6d16-4f6d-b0ab-68ffd5165227
RS 94.5018,35.7847336,35.6006246,unknown,unknown,South Center,a4951425-5291-4ce1-a5c7-5c962f1df78d
RS 94.5019,35.7847336,35.6006246,unknown,unknown,South Center,e5353bc0-eb3b-4b18-a0d8-799e80f8e6f1
RS 94.5020,35.7847336,35.6006246,Akkadian,Logosyllabic,South Center,ba711abc-4c44-480b-86b6-8fa9952188e5
RS 94.5021,35.7847336,35.6006246,Akkadian,Logosyllabic,South Center,008c23d1-0c43-4cde-bf8d-62c884c62a23
RS 94.5022,35.7847336,35.6006246,Akkadian,Logosyllabic,South Center,1d46c993-b03a-4a8a-92c7-1ed81b2fa603
RS 94.5023,35.7847336,35.6006246,Akkadian,Logosyllabic,South Center,61f872e8-7846-4fd5-ae62-54d1303a6698
RS 94.5024,35.7847336,35.6006246,Akkadian,Logosyllabic,South Center,71398182-61ed-4c72-96b3-0de14d47dea6
RS 94.5025,35.7847336,35.6006246,Akkadian,Logosyllabic,South Center,8aebf358-c228-4f21-9ead-18b5550d964e
RS 94.5026B,35.7847336,35.6006246,Akkadian,Logosyllabic,South Center,1949276a-ab47-409a-8faa-1a5293ddf559
RS 94.5026A+,35.7847336,35.6006246,Akkadian,Logosyllabic,South Center,9c216318-1f61-45d7-abe1-3b48fe5455ef
RS 94.5027,35.7847336,35.6006246,unknown,unknown,South Center,5533a567-5558-448c-b7e3-ace255a7607c
RS 94.5028+,35.7847336,35.6006246,unknown,unknown,South Center,678fa2f1-cf37-4184-bcea-f2bd88fccdb4
RS 94.5029,35.7847336,35.6006246,unknown,unknown,South Center,453e834c-89a0-4611-9fc8-087a4fc99071
RS 94.5030,35.7847336,35.6006246,unknown,unknown,South Center,ed7919c2-5320-4465-a75e-21b79ac9c748
RS 94.5031,35.7847336,35.6006246,unknown,unknown,South Center,b9da64be-04db-4623-b7a5-0b5db508fdc8
RS 94.9521,35.7847336,35.6006246,unknown,unknown,South Center,48d38f00-4356-4e83-9698-eb80af36db26
RS 96.2018,35.7847336,35.6006246,unknown,unknown,South Center,4f8b027e-be50-4da1-93c3-b432c49c6eff
RS 96.2019,35.7847336,35.6006246,unknown,unknown,South Center,a554381a-fe86-4c00-9980-a101de771bb8
RS 96.2020,35.7847336,35.6006246,unknown,unknown,South Center,e1d83df0-7e3a-4b0a-8da1-9958b0396012
RS 96.2021,35.7847336,35.6006246,Ugaritic,Alphabetic,South Center,3a60502c-d22d-46db-96c5-639061ba57b6
RS 96.2022,35.7847336,35.6006246,unknown,unknown,South Center,a99acef4-acd0-4572-8b31-b752021b382b
RS 96.2023,35.7847336,35.6006246,unknown,unknown,South Center,52167cf7-f719-42aa-ae21-2c9d3b5619c9
RS 96.2024+,35.7847336,35.6006246,Akkadian,Logosyllabic,South Center,18f35b34-5811-497b-8ae2-4bbd2ad58cc5
RS 96.2025,35.7847336,35.6006246,unknown,unknown,South Center,437ae771-d59a-4431-9a9e-d0851de62cf4
RS 96.2026B,35.7847336,35.6006246,unknown,unknown,South Center,b08c8bf0-adb3-47d1-89f4-58cba8f78570
RS 96.2026A,35.7847336,35.6006246,Akkadian,Logosyllabic,South Center,c469e91b-d897-42eb-bb78-f9291a5939f1
RS 96.2027,35.7847336,35.6006246,Akkadian,Logosyllabic,South Center,3032cde8-170b-448c-817a-7607ff92db7f
RS 96.2028,35.7847336,35.6006246,Akkadian,Logosyllabic,South Center,9db2db8f-cf9e-4b6d-88fb-0d44695cfa65
RS 96.2029,35.7847336,35.6006246,Akkadian,Logosyllabic,South Center,84b3ed67-2626-4b1e-8597-4e78d1eb72d6
RS 96.2030,35.7847336,35.6006246,Akkadian,Logosyllabic,South Center,f27173f7-8c31-4c72-9d7d-518b4a52f6cb
RS 96.2031,35.7847336,35.6006246,Akkadian,Logosyllabic,South Center,70e90620-4059-4700-af6a-56ec73ddaf4e
RS 96.2032B,35.7847336,35.6006246,Akkadian,Logosyllabic,South Center,287bf28e-c156-4e95-ac22-d37bca056156
RS 96.2032A,35.7847336,35.6006246,Akkadian,Logosyllabic,South Center,8bf41476-d91a-416a-b0df-17121dd829ae
RS 96.2033,35.7847336,35.6006246,unknown,unknown,South Center,4cdc49d0-f7d9-4cb1-974f-c9aca09c3650
RS 96.2039,35.7847336,35.6006246,Ugaritic,Alphabetic,South Center,5b9a1ffc-84ee-4643-b4a6-b981bd7f03ba
RS 96.2040,35.7847336,35.6006246,Akkadian,Logosyllabic,South Center,a8b5779d-a7b1-43c9-b05b-1aa1f8d6072b
RS 96.2041,35.7847336,35.6006246,unknown,unknown,South Center,0fd3846f-1afb-45e7-ba75-b3093eb88dde
RS 96.2042,35.7847336,35.6006246,Ugaritic; Akkadian,Alphabetic; Logosyllabic,South Center,6975e471-9000-4f20-9b0e-dd388d3268d5
RS 96.2043,35.7847336,35.6006246,Akkadian,Logosyllabic,South Center,42a4c2b0-30a9-46c9-8b2e-68d857d56e04
RS 96.2044,35.7847336,35.6006246,Akkadian,Logosyllabic,South Center,79f57ce6-6ccf-4682-8cb4-1875b1d798b8
RS 96.2045,35.7847336,35.6006246,Akkadian,Logosyllabic,South Center,67f96eee-2853-47bf-bbdf-93d447e364a7
RS 96.2046,35.7847336,35.6006246,Akkadian,Logosyllabic,South Center,cf728a59-e20e-47c2-835f-de58e6e027a3
RS 96.2047,35.7847336,35.6006246,Akkadian,Logosyllabic,South Center,ba7baff3-2ed7-4cfb-95ac-fc9effbd2c3d
RS 96.2048,35.7847336,35.6006246,Akkadian,Logosyllabic,South Center,080d94c2-d6ea-4d81-91d3-4151c335ccb5
RS 96.2049B,35.7847336,35.6006246,Akkadian,Logosyllabic,South Center,085463a5-9a77-45d2-b5fd-22e26e972e7e
RS 96.2049A,35.7847336,35.6006246,Akkadian,Logosyllabic,South Center,42520df4-621d-49dc-8354-30cc1bb1fc48
RS 96.2050,35.7847336,35.6006246,Akkadian,Logosyllabic,South Center,94ad3997-9cda-43a4-8e76-1b129fe6d4ca
RS 96.2051,35.7847336,35.6006246,unknown,unknown,South Center,9ddacf10-0b68-40c4-a557-ece4f574f962
RS 96.2088,35.7847336,35.6006246,Akkadian,Logosyllabic,South Center,ded4735e-0734-45ea-a033-cefbed0f71c1
RS 96.2089,35.7847336,35.6006246,Akkadian,Logosyllabic,South Center,14c969a6-e042-4a74-bcf8-b9e5300ff56e
RS 96.2090,35.7847336,35.6006246,Ugaritic,Alphabetic,South Center,7ab81d63-c02b-4cf5-9512-52c95da7f75d
RS 96.2091B,35.7847336,35.6006246,unknown,unknown,South Center,867d700d-2fb3-43bf-a9b7-267c7d2d76bc
RS 96.2091A,35.7847336,35.6006246,Akkadian,Logosyllabic,South Center,ea2779bd-b424-4ec8-bc59-ade99c9fe84c
RS 96.2092,35.7847336,35.6006246,unknown,unknown,South Center,3b57eded-63e2-441c-b64b-9f0d3e3e4404
RS 96.2131B,35.7847336,35.6006246,unknown,unknown,South Center,b165b10d-1331-4b9f-823f-bdfc2bce2314
RS 96.2131A,35.7847336,35.6006246,Akkadian,Logosyllabic,South Center,14eb52f0-5b66-406d-ab95-68d4057c6ee9
RS 96.2157,35.7847336,35.6006246,Akkadian,Logosyllabic,South Center,b93bd8df-d891-4e55-8c28-9346665a3fbf
RS 96.2158,35.7847336,35.6006246,Akkadian,Logosyllabic,South Center,fac20453-9aac-44eb-81d0-ae4e26d5e920
RS 96.2159,35.7847336,35.6006246,Akkadian,Logosyllabic,South Center,b7161087-2abd-4af1-b563-2a84b08b63ae
RS 96.2160,35.7847336,35.6006246,Ugaritic,Alphabetic,South Center,09e594a9-cb45-4f5c-817c-105b07c9f93f
RS 96.2321,35.7847336,35.6006246,Akkadian,Logosyllabic,South Center,2bdd22be-0aa5-4edf-b3e8-79a7384239f6
RS 96.2322,35.7847336,35.6006246,Akkadian,Logosyllabic,South Center,810ec5f1-b7af-4d30-9c82-ced85dca3c17
RS 96.2323,35.7847336,35.6006246,Akkadian,Logosyllabic,South Center,6ef85bdb-ce7e-4636-8e4d-ec13082ceb00
RS 96.2324,35.7847336,35.6006246,unknown,unknown,South Center,b0f4bddb-db87-449a-8fae-6617b4444f1d
RS 96.2325,35.7847336,35.6006246,Akkadian,Logosyllabic,South Center,fe77b7e4-45c1-475a-a44c-d5d8be2f7e59
RS 96.2326,35.7847336,35.6006246,Akkadian,Logosyllabic,South Center,032c0528-a4e9-42b7-8930-f865187a3fa3
RS 96.2327,35.7847336,35.6006246,Akkadian,Logosyllabic,South Center,2a373a8f-051c-4a85-894d-c37718cf0740
RS 96.2376,35.7847336,35.6006246,Akkadian,Logosyllabic,South Center,6803a853-e121-4f0a-8583-3faed0ee598d
RS 96.2377,35.7847336,35.6006246,Akkadian,Logosyllabic,South Center,2e6a09ea-5aeb-4a3d-8816-c34ae8a4dc13
RS 96.2529,35.7847336,35.6006246,Akkadian,Logosyllabic,South Center,c142b838-62b4-44ae-9ce9-d2fa1d5b2ad9
RS 96.2530,35.7847336,35.6006246,Akkadian,Logosyllabic,South Center,d446323c-99a6-446d-835e-4687fa4474e5
RS 96.2531,35.7847336,35.6006246,Ugaritic,Alphabetic,South Center,bd9583bd-4235-4d8c-88b4-abcf13ac61da
RS 96.2532,35.7847336,35.6006246,Akkadian,Logosyllabic,South Center,e03ff168-6b6d-4ada-81d0-fb646d83abaa
RS 96.2533,35.7847336,35.6006246,Egyptian,Hieroglyphic,South Center,c27782d3-b7ff-41fc-b89a-81a289fb5ca8
RS 96.2572,35.7847336,35.6006246,Akkadian,Logosyllabic,South Center,32e98178-f5cb-4e05-8abb-8b46b0bd69a0
RS 96.2788,35.7847336,35.6006246,Akkadian,Logosyllabic,South Center,29fc51cc-e874-4f5b-86c5-079420ed08c4
RS 96.2789,35.7847336,35.6006246,Akkadian,Logosyllabic,South Center,a3bb5a35-bdca-4592-bfaf-f976363ab01d
RS 96.2790,35.7847336,35.6006246,Akkadian,Logosyllabic,South Center,19b71c18-0e9c-4992-ab95-ec1d5ba52531
RS 99.1052,35.7847336,35.6006246,Ugaritic,Alphabetic,South Center,0ac64ed2-91a1-466c-bada-b9616737752a
RS 99.1053,35.7847336,35.6006246,Akkadian,Logosyllabic,South Center,6443fa77-8b26-4488-bd53-54bd3aee41c7
RS 99.1054,35.7847336,35.6006246,Akkadian,Logosyllabic,South Center,8fc0c340-a5a2-44c7-9498-c560d2fd6f8b
RS 99.1072,35.7847336,35.6006246,Ugaritic,Alphabetic,South Center,8645006b-95c6-4ac1-b32a-67187b7f32c4
RS 99.2001,35.7847336,35.6006246,Akkadian,Logosyllabic,South Center,8bab3939-7366-49fe-b15e-42bff369d433
RS 99.2002,35.7847336,35.6006246,Akkadian,Logosyllabic,South Center,45501c1f-1986-4518-9bd5-5e57aa9a9928
RS 99.2003,35.7847336,35.6006246,Akkadian,Logosyllabic,South Center,f4f19c17-f794-4f2e-8b7e-b833cfd57176
RS 99.2008,35.7847336,35.6006246,Akkadian,Logosyllabic,South Center,3a9340e2-f86d-4b66-bafa-9a7855874904
RS 99.2010,35.7847336,35.6006246,Akkadian,Logosyllabic,South Center,42992e50-d0ed-4722-a48d-8d5b6df5b079
RS 99.2011,35.7847336,35.6006246,Ugaritic,Alphabetic,South Center,9d2a17e3-3aea-4a62-ae02-f1a4612eedeb
RS 99.2012,35.7847336,35.6006246,unknown,unknown,South Center,88be41f9-e185-4291-b45d-67b858d34743
RS 99.2013,35.7847336,35.6006246,Akkadian,Logosyllabic,South Center,41e6bacd-eb36-4158-863a-6d00196f77cb
RS 99.2014,35.7847336,35.6006246,Cypro-Minoan,Syllabic,South Center,f62a852e-80a6-4498-a863-0f4d89732e4f
RS 99.2015,35.7847336,35.6006246,unknown,unknown,South Center,cdfc0017-601e-4706-b865-cb1ca4683621
RS 99.2016,35.7847336,35.6006246,Ugaritic,Alphabetic,South Center,dc6524d6-5133-47e7-83f8-d6a4de4ac547
RS 99.2017,35.7847336,35.6006246,unknown,unknown,South Center,a49d96bb-fc1c-4b57-9202-abb1cb1a4093
RS 99.2018,35.7847336,35.6006246,unknown,unknown,South Center,9fb0e07e-615c-4eaa-aa28-0d16627b7858
RS 99.2019,35.7847336,35.6006246,Akkadian,Logosyllabic,South Center,3a296978-5657-4360-8f80-0a997ffec3b5
RS 99.2064,35.7847336,35.6006246,Akkadian,Logosyllabic,South Center,84c367c0-dfc9-4748-903b-f81f04f14097
RS 99.2065,35.7847336,35.6006246,Akkadian,Logosyllabic,South Center,37979bc6-24f8-4b16-8815-477ade796079
RS 99.2066,35.7847336,35.6006246,Akkadian,Logosyllabic,South Center,61a1bed0-b4c9-44ba-9b02-ba02890d3ef0
RS 99.2067,35.7847336,35.6006246,Akkadian,Logosyllabic,South Center,56d4a200-fc3b-4ae0-867e-589d05324e80
RS 99.2083,35.7847336,35.6006246,Akkadian,Logosyllabic,South Center,1f1317b4-442f-4374-a8c2-80b3802843c7
RS 99.2114,35.7847336,35.6006246,unknown,unknown,South Center,7c39079d-6375-4a31-b8c2-d164ee5a56b4
RS 1-11.[001],35.7818307,35.601629,Akkadian,Logosyllabic,unknown,1a50d6c4-93a8-4dd7-8fce-36a60f1a64bf
RS 1-11.[002],35.7818307,35.601629,Akkadian,Logosyllabic,unknown,9721681b-f03f-4857-8eb6-de8a7ded1314
RS 1-11.[003],35.7818307,35.601629,Akkadian,Logosyllabic,unknown,ab3e0914-7967-42da-8533-035ca1d000e1
RS 1-11.[004],35.7818307,35.601629,Akkadian,Logosyllabic,unknown,0cd115d3-cf2b-4dbe-ac1d-d44440cee7ac
RS 1-11.[005],35.7818307,35.601629,Akkadian,Logosyllabic,unknown,9501919e-dae5-4b75-83b8-aecff5ac07a2
RS 1-11.[006],35.7818307,35.601629,Akkadian,Logosyllabic,unknown,2d46ab73-592e-4f55-986a-2b188df0c01c
RS 1-11.[007],35.7818307,35.601629,Akkadian,Logosyllabic,unknown,a4b33c2d-d91b-42c2-98a9-6e1d451cf8a1
RS 1-11.[008],35.7818307,35.601629,Akkadian,Logosyllabic,unknown,e9b52fb2-34c7-4d1e-b5e0-c4662970e280
RS 1-11.[009],35.7818307,35.601629,Ugaritic,Alphabetic,unknown,d2a5023c-3089-4ef8-ab27-f3ab7177b4e7
RS 1-11.[010],35.7818307,35.601629,Ugaritic,Alphabetic,unknown,fff7245e-fc2f-4495-884b-50b2709e7c49
RS 1-11.[011],35.7818307,35.601629,Ugaritic,Alphabetic,unknown,49f3ea27-c7f4-4c11-b004-45150eb60349
RS 1-11.[012],35.7818307,35.601629,Ugaritic,Alphabetic,unknown,1bb9079e-785e-43e2-800b-ad7e22fcaa72
RS 1-11.[013],35.7818307,35.601629,Ugaritic,Alphabetic,unknown,4e8ce48c-ae64-4a6f-b288-d9fd20bd5b6d
RS 1-11.[014],35.7818307,35.601629,Ugaritic,Alphabetic,unknown,d92894e2-b15a-4ab1-8f8f-521efa37e83b
RS 1-11.[015],35.7818307,35.601629,Ugaritic,Alphabetic,unknown,1a8bc0fb-9fa3-4500-bab1-6b1ecbc2c220
RS 1-11.[016],35.7818307,35.601629,Ugaritic,Alphabetic,unknown,ab314197-d3e3-407a-930c-09e3dc0f2067
RS 1-11.[017],35.7818307,35.601629,Ugaritic,Alphabetic,unknown,ea3d627a-c9d7-4db9-8a83-c71f0c4bfd7f
RS 1-11.[018],35.7818307,35.601629,Ugaritic,Alphabetic,unknown,e4059a64-778f-4464-900a-6e71e7c12234
RS 1-11.[019],35.7818307,35.601629,Ugaritic,Alphabetic,unknown,454d62c6-3694-42fc-a783-5afdb8e52372
RS 1-11.[020],35.7818307,35.601629,Ugaritic,Alphabetic,unknown,b5747249-029a-49e7-b755-6af0694bb37c
RS 1-11.[021],35.7818307,35.601629,Ugaritic,Alphabetic,unknown,0defd75f-d39c-41c8-9667-10387e2abb13
RS 1-11.[022],35.7818307,35.601629,Ugaritic,Alphabetic,unknown,c99916e6-6018-43b2-af1e-8b703a680802
RS 1-11.[023],35.7818307,35.601629,Ugaritic,Alphabetic,unknown,c4b970c5-9280-49d0-a168-ca7bca0c4a53
RS 1-11.[024],35.7818307,35.601629,Akkadian,Logosyllabic,unknown,99af9e99-5a01-4675-9196-dbf5d1427ac4
RS 1-11.[025],35.7818307,35.601629,Ugaritic,Alphabetic,unknown,57299123-40ef-4061-a412-016d91f7ca81
RS 1-11.[026],35.7818307,35.601629,Akkadian,Logosyllabic,unknown,77436682-26e8-49e3-ba3c-cb97933abff0
RS 1-11.[027],35.7818307,35.601629,Ugaritic,Alphabetic,unknown,06649084-0946-422f-8e24-a891ee72abb3
RS 1-11.[028],35.7818307,35.601629,Akkadian,Logosyllabic,unknown,09be7e91-b9d5-4527-8ed5-0c66dcc086e4
RS 1-11.[029],35.7818307,35.601629,Akkadian,Logosyllabic,unknown,c80339cf-4b89-482c-8e8e-a2ee3256b112
RS 1-11.[030],35.7818307,35.601629,Akkadian,Logosyllabic,unknown,24e5b154-85a3-4bfa-aa62-62c80f74df2d
RS 1-11.[031],35.7818307,35.601629,Akkadian,Logosyllabic,unknown,350715a5-f26e-4801-b206-fbd77471d90b
RS 1-11.[032],35.7818307,35.601629,Akkadian,Logosyllabic,unknown,0563ca0e-2095-4721-9606-98dbb0b1c0e3
RS 1-11.[033],35.7818307,35.601629,Akkadian,Logosyllabic,unknown,2477b262-5624-44c0-9a31-7b280e650c96
RS 1-11.[034],35.7818307,35.601629,Akkadian,Logosyllabic,unknown,0e53535a-e04a-467f-ac0e-0098207fa08b
RS 1-11.[035],35.7818307,35.601629,Akkadian,Logosyllabic,unknown,a5572675-2f80-4197-957d-fb738467a9b1
RS 1-11.[036],35.7818307,35.601629,Akkadian,Logosyllabic,unknown,1e10ccbc-ac3e-4ce1-b176-9904ebb577aa
RS 1-11.[037],35.7818307,35.601629,Akkadian,Logosyllabic,unknown,7fb665da-447d-4513-ba18-f3057d7d56b8
RS 1-11.[038],35.7818307,35.601629,Akkadian,Logosyllabic,unknown,b3a3ddad-6961-443d-822a-29d910f74e16
RS 1-11.[039],35.7818307,35.601629,unknown,unknown,unknown,47566bf8-0012-4c4c-a38b-8a55e9152616
RS 1-11.[040],35.7818307,35.601629,unknown,unknown,unknown,5764d2ff-50b0-4aa5-a8b0-e87336805dda
RS 1-11.[041],35.7818307,35.601629,unknown,unknown,unknown,e081ab6b-1aac-4c7b-b472-f6fd4c2fc735
RS 1-11.[042],35.7818307,35.601629,unknown,unknown,unknown,bc89a4ff-5839-4f89-a029-71d3efb9c3c6
RS 1-11.[043],35.7818307,35.601629,unknown,unknown,unknown,d67b9c7e-a744-48e9-a456-2f06db56216b
RS 1-11.[044],35.7818307,35.601629,unknown,unknown,unknown,96be4795-f5df-4027-9a2c-50a531db3a6b
RS 1-11.[045],35.7818307,35.601629,unknown,unknown,unknown,47e5eb3d-e88c-4d82-bcc1-c2399aec0b7f
RS 1-11.[046],35.7818307,35.601629,Hurrian,Alphabetic,unknown,656ee220-8e66-4eeb-b301-caf189952713
RS 1-11.[047],35.7818307,35.601629,Ugaritic,Alphabetic,unknown,46167607-6d28-4158-81ca-54032319674e
RS 1-11.[048],35.7818307,35.601629,Hurrian,Alphabetic,unknown,df23c7af-046a-400d-8613-8be4a2aea348
RS 1-11.[049],35.7818307,35.601629,unknown,unknown,unknown,21304e54-c9ca-42d1-9d0e-531a22806539
RS 1-11.[050],35.7818307,35.601629,Ugaritic,Alphabetic,unknown,c4ff5ab4-ac4c-40f9-824c-93fcc344ab72
RS 1-11.[051],35.7818307,35.601629,Hurrian,Alphabetic,unknown,2fbd3793-e9e8-41b4-8308-931799950237
RS 1-11.[052],35.7818307,35.601629,Ugaritic,Alphabetic,unknown,43707cf4-257a-4c23-94e8-4f9a544783b8
RS 1-11.[053],35.7818307,35.601629,Ugaritic,Alphabetic,unknown,267b38b5-89bd-4abb-a206-ab3b870d57c8
RS 1-11.[054],35.7818307,35.601629,Ugaritic,Alphabetic,unknown,aaa968d8-1d6d-48ed-afe2-35dc6b64f6ab
RS 1-11.[055],35.7818307,35.601629,Ugaritic,Alphabetic,unknown,f06c7839-64ee-4a48-a94b-ac8d8f96d211
RS 1-11.[056],35.7818307,35.601629,Ugaritic,Alphabetic,unknown,19db8b88-5b40-4182-8a16-067e05d5cda2
RS 1-11.[057],35.7818307,35.601629,Ugaritic,Alphabetic,unknown,0b16d049-3c4a-46a1-a3cd-607c81851bcc
RS 1-11.[058],35.7818307,35.601629,Ugaritic,Alphabetic,unknown,3d3b4e78-b465-4cbe-8282-4984695f8764
RS 1-11.[059],35.7818307,35.601629,Ugaritic,Alphabetic,unknown,c2096036-cef6-486b-9af0-8779c839817c
RS 1-11.[060],35.7818307,35.601629,Ugaritic,Alphabetic,unknown,5bba539a-658a-432d-93ed-7331dc2b6f38
RS 1-11.[061],35.7818307,35.601629,Ugaritic,Alphabetic,unknown,a7cc704a-bf9e-49c2-9155-5246bf6b742e
RS 1-11.[062],35.7818307,35.601629,Ugaritic,Alphabetic,unknown,0ed09e56-7adf-4f60-8d4f-8e06d874a86b
RS 1-11.[063],35.7818307,35.601629,Ugaritic,Alphabetic,unknown,770b570b-40cd-44ff-9ca6-d80e499d8298
RS 1-11.[064],35.7818307,35.601629,Ugaritic,Alphabetic,unknown,9d525fc4-b1d4-4404-846b-ba66aa935949
RS 1-11.[065],35.7818307,35.601629,Ugaritic,Alphabetic,unknown,e0c7738d-4107-4db1-b771-04104dbca25f
RS 1-11.[066],35.7818307,35.601629,Ugaritic,Alphabetic,unknown,32f4a559-30f0-43be-abb7-4f2777e14f36
RS 1-11.[067],35.7818307,35.601629,Ugaritic,Alphabetic,unknown,40c104fe-ee6d-47e5-a36c-7686e7b021aa
RS 1-11.[068],35.7818307,35.601629,Ugaritic,Alphabetic,unknown,266919fd-59db-4f0b-925c-8d4c0b75cd93
RS 1-11.[069],35.7818307,35.601629,Ugaritic,Alphabetic,unknown,b25ee096-649d-4713-a2c6-8124e102acfc
RS 1-11.[070],35.7818307,35.601629,Ugaritic,Alphabetic,unknown,624ed16a-72bb-4ff9-bea0-cf5c10131647
RS 1-11.[071],35.7818307,35.601629,Ugaritic,Alphabetic,unknown,3d669ee1-568a-46e6-b699-8eb455234e06
RS 1-11.[072],35.7818307,35.601629,Ugaritic,Alphabetic,unknown,3f50505a-0312-475d-a8f7-bf0e490de95f
RS 1-11.[073],35.7818307,35.601629,Ugaritic,Alphabetic,unknown,c5121400-05f8-4e3e-bc0a-3f36703d0485
RS 1-11.[074],35.7818307,35.601629,Ugaritic,Alphabetic,unknown,13894716-e3a5-4690-b8e2-3ac60c025e5d
RS 1-11.[075],35.7818307,35.601629,Ugaritic,Alphabetic,unknown,fed1d228-bab0-4cfc-bdd0-7d3c46269b4e
RS 1-11.[076],35.7818307,35.601629,Ugaritic,Alphabetic,unknown,0717a100-aecf-4ad7-aa28-226162965b6f
RS 1-11.[077],35.7818307,35.601629,Ugaritic,Alphabetic,unknown,0724b4bc-e46a-4dd4-b22e-56c44a785603
RS 1-11.[078],35.7818307,35.601629,Ugaritic,Alphabetic,unknown,e7f47e33-105f-4376-9f46-7821d3f92bd2
RS 1-11.[079],35.7818307,35.601629,Ugaritic,Alphabetic,unknown,0f4f7b87-31e1-4183-950a-19357bb98fee
RS 1-11.[080],35.7818307,35.601629,Ugaritic,Alphabetic,unknown,17364a31-bc34-479c-8eb1-8fd1a1179895
RS 1-11.[081],35.7818307,35.601629,Akkadian,Logosyllabic,unknown,6b432007-070b-4804-898c-bea9ba6bbd33
RS 1-11.[082],35.7818307,35.601629,Ugaritic,Alphabetic,unknown,721aa585-b0ca-401e-a5b6-e31737d7be38
RS 1-11.[083],35.7818307,35.601629,Ugaritic,Alphabetic,unknown,53a49e06-775b-43e4-8aed-6cb323e92459
RS 1-11.[084],35.7818307,35.601629,Ugaritic,Alphabetic,unknown,60db028d-3d82-410a-ade5-6a46164e6368
RS 1-11.[085],35.7818307,35.601629,Ugaritic,Alphabetic,unknown,e4e07d13-c857-4365-a008-2fab2f52217f
RS 1-11.[086],35.7818307,35.601629,Ugaritic,Alphabetic,unknown,7f6920b2-a3a0-4d5d-b5f0-1ad4c913db88
RS 1-11.[087],35.7818307,35.601629,Ugaritic,Alphabetic,unknown,7413edc5-ece1-402a-8bf0-891b23dd28b1
RS 1-11.[088],35.7818307,35.601629,Ugaritic,Alphabetic,unknown,c9cf5487-aa35-4d9e-8797-34b995038d44
RS 1-11.[089],35.7818307,35.601629,Ugaritic,Alphabetic,unknown,5a202c43-5e10-4002-9e73-dc4d74ec8d30
RS 1-11.[090],35.7818307,35.601629,Ugaritic,Alphabetic,unknown,2117a56e-86aa-4007-8504-fbd357f2f060
RS 1-11.[091],35.7818307,35.601629,Ugaritic,Alphabetic,unknown,240ab809-48cd-4100-9b50-02a53196f3e2
RS 1-11.[092],35.7818307,35.601629,Ugaritic,Alphabetic,unknown,61c2eabd-9df2-4a7e-95f6-5149a6398312
RS 1-11.[093],35.7818307,35.601629,Ugaritic,Alphabetic,unknown,37e27bc9-c55e-455e-9595-65d1f7694c48
RS 1-11.[094],35.7818307,35.601629,Ugaritic,Alphabetic,unknown,1f60d33c-cb00-40ed-a989-06e98971b686
RS 1-11.[095],35.7818307,35.601629,Ugaritic,Alphabetic,unknown,520c378f-8019-480b-bad3-ba492a78e679
RS 1-11.[096],35.7818307,35.601629,Ugaritic,Alphabetic,unknown,efe46205-8ad6-4c61-aaa4-1a04edbd16c1
RS 1-11.[097],35.7818307,35.601629,Ugaritic,Alphabetic,unknown,9d1bfa84-40e0-418e-a36c-c2e9a890e5e4
RS 1-11.[098],35.7818307,35.601629,Ugaritic,Alphabetic,unknown,292d9871-cac0-4d2b-97e7-8413c2723471
RS 1-11.[099],35.7818307,35.601629,Ugaritic,Alphabetic,unknown,14d4bd2e-7be1-41af-a553-cc9d0e5db5d7
RS 1-11.[100],35.7818307,35.601629,Ugaritic,Alphabetic,unknown,4b175e2d-adac-4f62-8b38-fedb59c56038
RS 1-11.[101],35.7818307,35.601629,Ugaritic,Alphabetic,unknown,663ea66f-bb6d-453a-a79c-119b410c294b
RS 1-11.[102],35.7818307,35.601629,Akkadian,Logosyllabic,unknown,5a82a4b9-d27c-4acc-a68e-fdde6b8e7d8e
RS 1-11.[103],35.7818307,35.601629,Ugaritic,Alphabetic,unknown,50f613ab-e2e7-41b9-b350-5db83f5d3076
RS 1-11.[104],35.7818307,35.601629,Ugaritic,Alphabetic,unknown,ef891ed6-cab3-46bd-81da-c65932a5e4d4
RS 1-11.[105],35.7818307,35.601629,Ugaritic,Alphabetic,unknown,3962202a-528b-4e4f-9016-b3d70addb944
RS 1-11.[106],35.7818307,35.601629,Ugaritic,Alphabetic,unknown,a41a8ba1-6d22-4e99-a334-206f65cf190f
RS 1-11.[107],35.7818307,35.601629,Ugaritic,Alphabetic,unknown,48f33e1a-0577-4cf8-af3b-09530ff4ef23
RS 1-11.[108],35.7818307,35.601629,Ugaritic,Alphabetic,unknown,e1647827-78b8-4b68-88eb-a5f25d99fa91
RS 1-11.[109],35.7818307,35.601629,Ugaritic,Alphabetic,unknown,8ae404c1-6f57-4fa9-ad5c-369a6ccfb1da
RS 1-11.[110],35.7818307,35.601629,Ugaritic,Alphabetic,unknown,2e448e9b-264b-4286-bcbe-ba06415f0509
RS 1-11.[111],35.7818307,35.601629,Ugaritic,Alphabetic,unknown,6b0d8d57-ff54-4230-9d85-767bcdf3546a
RS 1-11.[112],35.7818307,35.601629,Ugaritic,Alphabetic,unknown,ea749951-0602-431d-8056-3e5a39978617
RS 1-11.[113],35.7818307,35.601629,Ugaritic,Alphabetic,unknown,f7f61a47-5d2a-408f-be66-f1233a728e28
RS 1-11.[114],35.7818307,35.601629,Ugaritic,Alphabetic,unknown,7433af5e-a36f-4b85-9f15-9809a469ef4d
RS 1-11.[115],35.7818307,35.601629,Egyptian,Hieroglyphic,unknown,1238a248-f87d-4444-be7d-79203ab66942
RS 1-11.[116],35.7818307,35.601629,Egyptian,Hieroglyphic,unknown,08767a91-82ee-4bd3-b31f-a0ab1a8045c4
RS 1-11.[117],35.7818307,35.601629,Ugaritic,Alphabetic,unknown,40aad0ca-e541-47cf-b0a2-f6711d78f108
RS 1-11.[118],35.7818307,35.601629,Ugaritic,Alphabetic,unknown,4a33089c-6bb3-4fca-8044-5eb2370065f5
RS 1-11.[119],35.7818307,35.601629,unknown,unknown,unknown,ae881cec-940c-42f6-a52a-3784c7e52072
RS 1-11.[120],35.7818307,35.601629,unknown,unknown,unknown,a3ab8261-c0e8-4054-b940-0ca13fcd4578
RS 1-11.[121],35.7818307,35.601629,unknown,unknown,unknown,45125222-6bef-44fc-8e0c-d38a514195a1
RS 1-11.[122],35.7818307,35.601629,Ugaritic,Alphabetic,unknown,79f4cfe3-b2ff-4085-8618-375386b42b54
RS 1-11.[125],35.7818307,35.601629,Ugaritic,Alphabetic,unknown,9606c697-f94f-447f-be2d-fb70d13e564b
RS 1-11.[126],35.7818307,35.601629,Akkadian,Syllabic,unknown,d528f6cb-b8e4-4ef9-b56b-97fa2c4a3da5
78-1,35.7852725,35.6016536,unknown,unknown,1978 Sounding,4b84ee9b-f92e-4b6e-a4df-57a4897074c0
RS 2000.136.01,35.7847336,35.6006246,Akkadian,Logosyllabic,South Center,d3aafd6c-c517-4a6a-9329-10e6cd608f5c
RS 2000.2232.01C,35.7847336,35.6006246,Akkadian,Logosyllabic,South Center,49055944-4d24-4429-8af9-7df1b6caa22b
RS 2000.2232.01B,35.7847336,35.6006246,Akkadian,Logosyllabic,South Center,4d14d31b-5efc-4331-bd76-26883db55411
RS 2000.2232.01D,35.7847336,35.6006246,unknown,unknown,South Center,278fcd47-c517-474c-8bf6-e682823e7b82
RS 2000.2232.01A,35.7847336,35.6006246,Akkadian,Logosyllabic,South Center,84d40b29-b235-4dbc-b688-3f92575b2847
RS 2000.2237.01,35.7847336,35.6006246,Ugaritic,Alphabetic,South Center,0b562219-78a1-4308-ad94-934048eb71f4
RS 2000.2239.01,35.7847336,35.6006246,Akkadian,Logosyllabic,South Center,5839713f-f502-417c-b510-7ac0c967c7b8
RS 2000.2239.03,35.7847336,35.6006246,Akkadian,Logosyllabic,South Center,41a834af-86fa-42b6-ba54-eef43013ee1e
RS 2000.2239.04,35.7847336,35.6006246,unknown,unknown,South Center,7a826008-9afd-427e-bac6-d098bf9ccccb
RS 2000.2239.06,35.7847336,35.6006246,Akkadian,Logosyllabic,South Center,f6dd99f5-cb0f-4c02-be64-9af1a3a621b8
RS 2000.2245.01,35.7847336,35.6006246,Ugaritic,Alphabetic,South Center,2c6fcf89-2109-4ccf-9634-e2060e436795
RS 2000.2266.01,35.7847336,35.6006246,unknown,unknown,South Center,acfb01e5-36a4-44a9-b1f2-01ab9f7f9125
RS 2000.2286.01,35.7847336,35.6006246,Akkadian,Logosyllabic,South Center,5f44712c-db9b-404b-97d3-580a305288ce
RS 2000.2286.02,35.7847336,35.6006246,Akkadian,Logosyllabic,South Center,d950a37a-345b-4051-a372-8c894a993b1b
RS 2000.2286.03,35.7847336,35.6006246,Akkadian,Logosyllabic,South Center,f9db9840-ce40-4f2a-89b8-f9cf86413a9f
RS 2000.2286.04,35.7847336,35.6006246,Akkadian,Logosyllabic,South Center,4d77585c-5147-49b3-b3d1-8b43e5990477
RS 2000.2290.01,35.7847336,35.6006246,Akkadian,Logosyllabic,South Center,734348c8-338e-4480-b502-c4c99c656979
RS 2001.01,35.7818956,35.6014227,Ugaritic,Alphabetic,Out of Context,4ab56014-7a91-42ba-b6a7-2c5a852d48aa
RS 2002.Rap1,35.7844266,35.6022198,Akkadian,Logosyllabic,Residential Quarter,8c6a6738-5c02-4456-9cee-9f895fa69ea1
RS 2002.3000.01,35.7847336,35.6006246,Ugaritic; Akkadian,Alphabetic; Logosyllabic,South Center,73a89577-0aea-4e86-ab2b-d640843c47f0
RS 2002.3000.02,35.7847336,35.6006246,Akkadian,Logosyllabic,South Center,e023d904-7a93-4ac9-ba0e-31b1751ad90a
RS 2002.3000.03,35.7847336,35.6006246,Akkadian,Logosyllabic,South Center,f6957c68-401c-470c-ad7a-84724877ff5b
RS 2002.3000.04,35.7847336,35.6006246,Ugaritic,Alphabetic,South Center,c1b102ea-1cb6-4fac-8126-fad13749d26e
RS 2002.3000.05,35.7847336,35.6006246,Ugaritic,Alphabetic,South Center,7b4d54d7-0b2f-4ea5-b1b7-d4098279638e
RS 2002.3000.06+,35.7847336,35.6006246,Akkadian,Logosyllabic,South Center,8f2d9ae6-bc23-4ace-bf40-d72be8298451
RS 2002.3000.07,35.7847336,35.6006246,Akkadian,Logosyllabic,South Center,ca9de21b-29da-481c-89ed-462d926266ef
RS 2002.3000.08,35.7847336,35.6006246,unknown,unknown,South Center,f75a5836-a4e0-4700-a941-e50b6ab8af9d
RS 2002.3000.09,35.7847336,35.6006246,Akkadian,Logosyllabic,South Center,85b66c23-d9d8-4364-b504-cc50152b8405
RS 2002.3000.10+,35.7847336,35.6006246,unknown,unknown,South Center,074742ac-3ae4-4731-a349-1e06a23c396c
RS 2002.3000.11,35.7847336,35.6006246,unknown,unknown,South Center,4844a6e8-e3b6-45a5-95fd-322725317f45
RS 2002.3000.12,35.7847336,35.6006246,Akkadian,Logosyllabic,South Center,e81067c4-c1f1-444b-b7d8-aec3e5331ee9
RS 2002.3000.20,35.7847336,35.6006246,Akkadian,Logosyllabic,South Center,1a358bb9-31c1-4107-9dc3-79f8180d9bd0
RS 2002.3000.21,35.7847336,35.6006246,unknown,unknown,South Center,e9a430d5-081e-4e25-a862-9faa56ca4bdf
RS 2002.3000.22,35.7847336,35.6006246,Akkadian,Logosyllabic,South Center,2d1c0206-7743-4ad3-a654-67868a696d12
RS 2002.3000.23,35.7847336,35.6006246,unknown,unknown,South Center,574f82e8-91e7-4c0e-9701-b6387eb186eb
RS 2002.3000.24,35.7847336,35.6006246,Akkadian,Logosyllabic,South Center,91f2e004-f61f-4c61-986a-213c78e572d0
RS 2002.3000.25,35.7847336,35.6006246,unknown,unknown,South Center,d28eae99-5271-4c1f-bcfd-f773c43368c2
78-19,35.7852725,35.6016536,unknown,unknown,1978 Sounding,8aad83e6-175f-413f-8615-52d0407790e9
78-39,35.7852725,35.6016536,unknown,unknown,1978 Sounding,ec746497-62ce-4ef0-aa73-f8de06a46140
78-40,35.7852725,35.6016536,unknown,unknown,1978 Sounding,d91d45c6-f560-4782-a0b7-c037a13c4d34
78-41,35.7852725,35.6016536,unknown,unknown,1978 Sounding,6e94c420-bc23-4b63-b685-c75fde4d3b96
78-43,35.7852725,35.6016536,unknown,unknown,1978 Sounding,48ea49c6-5f22-47eb-b1f7-6787654a6853
78-63,35.7852725,35.6016536,unknown,unknown,1978 Sounding,9d367e61-fedb-43ac-82b8-cff22351b6f9
78-64,35.7852725,35.6016536,unknown,unknown,1978 Sounding,e3d0bc63-dfb5-4a80-8418-74a66eb59107
78-65,35.7852725,35.6016536,unknown,unknown,1978 Sounding,12b7f889-0d18-47ac-bfd4-55edc0fc50de
78-66,35.7852725,35.6016536,unknown,unknown,1978 Sounding,cb2a0c1f-913f-43f3-99b4-86a307ad63de
78-67,35.7852725,35.6016536,unknown,unknown,1978 Sounding,952636ad-3f5b-4d81-b77e-793ea2fd8efa
78-72,35.7852725,35.6016536,unknown,unknown,1978 Sounding,c06a69d5-8f8b-4426-b638-5a9bd259d6d7
78-73,35.7852725,35.6016536,unknown,unknown,1978 Sounding,318c70bd-ac76-4d68-9a64-7577ed55006b
78-74,35.7852725,35.6016536,unknown,unknown,1978 Sounding,0177b731-353e-4f0e-9ff5-53131e3414a4
78-75,35.7852725,35.6016536,unknown,unknown,1978 Sounding,dd9540fe-eb4e-4364-8a05-cc145e60bbd5
78-81,35.7852725,35.6016536,unknown,unknown,1978 Sounding,5d52e63a-166e-47ef-885c-d22c3c377b37
78-100,35.7852725,35.6016536,unknown,unknown,1978 Sounding,65af7dec-b150-4630-ad17-532cf8521268
78-103,35.7852725,35.6016536,unknown,unknown,1978 Sounding,57268211-3cf8-4546-b060-29b7750dedf2
78-104,35.7852725,35.6016536,unknown,unknown,1978 Sounding,6cabaffc-465c-48e5-96fe-611acb6141dd
78-108,35.7852725,35.6016536,unknown,unknown,1978 Sounding,55093a31-ce9d-4199-882e-a29c94e44c5e
78-111,35.7852725,35.6016536,unknown,unknown,1978 Sounding,d15a573c-7643-4150-a114-bf9d151f0f6a
78-112,35.7852725,35.6016536,unknown,unknown,1978 Sounding,e6d596a9-cabd-4cb5-ae65-8f0a5fe263c3
78-116,35.7852725,35.6016536,unknown,unknown,1978 Sounding,e9cbbbf0-93b6-425e-9eab-44fd738f0738
78-125,35.7852725,35.6016536,unknown,unknown,1978 Sounding,664f8684-8e4d-4d74-8dd2-416a53eb7476
AO 30.483,35.7818956,35.6014227,unknown,unknown,Out of Context,86f2cb6e-52dc-4bd6-bdc7-8a167ee28758
CK 7,35.7818956,35.6014227,Akkadian,Logosyllabic,Out of Context,fc23b62e-f5a8-4e3f-9596-fb988bec00ae
Hiroshima 1,35.7818956,35.6014227,Ugaritic,Alphabetic,Out of Context,082b881e-2950-41a5-ad43-7d93d58c0f8d
RS 25.128,35.7867099,35.6017073,unknown,unknown,South Acropolis,b2b3d353-2dd2-445a-b55a-57151f80610c
RS 25.129+,35.7867099,35.6017073,Akkadian; Sumerian,Logosyllabic,South Acropolis,8ed6cbc9-2924-4ac7-aefb-9a34519e4fc8
RS 25.130,35.7867099,35.6017073,Akkadian,Logosyllabic,South Acropolis,a9815da1-45ab-4cf2-addd-692dfab5330b
RS 25.131,35.7867099,35.6017073,Akkadian,Logosyllabic,South Acropolis,a06c0410-6ffc-49f0-b70e-b18d51826bdf
RS 25.136,35.7867099,35.6017073,Akkadian,Logosyllabic,South Acropolis,136c0d06-5697-4ee2-9e90-8f3f740f923c
RS 25.137,35.7867099,35.6017073,Akkadian,Logosyllabic,South Acropolis,7803460c-96b6-4f1f-a48e-c8c046723db0
RS 25.138,35.7867099,35.6017073,Akkadian,Logosyllabic,South Acropolis,ede0db1a-f056-4049-9ac3-65dd8edef925
RS 25.139,35.7867099,35.6017073,Ugaritic,Alphabetic,South Acropolis,58500c5d-8274-46d1-8d20-d151bf237460
RS 25.141+,35.7867099,35.6017073,Akkadian,Logosyllabic,South Acropolis,cdd72226-b859-433f-96f6-462431363931
RS 25.142,35.7867099,35.6017073,Akkadian,Logosyllabic,South Acropolis,aaec1f6b-52ae-4387-9d79-858c9ed495b8
RS 25.143,35.7867099,35.6017073,Ugaritic,Alphabetic,South Acropolis,3239c6e2-7557-44ac-8616-bab386907f04
RS 25.145,35.7867099,35.6017073,Akkadian,Logosyllabic,South Acropolis,1e9dd551-b4a2-499b-b1aa-1ff5b2a97d6a
RS 25.250,35.7867099,35.6017073,Egyptian,Hieroglyphic,South Acropolis,4a2028b0-a6e3-4de5-8219-554d28e34eba
RS 25.415,35.7867099,35.6017073,Akkadian,Logosyllabic,South Acropolis,70dc4e29-6398-40af-bb51-89a4bc7684c3
RS 25.417,35.7867099,35.6017073,Ugaritic,Alphabetic,South Acropolis,944c2ff8-1c4f-44bf-b367-dc9dec72cb52
RS 25.418,35.7867099,35.6017073,Akkadian; Sumerian,Logosyllabic,South Acropolis,2a83ce8d-3fd7-43d8-a6a2-017a210af454
RS 25.419,35.7867099,35.6017073,Akkadian,Logosyllabic,South Acropolis,7547a53c-50e2-4bed-866a-26bd3cd7af0f
RS 25.420+,35.7867099,35.6017073,Akkadian,Logosyllabic,South Acropolis,1d5ceae2-bde0-4440-9a10-d0539caf06d3
RS 25.421 [A],35.7867099,35.6017073,Akkadian,Logosyllabic,South Acropolis,45807a0f-3d47-4d8d-87d4-352e266773d3
RS 25.421+,35.7867099,35.6017073,Akkadian; Hittite; Sumerian,Logosyllabic,South Acropolis,11f246df-5e7c-4234-a0b7-51116cb640f4
RS 25.422,35.7867099,35.6017073,Akkadian; Sumerian,Logosyllabic,South Acropolis,ada50982-e96a-4296-ba7f-23821c2bc8fb
RS 25.423,35.7867099,35.6017073,Akkadian,Logosyllabic,South Acropolis,a73bee30-8558-4238-9dc5-3fea3234dfb3
RS 25.424,35.7867099,35.6017073,Akkadian,Logosyllabic,South Acropolis,c7357f64-029b-4725-89c7-5a18f56d2a89
RS 25.425,35.7867099,35.6017073,Akkadian,Logosyllabic,South Acropolis,4a93199f-fc2a-47ff-b89c-cd69217232ab
RS 25.426,35.7867099,35.6017073,Akkadian,Logosyllabic,South Acropolis,b1a15759-a371-44c7-888a-0eb2f1016762
RS 25.427,35.7867099,35.6017073,Akkadian,Logosyllabic,South Acropolis,410fb5bc-f543-451d-8324-3c61cfd733d9
RS 25.428,35.7867099,35.6017073,Akkadian,Logosyllabic,South Acropolis,003ac060-1574-46c6-be8b-f87a91abf81a
RS 25.429,35.7867099,35.6017073,Akkadian,Logosyllabic,South Acropolis,3066db02-abda-4a1f-9e16-39143cae6225
RS 25.430 [A],35.7867099,35.6017073,Akkadian,Logosyllabic,South Acropolis,5a5e8985-9d69-4a98-b409-7148d9f19910
RS 25.430 [B],35.7867099,35.6017073,unknown,unknown,South Acropolis,3c88f8e7-45a9-45ae-bfe7-364fac395cac
RS 25.431A,35.7867099,35.6017073,Akkadian,Logosyllabic,South Acropolis,aa6d5a20-5169-4044-9385-20b55fc4bee7
RS 25.431B,35.7867099,35.6017073,Akkadian,Logosyllabic,South Acropolis,115c965c-1fd4-4185-9bcc-e13fa444e2b6
RS 25.432,35.7867099,35.6017073,Akkadian,Logosyllabic,South Acropolis,bebe6a4c-1c78-468b-a295-5f4031e0dbbb
RS 25.433,35.7867099,35.6017073,Akkadian,Logosyllabic,South Acropolis,38a3baf5-ecbd-4bf4-9ab3-203daca83e0c
RS 25.434+,35.7867099,35.6017073,Akkadian,Logosyllabic,South Acropolis,a0718781-c5a6-48bf-8285-fb5317c015e0
RS 25.436,35.7867099,35.6017073,Akkadian; Sumerian,Logosyllabic,South Acropolis,41d57d78-fe48-4d6c-8e4e-0386895ef64e
RS 25.437,35.7867099,35.6017073,Akkadian,Logosyllabic,South Acropolis,8f35df66-c8c3-4649-a5fe-aea91210a949
RS 25.438A,35.7867099,35.6017073,Akkadian,Logosyllabic,South Acropolis,1aa9603e-1c03-452b-88cc-34da399d482f
RS 25.438B,35.7867099,35.6017073,Akkadian,Logosyllabic,South Acropolis,6ff74ff3-45f5-4dcd-8d26-0394779da706
RS 25.438C,35.7867099,35.6017073,Akkadian,Logosyllabic,South Acropolis,737aa9fd-bc7e-4bb6-aebf-2a9e4f08ec12
RS 25.439,35.7867099,35.6017073,Akkadian,Logosyllabic,South Acropolis,06efd08b-e125-405f-bc5f-1a055caf8176
RS 25.440,35.7867099,35.6017073,unknown,unknown,South Acropolis,7d0d455c-cfcf-4ce6-8117-ebb79e52539c
RS 25.440A,35.7867099,35.6017073,Akkadian,Logosyllabic,South Acropolis,8fedea99-01ba-4502-81c8-01412d5fc742
RS 25.443,35.7867099,35.6017073,Akkadian,Logosyllabic,South Acropolis,71b5e6b8-bf2c-4517-bca4-39b6b5426d33
RS 25.444,35.7867099,35.6017073,Akkadian,Logosyllabic,South Acropolis,0b10ce15-afb7-4178-a49a-53038cc491d2
RS 25.445,35.7867099,35.6017073,unknown,unknown,South Acropolis,3c551915-cf1a-4692-bf5c-fed47aeeae59
RS 25.446+,35.7867099,35.6017073,Akkadian,Logosyllabic,South Acropolis,8e30a16b-bb9b-4da9-afa8-6a28307e10ed
RS 25.447,35.7867099,35.6017073,unknown,unknown,South Acropolis,3927ef91-a62f-41eb-955d-5ea2ed6507d8
RS 25.448,35.7867099,35.6017073,Akkadian,Logosyllabic,South Acropolis,bbfc97e1-d9e6-4989-822f-24d5b2b26428
RS 25.449,35.7867099,35.6017073,Akkadian,Logosyllabic,South Acropolis,f2194bd0-5e94-4f0e-9efb-2a74d693a278
RS 25.450,35.7867099,35.6017073,Akkadian,Logosyllabic,South Acropolis,ffa2511d-7756-44f1-ac41-41868b40848c
RS 25.452,35.7867099,35.6017073,Akkadian,Logosyllabic,South Acropolis,caea020e-b9c7-4e30-91fa-7f32b5949383
RS 25.453+,35.7867099,35.6017073,Akkadian,Logosyllabic,South Acropolis,7c27a988-0fbf-42d9-9465-f179dc50289f
RS 25.454A+,35.7867099,35.6017073,Akkadian,Logosyllabic,South Acropolis,428c9a73-7422-462c-94ea-ca1dbf3b2971
RS 25.454B,35.7867099,35.6017073,unknown,unknown,South Acropolis,d016eafc-89ea-4c54-8915-76fd6aecf0aa
RS 25.454C,35.7867099,35.6017073,Akkadian,Logosyllabic,South Acropolis,55113c37-76dd-4de1-9705-038b6cb07e11
RS 25.454D,35.7867099,35.6017073,Akkadian,Logosyllabic,South Acropolis,0ce7aa7b-d351-47a9-a67c-f04651d78488
RS 25.454E,35.7867099,35.6017073,unknown,unknown,South Acropolis,56b1d4c9-c458-446d-8b3c-4f3fc39b4208
RS 25.454F,35.7867099,35.6017073,unknown,unknown,South Acropolis,49a78e61-ec9b-48f4-81a2-af80b90e6f9c
RS 25.454G,35.7867099,35.6017073,Akkadian,Logosyllabic,South Acropolis,535e1312-b543-47b3-9615-528d134b543d
RS 25.454H,35.7867099,35.6017073,Akkadian,Logosyllabic,South Acropolis,2c031c24-7c7b-45eb-9b97-40d0be222274
RS 25.454I,35.7867099,35.6017073,Akkadian,Logosyllabic,South Acropolis,6becb62f-ff95-4bde-bd67-77afc7582a9b
RS 25.455+,35.7867099,35.6017073,Akkadian,Logosyllabic,South Acropolis,37d079f7-895c-4167-88d5-09a07e94f499
RS 25.455A+,35.7867099,35.6017073,Akkadian,Logosyllabic,South Acropolis,91da6137-8597-40d4-b04a-2a81efe70718
RS 25.455B,35.7867099,35.6017073,unknown,unknown,South Acropolis,817d597f-39c3-4240-be45-57e090f08928
RS 25.455C,35.7867099,35.6017073,Akkadian,Logosyllabic,South Acropolis,f34bdb49-af77-4e46-95c1-4b5870b96874
RS 25.455D,35.7867099,35.6017073,unknown,unknown,South Acropolis,fe7d1385-bb6e-45db-b3aa-bbeb127ed4e9
RS 25.455E+,35.7867099,35.6017073,Akkadian,Logosyllabic,South Acropolis,e4563f3e-82c3-4b65-8008-5faefc8b2b9d
RS 25.455F,35.7867099,35.6017073,Akkadian,Logosyllabic,South Acropolis,274650d9-0bc3-4a56-8b29-c10e799437d1
RS 25.455G,35.7867099,35.6017073,Akkadian,Logosyllabic,South Acropolis,51e6f6dc-3bcd-4503-9c6f-f8db5f12cd74
RS 25.455H,35.7867099,35.6017073,Akkadian,Logosyllabic,South Acropolis,1da65894-7498-478b-906c-c0647b9be41f
RS 25.455I,35.7867099,35.6017073,Akkadian,Logosyllabic,South Acropolis,8363970e-3002-41d4-84dc-f928ec326221
RS 25.455J,35.7867099,35.6017073,Akkadian,Logosyllabic,South Acropolis,789d6775-c04a-429c-9523-28e017000e4b
RS 25.455K,35.7867099,35.6017073,Akkadian,Logosyllabic,South Acropolis,26b0b48b-0c65-4f78-a312-f9d4084ce7c4
RS 25.455L,35.7867099,35.6017073,Akkadian,Logosyllabic,South Acropolis,552746b8-65a3-42ee-999f-6dba0b99b399
RS 25.456,35.7867099,35.6017073,unknown,unknown,South Acropolis,a93cc21a-4f45-43bd-af0c-713e3b764166
RS 25.456A,35.7867099,35.6017073,unknown,unknown,South Acropolis,f738956f-f216-4b24-b944-f18cc69e9e44
RS 25.456B,35.7867099,35.6017073,unknown,unknown,South Acropolis,319918ee-ad55-4d72-bed0-761049c22bef
RS 25.459,35.7867099,35.6017073,unknown,unknown,South Acropolis,d894c4d7-58c4-468a-b098-fc60fc63701f
RS 25.459A+,35.7867099,35.6017073,Akkadian,Logosyllabic,South Acropolis,6fa7429c-30e0-4107-b9bf-bdf9b464006a
RS 25.459B,35.7867099,35.6017073,unknown,unknown,South Acropolis,13a014bb-9dd7-4c13-8dd9-8128bc8fa942
RS 25.459C,35.7867099,35.6017073,Akkadian,Logosyllabic,South Acropolis,b0d7a6e7-8d6d-45bd-a7ab-72424ec27be6
RS 25.460,35.7867099,35.6017073,Akkadian,Logosyllabic,South Acropolis,0999bf6d-52c3-421c-b1f7-8cf786c25815
RS 25.461,35.7867099,35.6017073,Akkadian,Logosyllabic,South Acropolis,545f9226-2ed1-40e3-b460-d516958f2bdb
RS 25.511A,35.7867099,35.6017073,Akkadian,Logosyllabic,South Acropolis,23ca92a7-56c9-4638-93e6-eb08a057fa49
RS 25.511B,35.7867099,35.6017073,Akkadian,Logosyllabic,South Acropolis,465fd47c-e7fd-480c-91f6-7b9c176a7755
RS 25.513,35.7867099,35.6017073,Akkadian,Logosyllabic,South Acropolis,363b3de9-28e6-4287-a6cf-1f01c6bed36d
RS 25.514 [D],35.7867099,35.6017073,unknown,unknown,South Acropolis,f06df66d-1bfb-40b3-ab99-ae1d15dfd565
RS 25.514A,35.7867099,35.6017073,unknown,unknown,South Acropolis,d6767198-615d-4c39-844b-b83e0122707c
RS 25.514B,35.7867099,35.6017073,Akkadian,Logosyllabic,South Acropolis,59e74318-34f3-49d1-b81c-a1c868579631
RS 25.514C,35.7867099,35.6017073,unknown,unknown,South Acropolis,35591739-e77d-4277-ac3f-c9a1f62b7b5c
RS 25.515,35.7867099,35.6017073,Akkadian,Logosyllabic,South Acropolis,be94797e-adfc-40d5-846c-0ca3ccc4493c
RS 25.516,35.7867099,35.6017073,Akkadian,Logosyllabic,South Acropolis,77992f07-74c0-45d3-9ce8-f490b92a13cf
RS 25.517,35.7867099,35.6017073,Akkadian,Logosyllabic,South Acropolis,557c380d-2549-4654-9c01-ea96978d16ab
RS 25.518,35.7867099,35.6017073,unknown,unknown,South Acropolis,4b20ffa5-ea0b-44ef-8155-f75856c6483e
RS 25.519 [D],35.7867099,35.6017073,unknown,unknown,South Acropolis,9ea98626-49e1-4e29-a040-aa9ce0476ec1
RS 25.519 [E]+,35.7867099,35.6017073,Akkadian,Logosyllabic,South Acropolis,21968aa5-a13c-456f-ac90-3fc23461e6b5
RS 25.519A,35.7867099,35.6017073,Akkadian,Logosyllabic,South Acropolis,e481935c-07d7-4781-a94a-e919d4b29626
RS 25.519B,35.7867099,35.6017073,unknown,unknown,South Acropolis,e6d652fa-6285-4916-9220-214b6fbe361b
RS 25.519C,35.7867099,35.6017073,Akkadian,Logosyllabic,South Acropolis,2d09fda5-1cad-4ffc-a99e-ce881ee2c726
RS 25.520A,35.7867099,35.6017073,Akkadian,Logosyllabic,South Acropolis,f054bfce-7291-489f-b50f-3c0cb2a049a5
RS 25.520B+,35.7867099,35.6017073,Akkadian,Logosyllabic,South Acropolis,427a09b7-adda-4ad2-831c-d1d7f4b54ca7
RS 25.521A,35.7867099,35.6017073,unknown,unknown,South Acropolis,4c239941-f4e1-41d4-a12b-40383f5b1ff0
RS 25.521B,35.7867099,35.6017073,unknown,unknown,South Acropolis,13653e3e-9c69-44bd-ab33-40d1828f56de
RS 25.521C,35.7867099,35.6017073,unknown,unknown,South Acropolis,f7ec79b9-051c-41ac-9568-94452c049a1d
RS 25.522A+,35.7867099,35.6017073,Akkadian,Logosyllabic,South Acropolis,b35046e5-88c3-4655-89e1-a7ca56494654
RS 25.522B,35.7867099,35.6017073,unknown,unknown,South Acropolis,3f9f20be-46bb-4939-b301-af3ed301602f
RS 25.524,35.7867099,35.6017073,Akkadian,Logosyllabic,South Acropolis,ef4535a7-2268-40f0-8f51-d118505d0f5f
RS 25.525 [J],35.7867099,35.6017073,unknown,unknown,South Acropolis,25e2b87b-42cc-4042-a96a-43b04181858b
RS 25.525A,35.7867099,35.6017073,Akkadian,Logosyllabic,South Acropolis,aab93413-1f67-4eb4-8ba7-fa6989b47534
RS 25.525B,35.7867099,35.6017073,unknown,unknown,South Acropolis,cbbd74fc-3f08-4205-8792-0585efefa7ed
RS 25.525C,35.7867099,35.6017073,Akkadian,Logosyllabic,South Acropolis,00504715-c8f1-4b7a-b3bc-2a1cb6234e27
RS 25.525D,35.7867099,35.6017073,Akkadian,Logosyllabic,South Acropolis,3673e859-c7ef-41af-94fa-8cc0115db8a5
RS 25.525E,35.7867099,35.6017073,Akkadian,Logosyllabic,South Acropolis,703a8147-e5a8-4afe-9172-164c106f6d7b
RS 25.525F,35.7867099,35.6017073,Akkadian,Logosyllabic,South Acropolis,0607f5a8-bdfd-435d-9dcb-229f4e93a771
RS 25.525G,35.7867099,35.6017073,Akkadian,Logosyllabic,South Acropolis,ac5aef55-a351-4c43-b654-7d8b8dfd12e3
RS 25.525H,35.7867099,35.6017073,Akkadian,Logosyllabic,South Acropolis,882e22ec-fe99-4b23-910b-fe460d326e74
RS 25.525I,35.7867099,35.6017073,Akkadian,Logosyllabic,South Acropolis,142de99f-32c3-4a1e-b419-484e45fd5f84
RS 25.526A,35.7867099,35.6017073,Akkadian,Logosyllabic,South Acropolis,578b0577-dfd9-4e21-8b09-749bde1f095c
RS 25.526B,35.7867099,35.6017073,Akkadian,Logosyllabic,South Acropolis,9fbc022f-2812-4380-a2b2-598417be3d9f
RS 25.526C,35.7867099,35.6017073,Akkadian,Logosyllabic,South Acropolis,60dac592-bfc5-45b8-8390-243eaf2f521e
RS 25.526D,35.7867099,35.6017073,Akkadian,Logosyllabic,South Acropolis,3afce994-83c6-4d6b-ab06-0eea1ee21822
RS 25.526E,35.7867099,35.6017073,unknown,unknown,South Acropolis,d450b416-de41-4316-beb9-d78dbd0c0428
RS 25.527A,35.7867099,35.6017073,unknown,unknown,South Acropolis,57bfd8a6-164c-4b92-8aa7-91e9a6c83551
RS 25.527B,35.7867099,35.6017073,unknown,unknown,South Acropolis,148a5b8c-e04a-47b4-9a2b-b71514da4b75
RS 26.136+,35.7867099,35.6017073,Akkadian,Logosyllabic,South Acropolis,c2b138a2-a124-4e15-9274-6fb698898273
RS 26.137+,35.7867099,35.6017073,Akkadian,Logosyllabic,South Acropolis,3f160c8b-9f74-4bae-b1d3-ad286fa3fe7f
RS 26.138,35.7867099,35.6017073,unknown,unknown,South Acropolis,60077b1a-b397-40bf-86ef-6944180dc8a9
RS 26.139A,35.7867099,35.6017073,Akkadian,Logosyllabic,South Acropolis,c58aba75-7988-4460-a824-7c8fce22cfa5
RS 26.139B,35.7867099,35.6017073,unknown,unknown,South Acropolis,d7593a4b-ea5c-4e02-a624-f3cc723e64ae
RS 26.140,35.7867099,35.6017073,Akkadian,Logosyllabic,South Acropolis,85e2b554-4cd9-4855-b20d-16d991b3d702
RS 26.141,35.7867099,35.6017073,Akkadian,Logosyllabic,South Acropolis,80ce46a8-1e87-476d-90e6-f394eea94be8
RS 26.142,35.7867099,35.6017073,Akkadian,Logosyllabic,South Acropolis,6ad5bd0a-0942-469d-8068-19d56e46009d
RS 26.143,35.7867099,35.6017073,Akkadian,Logosyllabic,South Acropolis,934e5d77-9133-4782-a353-00f12ef9b6a1
RS 26.144,35.7867099,35.6017073,unknown,unknown,South Acropolis,aab5bb8a-0421-46d5-9fb9-30bf664abef5
RS 26.145,35.7867099,35.6017073,Akkadian,Logosyllabic,South Acropolis,85e279ac-a5d9-41d0-9888-e30903f9ace0
RS 26.146,35.7867099,35.6017073,Akkadian,Logosyllabic,South Acropolis,cdae3e9c-3cc4-45a5-8df8-1725ca05b611
RS 26.147,35.7867099,35.6017073,Akkadian,Logosyllabic,South Acropolis,1ba87e8d-e75d-47ea-9975-3d2e0b6270bb
RS 26.148,35.7867099,35.6017073,Akkadian,Logosyllabic,South Acropolis,04748569-36a5-4f7e-b328-15547a0403ee
RS 26.149,35.7867099,35.6017073,Akkadian,Logosyllabic,South Acropolis,c3dcacca-fb50-46ca-ba23-3c4eb22038e8
RS 26.150,35.7867099,35.6017073,unknown,unknown,South Acropolis,e98acc45-50f4-47f2-af65-1b16376f70ef
RS 26.151,35.7867099,35.6017073,Akkadian,Logosyllabic,South Acropolis,b60714d4-7699-4b89-87e1-071f0e8b3e2b
RS 26.153,35.7867099,35.6017073,Akkadian,Logosyllabic,South Acropolis,a5a8177a-b612-4961-a1fe-fb80925bf715
RS 26.154,35.7867099,35.6017073,unknown,unknown,South Acropolis,716c7393-5898-4780-b3e9-058c22d4b843
RS 26.155,35.7867099,35.6017073,Akkadian,Logosyllabic,South Acropolis,1ef3f6d6-6054-4e67-9652-0ffc7ca9b908
RS 26.156,35.7867099,35.6017073,Ugaritic,Alphabetic,South Acropolis,ed6560e4-7cbf-4bac-93ff-ea1edaa160b6
RS 26.157,35.7867099,35.6017073,unknown,unknown,South Acropolis,fee93969-f047-4217-869f-aa8e33b0e79a
RS 26.158,35.7867099,35.6017073,Akkadian,Logosyllabic,South Acropolis,b8fa0864-cde5-46f5-874b-a4c459fd1c13
RS 26.159,35.7867099,35.6017073,Akkadian,Logosyllabic,South Acropolis,315beb2c-640a-4fad-b1a2-cee9622912ef
RS 26.160,35.7867099,35.6017073,Akkadian,Logosyllabic,South Acropolis,e8274f08-7be2-4d59-9c3f-059333fdbdbf
RS 26.161,35.7867099,35.6017073,Ugaritic,Alphabetic,South Acropolis,96a398a4-f49f-4682-b807-50763619b4d8
RS 26.281,35.7867099,35.6017073,Akkadian,Logosyllabic,South Acropolis,d89b2e16-c69c-4e86-9323-dc54b29dd68b
RS 22.003,35.7867099,35.6017073,Ugaritic,Alphabetic,City South,a32164db-d635-4402-afd0-7015ec219ccc
RS 22.046,35.7867099,35.6017073,Ugaritic,Alphabetic,City South,2fe6b7fc-92ee-4a4e-9fb8-9a60fdf588ef
RS 22.218,35.7867099,35.6017073,Akkadian,Logosyllabic,City South,c6039f04-f37d-4026-855e-c309506605df
RS 22.221,35.7867099,35.6017073,Akkadian,Logosyllabic,City South,5e6e3b34-33c2-41e3-9a39-2f79be676932
RS 22.223,35.7867099,35.6017073,Akkadian,Logosyllabic,City South,f0c8efb6-5d17-421c-9f7f-359b0e61941b
RS 22.225,35.7867099,35.6017073,Ugaritic; Akkadian,Alphabetic; Logosyllabic,City South,dd818e69-65cd-491e-b991-411fc8e0ac1b
RS 22.231,35.7867099,35.6017073,Ugaritic,Alphabetic,City South,45670079-8161-4eb4-aa97-27c786a914aa
RS 22.232,35.7867099,35.6017073,Akkadian,Logosyllabic,City South,8fea5b53-52bb-45ad-8506-6d7f636f57ab
RS 22.340,35.7867099,35.6017073,Akkadian,Logosyllabic,City South,964a6a67-26b7-446d-ba46-1ae56123b882
RS 22.412,35.7867099,35.6017073,unknown,unknown,City South,f67574cc-359d-4c46-94f0-f06cb1fcd5b1
RS 22.415,35.7867099,35.6017073,Akkadian,Logosyllabic,City South,ee4e69c0-8ae6-435e-b610-420f19912f15
RS 22.435,35.7867099,35.6017073,Akkadian,Logosyllabic,City South,1b2b7cb4-4cc5-4676-9b68-9a72ba70d884
RS 22.436,35.7867099,35.6017073,unknown,unknown,City South,8b5c774f-1377-4ad2-b7ae-5c4e034f809c
RS 22.436A,35.7867099,35.6017073,Akkadian,Logosyllabic,City South,cb473b63-32ca-4dbd-b781-13dd257cdeb4
RS 22.[459],35.7867099,35.6017073,Akkadian,Logosyllabic,City South,d905cbda-0653-4a29-b6c7-c737e988c0ca
RS 23.018,35.7867099,35.6017073,Egyptian,Hieroglyphic,City South,16733311-ee9e-4096-bae8-8442c79556f5
RS 23.020,35.7867099,35.6017073,Akkadian,Logosyllabic,City South,e36d17f5-69c6-4e51-b8a8-2793a79b74b5
RS 23.021+,35.7867099,35.6017073,Akkadian,Logosyllabic,City South,62df608f-d32b-448d-8aa8-60fcef28f74b
RS 23.022+,35.7867099,35.6017073,Akkadian,Logosyllabic,City South,9ac1af6e-09ac-4bc9-be20-ead6e715db01
RS 23.023,35.7867099,35.6017073,Akkadian,Logosyllabic,City South,13c0e31e-2189-4a01-b26f-4af26952e456
RS 23.024,35.7867099,35.6017073,unknown,unknown,City South,ea128350-8a2d-4f50-8685-838b999ff423
RS 23.025,35.7867099,35.6017073,Akkadian,Logosyllabic,City South,e10e2e8f-bb11-4319-8a19-d56bf64bee89
RS 23.026,35.7867099,35.6017073,unknown,unknown,City South,41d93656-e4b1-4432-b85a-ad754cf60373
RS 23.027,35.7867099,35.6017073,Ugaritic,Alphabetic,City South,3106ba65-ba94-4730-b17f-c5037433092b
RS 23.028,35.7867099,35.6017073,Ugaritic,Alphabetic,City South,ff033907-1e99-4a02-97d0-ad5a83950f12
RS 23.030,35.7867099,35.6017073,unknown,unknown,City South,4354b290-769a-4c90-a367-f4c583226e50
RS 23.031,35.7867099,35.6017073,Akkadian,Logosyllabic,City South,3e30d25a-e080-4ab9-828c-e7f1c5b2d822
RS 23.032,35.7867099,35.6017073,Ugaritic,Alphabetic,City South,46e44373-0044-4d0a-8513-c70fabe6978b
RS 23.035,35.7867099,35.6017073,unknown,unknown,City South,f12f2e6a-86f4-4fe9-8476-009e28a24f47
RS 23.036,35.7867099,35.6017073,Akkadian,Logosyllabic,City South,fd73de78-5d38-42bc-ba13-7feaf6d67068
RS 23.037,35.7867099,35.6017073,Ugaritic,Alphabetic,City South,6eabfe71-859f-4b8c-b9d4-cc46a010dfd9
RS 23.076,35.7867099,35.6017073,Akkadian,Logosyllabic,City South,9444283d-2faa-4ea1-9cef-aedfcd876b94
RS 23.078,35.7867099,35.6017073,Akkadian,Logosyllabic,City South,385727a1-6476-4725-8061-fb1d117a3bdf
RS 23.079,35.7867099,35.6017073,Akkadian,Logosyllabic,City South,1ad2b5d8-4c76-4154-b5bb-8628cd44a593
RS 23.080,35.7867099,35.6017073,Akkadian,Logosyllabic,City South,cb3b9158-d63c-4b99-9743-f0447c442c21
RS 23.081,35.7867099,35.6017073,Akkadian,Logosyllabic,City South,bd199d4d-2cbe-4627-bb3a-d3d05a42e52a
RS 23.082+,35.7867099,35.6017073,Akkadian,Logosyllabic,City South,737e83bb-3d14-4fba-a842-cf032d5d9a1e
RS 23.359,35.7867099,35.6017073,unknown,unknown,City South,0b58e60c-8529-49c3-aec7-f976e9bfb45a
RS 23.360,35.7867099,35.6017073,Akkadian,Logosyllabic,City South,038484c2-3543-4411-9e40-23f4a66102fd
RS 23.361,35.7867099,35.6017073,Akkadian,Logosyllabic,City South,19209a33-df97-4a7e-bfd6-d3abfc2f2f99
RS 23.362,35.7867099,35.6017073,Akkadian,Logosyllabic,City South,02054a0f-9744-4b66-910f-a3d6402c2f79
RS 23.367,35.7867099,35.6017073,Akkadian,Logosyllabic,City South,209ff12c-a085-4ea0-8e41-e9f76ad6625d
RS 23.368,35.7867099,35.6017073,Akkadian,Logosyllabic,City South,11cdc025-7d0f-4eee-b2a3-9ff527c4559b
RS 23.485A,35.7867099,35.6017073,Akkadian,Logosyllabic,City South,689597bf-8511-4390-9113-a9be2d45b2e2
RS 23.485B,35.7867099,35.6017073,Akkadian,Logosyllabic,City South,d30570de-1623-4407-9cf3-e38607beca17
RS 23.486,35.7867099,35.6017073,unknown,unknown,City South,a0b1ace8-a301-4ead-96cf-6cc950ffb46e
RS 23.488,35.7867099,35.6017073,Ugaritic,Alphabetic,City South,27041b25-918f-4000-8474-835762ba06dc
RS 23.490A,35.7867099,35.6017073,Akkadian,Logosyllabic,City South,1e555836-8421-4355-a880-c64f875e7734
RS 23.490B,35.7867099,35.6017073,Akkadian,Logosyllabic,City South,cc00990d-2ad2-47b6-82a6-1c8ccbc12c5c
RS 23.491,35.7867099,35.6017073,Akkadian,Logosyllabic,City South,72175fcb-3d84-4a0e-96ba-09b0c723e45b
RS 23.493A,35.7867099,35.6017073,Akkadian; Hurrian; Sumerian,Logosyllabic,City South,10d8e7b0-0e74-446d-9d80-1db55da99a49
RS 23.493B,35.7867099,35.6017073,Akkadian,Logosyllabic,City South,3729f47b-ad89-4483-8016-db98b51ee11f
RS 23.495,35.7867099,35.6017073,Akkadian,Logosyllabic,City South,bddc05f7-f380-472b-ab0e-20127bf9443d
RS 23.496,35.7867099,35.6017073,Ugaritic,Alphabetic,City South,62e8c165-2321-4b0e-9128-b9588b82194e
RS 23.721,35.7867099,35.6017073,unknown,unknown,City South,bbef8c8a-bcb3-459e-baba-90a7d6b19267
RS 23.721 [C],35.7867099,35.6017073,Akkadian,Logosyllabic,City South,7dd8c7b1-61e8-4b17-bdef-3b82ae072f6b
RS 23.721A,35.7867099,35.6017073,Akkadian,Logosyllabic,City South,bac3bacc-5447-443d-8e01-e8854be704db
RS 23.721B,35.7867099,35.6017073,unknown,unknown,City South,2cd18fd6-8136-4551-b317-3fb5163295d3
RS 23.[742],35.7867099,35.6017073,unknown,unknown,City South,c0899921-cff9-4dad-bfe3-33bc96822e51
RS 23.[744A-C],35.7867099,35.6017073,unknown,unknown,City South,aa77adbb-ac8f-4d9b-96d2-e1e69d466607
RS 24.007,35.7867099,35.6017073,Hittite,Hieroglyphic,City South,bf4ce29e-bba2-4d14-894e-1fd3321cfca7
RS 24.047,35.7867099,35.6017073,Egyptian,Hieroglyphic,City South,c1b40b13-c9a9-42b0-a705-8762d68f38be
RS 24.048,35.7867099,35.6017073,unknown,unknown,City South,8d419791-0939-43b0-b0f6-29757abbcf6d
RS 24.077,35.7867099,35.6017073,unknown,unknown,City South,06dde971-dfc5-4d39-a35b-ca31336286f0
RS 24.078,35.7867099,35.6017073,Ugaritic,Alphabetic,City South,122ca7ca-0340-4e78-bd3e-f5a71288aa5c
RS 24.132,35.7867099,35.6017073,Ugaritic,Alphabetic,City South,c50c5fc1-19bd-4bb0-b898-289af2f0bc02
RS 24.645,35.7867099,35.6017073,Akkadian,Logosyllabic,City South,e2050238-8e0c-47fd-b130-70aa2a950eac
RS 24.658,35.7867099,35.6017073,unknown,unknown,City South,f35a3a68-7b42-4119-bcda-58ab2388a566
RS 28.053A,35.7867099,35.6017073,Akkadian,Logosyllabic,City South,ba0f0c42-5fa2-41c5-8c42-cf363f69331d
RS 28.053B,35.7867099,35.6017073,Akkadian,Logosyllabic,City South,e62da355-e50c-4f2f-a66d-a963fc89d421
RS 28.053C,35.7867099,35.6017073,Akkadian,Logosyllabic,City South,91cabd88-735e-4ca5-8fa3-74818ec9b7e6
