{"type": "FeatureCollection", "crs": {"type": "name", "properties": {"name": "urn:ogc:def:crs:OGC:1.3:CRS84"}}, "features": [{"type": "Feature", "geometry": {"type": "Polygon", "coordinates": [[[35.7852495331599, 35.6016692651285], [35.7852928812044, 35.6016705359453], [35.7852948799123, 35.6016344656951], [35.7852511208963, 35.6016330706645], [35.7852495331599, 35.6016692651285]]]}, "properties": {"name": "1978 Sounding", "layer": "1978_Sounding"}}, {"type": "Feature", "geometry": {"type": "Polygon", "coordinates": [[[35.7853784191244, 35.6031146689753], [35.7855078814086, 35.6031558007964], [35.7858770061113, 35.6024260418171], [35.7855800384007, 35.6023844035846], [35.7855837324631, 35.6023527761095], [35.7854429048071, 35.6023529814316], [35.7854474053223, 35.6024225024789], [35.7855031086298, 35.6024259727941], [35.7853658694248, 35.6028823366778], [35.7855151305979, 35.6029140827779], [35.7853784191244, 35.6031146689753]]]}, "properties": {"name": "Acr_Ch-I", "layer": "Acr_Ch-I"}}, {"type": "Feature", "geometry": {"type": "Polygon", "coordinates": [[[35.7855746018166, 35.6031873256241], [35.7854433420947, 35.6034336637357], [35.7854858883769, 35.603462560202], [35.7854310699374, 35.6035582575769], [35.7855004539044, 35.6035839049331], [35.7856945215014, 35.6032242366763], [35.7855746018166, 35.6031873256241]]]}, "properties": {"name": "Acr_Ch-II", "layer": "Acr_Ch-II"}}, {"type": "Feature", "geometry": {"type": "Polygon", "coordinates": [[[35.7854839191644, 35.6036330354496], [35.7853390646906, 35.6035518349159], [35.7854179782424, 35.6034607467773], [35.7852756288044, 35.6033776301867], [35.7850407115993, 35.6036053365707], [35.7853562270918, 35.6037902390225], [35.7854839191644, 35.6036330354496]]]}, "properties": {"name": "Acr_Ch-III", "layer": "Acr_Ch-III"}}, {"type": "Feature", "geometry": {"type": "Polygon", "coordinates": [[[35.7859156111088, 35.604130368262], [35.7860559336056, 35.6042035156111], [35.7865207531665, 35.6040553112352], [35.7864737047921, 35.6039568940572], [35.786410327812, 35.6039631337242], [35.7863744551352, 35.6038888094378], [35.7859156111088, 35.604130368262]]]}, "properties": {"name": "Acr_Ch-IV", "layer": "Acr_Ch-IV"}}, {"type": "Feature", "geometry": {"type": "Polygon", "coordinates": [[[35.786155429933, 35.6031079011888], [35.7861823832094, 35.6031067372405], [35.7861769904966, 35.6030686088323], [35.7861716400096, 35.6030678381476], [35.7861694594202, 35.6030454915426], [35.7861525898159, 35.6030444133283], [35.786154373878, 35.6030670632682], [35.7861482177944, 35.6030672128381], [35.786155429933, 35.6031079011888]]]}, "properties": {"name": "Acr_T1", "layer": "Acr_T1"}}, {"type": "Feature", "geometry": {"type": "Polygon", "coordinates": [[[35.7863422445069, 35.6032330560713], [35.7863788113491, 35.6032244891], [35.7863780637864, 35.6032139716812], [35.7863428168379, 35.6032187566291], [35.7863422445069, 35.6032330560713]]]}, "properties": {"name": "Acr_T11", "layer": "Acr_T11"}}, {"type": "Feature", "geometry": {"type": "Polygon", "coordinates": [[[35.7858151362901, 35.6027103336468], [35.7858367036457, 35.6027261785283], [35.7858545559832, 35.6027180663502], [35.7858389394036, 35.6026995174128], [35.7858151362901, 35.6027103336468]]]}, "properties": {"name": "Acr_T12", "layer": "Acr_T12"}}, {"type": "Feature", "geometry": {"type": "Polygon", "coordinates": [[[35.7865518865741, 35.6033379011933], [35.7865822355747, 35.6033387113289], [35.7865863096725, 35.6033245053601], [35.786557318711, 35.6033189599034], [35.7865518865741, 35.6033379011933]]]}, "properties": {"name": "Acr_T17", "layer": "Acr_T17"}}, {"type": "Feature", "geometry": {"type": "Polygon", "coordinates": [[[35.7870041700965, 35.6027229887189], [35.7870589169185, 35.6027273128521], [35.7870655924377, 35.6027064960892], [35.7870158198447, 35.6026946702019], [35.7870041700965, 35.6027229887189]]]}, "properties": {"name": "Acr_T18", "layer": "Acr_T18"}}, {"type": "Feature", "geometry": {"type": "Polygon", "coordinates": [[[35.7865182845289, 35.6027176538992], [35.7865418586469, 35.6027125572997], [35.7865300489014, 35.6026864755489], [35.786506551096, 35.6026896655536], [35.7865182845289, 35.6027176538992]]]}, "properties": {"name": "Acr_T19", "layer": "Acr_T19"}}, {"type": "Feature", "geometry": {"type": "Polygon", "coordinates": [[[35.7861202113232, 35.6026661219395], [35.7861471472695, 35.6026543282923], [35.7861342798726, 35.6026278217107], [35.7861257953318, 35.6026310077682], [35.7861154377462, 35.6026113933355], [35.7861026427122, 35.6026178768845], [35.7861116089464, 35.6026374541725], [35.7861059071019, 35.6026407145197], [35.7861202113232, 35.6026661219395]]]}, "properties": {"name": "Acr_T2", "layer": "Acr_T2"}}, {"type": "Feature", "geometry": {"type": "Polygon", "coordinates": [[[35.7858025344418, 35.602616474342], [35.7858352176636, 35.6026173469834], [35.7858358663928, 35.6026011409553], [35.7858031450167, 35.6026012216102], [35.7858025344418, 35.602616474342]]]}, "properties": {"name": "Acr_T20", "layer": "Acr_T20"}}, {"type": "Feature", "geometry": {"type": "Polygon", "coordinates": [[[35.7859327263124, 35.6025750976195], [35.7859481902558, 35.6025974597285], [35.7859636698793, 35.6025902384988], [35.7859517077046, 35.6025679698851], [35.7859327263124, 35.6025750976195]]]}, "properties": {"name": "Acr_T21", "layer": "Acr_T21"}}, {"type": "Feature", "geometry": {"type": "Polygon", "coordinates": [[[35.7859057199762, 35.6025199806371], [35.7859562172841, 35.602513694348], [35.7859532878995, 35.6024993014164], [35.7859063305293, 35.6025047279035], [35.7859057199762, 35.6025199806371]]]}, "properties": {"name": "Acr_T22", "layer": "Acr_T22"}}, {"type": "Feature", "geometry": {"type": "Polygon", "coordinates": [[[35.7856361798069, 35.6026855147621], [35.7856618976617, 35.6026852471506], [35.7856588920011, 35.6026727608058], [35.7856355086675, 35.602673090752], [35.7856361798069, 35.6026855147621]]]}, "properties": {"name": "Acr_T27", "layer": "Acr_T27"}}, {"type": "Feature", "geometry": {"type": "Polygon", "coordinates": [[[35.7861834303177, 35.6025282458539], [35.7861922396445, 35.6025449976255], [35.7862178636628, 35.6025363911213], [35.7862148721874, 35.6025321821114], [35.786228926185, 35.6025284281578], [35.7862237190041, 35.6025164178447], [35.7862114970393, 35.6025217691373], [35.7862078536142, 35.6025180588658], [35.7861834303177, 35.6025282458539]]]}, "properties": {"name": "Acr_T3", "layer": "Acr_T3"}}, {"type": "Feature", "geometry": {"type": "Polygon", "coordinates": [[[35.7854790096893, 35.6024083840167], [35.7855350760713, 35.6024089268153], [35.7855353050542, 35.6024032070421], [35.7855517229445, 35.6024017368068], [35.7855511663079, 35.6023864529101], [35.7855289884772, 35.6023858607126], [35.7855279738785, 35.6023820163621], [35.7854776292927, 35.6023844892922], [35.7854790096893, 35.6024083840167]]]}, "properties": {"name": "Acr_T31", "layer": "Acr_T31"}}, {"type": "Feature", "geometry": {"type": "Polygon", "coordinates": [[[35.7855276592489, 35.6024774394185], [35.7855907292151, 35.6024781692043], [35.7855870906015, 35.6024523055526], [35.7855274079294, 35.6024545291579], [35.7855276592489, 35.6024774394185]]]}, "properties": {"name": "Acr_T37", "layer": "Acr_T37"}}, {"type": "Feature", "geometry": {"type": "Polygon", "coordinates": [[[35.7870058217822, 35.6029187248616], [35.7870304348915, 35.6029353822379], [35.7870400490765, 35.6029320258352], [35.7870559269087, 35.6029458693446], [35.7870676826256, 35.602936376374], [35.7870585842318, 35.6029268429563], [35.7870676496234, 35.6029214073299], [35.7870591412853, 35.6029129219478], [35.7870488132593, 35.6029183238741], [35.7870273773689, 35.602901235158], [35.7870058217822, 35.6029187248616]]]}, "properties": {"name": "Acr_T4", "layer": "Acr_T4"}}, {"type": "Feature", "geometry": {"type": "Polygon", "coordinates": [[[35.7871624749267, 35.6026364461729], [35.787177378925, 35.602643037665], [35.7871940901816, 35.6026202572032], [35.787199689496, 35.602622471215], [35.7872257342787, 35.6025875523992], [35.7871984102937, 35.6025754680073], [35.7871723655039, 35.6026103868168], [35.787179227447, 35.6026126345274], [35.7871624749267, 35.6026364461729]]]}, "properties": {"name": "Acr_T5", "layer": "Acr_T5"}}, {"type": "Feature", "geometry": {"type": "Polygon", "coordinates": [[[35.7864310920952, 35.6033828811004], [35.7864599677594, 35.6033877810838], [35.7864591507163, 35.6033924045638], [35.7864936670022, 35.6033984874018], [35.7864989529415, 35.6033769504833], [35.7864656373981, 35.603372448131], [35.7864622950731, 35.603377004199], [35.7864353340102, 35.6033716391833], [35.7864310920952, 35.6033828811004]]]}, "properties": {"name": "Acr_T6", "layer": "Acr_T6"}}, {"type": "Feature", "geometry": {"type": "Polygon", "coordinates": [[[35.7856418818646, 35.6025138903888], [35.7856687669206, 35.6025136539404], [35.7856654717424, 35.6024792106291], [35.7856595973012, 35.6024800080889], [35.7856588879949, 35.6024685373741], [35.785646010021, 35.6024691478299], [35.7856479247438, 35.6024796964163], [35.785639715791, 35.6024804315404], [35.7856418818646, 35.6025138903888]]]}, "properties": {"name": "Acr_T8", "layer": "Acr_T8"}}, {"type": "Feature", "geometry": {"type": "Polygon", "coordinates": [[[35.7861326728605, 35.6031198975276], [35.7862544823014, 35.6031147959641], [35.7862511067535, 35.6030571594286], [35.7861442197257, 35.6030301735003], [35.7861326728605, 35.6031198975276]]]}, "properties": {"name": "Acr_TB_Space-A", "layer": "Acr_TB_Space-A"}}, {"type": "Feature", "geometry": {"type": "Polygon", "coordinates": [[[35.7859114660299, 35.6034077568046], [35.7860354013447, 35.6034347340296], [35.7860549282271, 35.6033869906306], [35.78592471178, 35.6033607738934], [35.7859114660299, 35.6034077568046]]]}, "properties": {"name": "Acr_TB_Temple", "layer": "Acr_TB_Temple"}}, {"type": "Feature", "geometry": {"type": "Polygon", "coordinates": [[[35.786272383088, 35.6036314236562], [35.7865894173019, 35.6034679716945], [35.786616955975, 35.6035030898556], [35.7871624774486, 35.6032189477419], [35.7871893461651, 35.6030735368362], [35.7872097895858, 35.6028914224368], [35.7872313320793, 35.6025503157], [35.7864621762978, 35.6024395303397], [35.7863115816809, 35.602454850654], [35.7854504331509, 35.6023416030096], [35.7853607368345, 35.6024788889275], [35.7853031831865, 35.6026019905389], [35.7852232265822, 35.6027588768876], [35.7854421046185, 35.6030097009906], [35.7858673592671, 35.6034293545681], [35.786272383088, 35.6036314236562]]]}, "properties": {"name": "Acropole", "layer": "Acropole"}}, {"type": "Feature", "geometry": {"type": "Polygon", "coordinates": [[[35.782840547878, 35.6013369183453], [35.782973839014, 35.6013516435832], [35.7829717104867, 35.6013610324782], [35.7830328404091, 35.6013661008829], [35.783111917052, 35.6013693589472], [35.7831154903352, 35.6013414033385], [35.7831877776177, 35.6013479147542], [35.7831876287064, 35.6013516318387], [35.7832448846414, 35.6013571690881], [35.7832706301569, 35.601344403955], [35.7832596187481, 35.6013043229628], [35.7833114827394, 35.6012782301777], [35.7832768807405, 35.6012146199797], [35.7832761476626, 35.6012329194746], [35.7832782597103, 35.6012326896743], [35.78326842702, 35.6012856667728], [35.7832548762449, 35.6012827285636], [35.7832312736408, 35.6013207396935], [35.7831321976626, 35.6012742981764], [35.7831338042463, 35.6012691888655], [35.7830357765359, 35.6012665693381], [35.7830361953662, 35.6012648631165], [35.7828570872349, 35.6012477685944], [35.782840547878, 35.6013369183453]]]}, "properties": {"name": "Between the Royal Palace and the Southern Palace", "layer": "Between_the_Royal_Palace_and_the_Southern_Palace"}}, {"type": "Feature", "geometry": {"type": "Polygon", "coordinates": [[[35.7855904327829, 35.6015310273628], [35.7855667015165, 35.601629114599], [35.7855876486868, 35.6016346936305], [35.7855980730551, 35.6016472423717], [35.7856455810622, 35.6016546460952], [35.7856647493114, 35.6016534846718], [35.7856846889631, 35.6016501128615], [35.7856946318849, 35.6016576290328], [35.7856947788044, 35.6016710188408], [35.7857403386667, 35.6016588494277], [35.7857038153701, 35.6014793957669], [35.7856546085336, 35.6014803128866], [35.7856553169152, 35.6015137965142], [35.7855904327829, 35.6015310273628]]]}, "properties": {"name": "Block I", "layer": "Block_I"}}, {"type": "Feature", "geometry": {"type": "Polygon", "coordinates": [[[35.7857735036364, 35.6016151153205], [35.7858699063496, 35.6016294018886], [35.7858531387602, 35.601502346034], [35.7858099377999, 35.6015067700414], [35.7858071381817, 35.6014743460681], [35.7857164647285, 35.6014875419447], [35.7857287965809, 35.601554800638], [35.785761127136, 35.6015489709294], [35.7857735036364, 35.6016151153205]]]}, "properties": {"name": "Block II", "layer": "Block_II"}}, {"type": "Feature", "geometry": {"type": "Polygon", "coordinates": [[[35.785891544894, 35.6016177092239], [35.7859331830912, 35.6014475931211], [35.7858659271305, 35.6014558368728], [35.785891544894, 35.6016177092239]]]}, "properties": {"name": "Block III", "layer": "Block_III"}}, {"type": "Feature", "geometry": {"type": "Polygon", "coordinates": [[[35.7856043810881, 35.6014555464548], [35.7856646590535, 35.6014510207483], [35.7858306317101, 35.6014504325453], [35.7858355014396, 35.6013970190202], [35.7858169183091, 35.6013323821549], [35.7857418028524, 35.601264004895], [35.7857340980692, 35.6012688188828], [35.7856634904168, 35.601207254879], [35.7856043810881, 35.6014555464548]]]}, "properties": {"name": "Block IV", "layer": "Block_IV"}}, {"type": "Feature", "geometry": {"type": "Polygon", "coordinates": [[[35.7857091760365, 35.6008336699009], [35.7857756823909, 35.600827079445], [35.7857722320767, 35.6007767902469], [35.7857260889339, 35.6007694230277], [35.7857091760365, 35.6008336699009]]]}, "properties": {"name": "Block IX", "layer": "Block_IX"}}, {"type": "Feature", "geometry": {"type": "Polygon", "coordinates": [[[35.7859371069623, 35.6014348697419], [35.7859778174437, 35.6012708640446], [35.7858324616886, 35.6013194112695], [35.7858474948864, 35.6014386123872], [35.7859371069623, 35.6014348697419]]]}, "properties": {"name": "Block V", "layer": "Block_V"}}, {"type": "Feature", "geometry": {"type": "Polygon", "coordinates": [[[35.7858244984508, 35.6013136212025], [35.7858723499693, 35.6012953777213], [35.7858770137769, 35.6012982909672], [35.7859160191368, 35.6012792535381], [35.7859358117226, 35.6012624918701], [35.7859401724592, 35.6012559153521], [35.7859419828526, 35.6012448087812], [35.7859431556598, 35.6012325696971], [35.7859523363065, 35.6012250063724], [35.7859057966093, 35.6011763554775], [35.7859531797115, 35.6011698121062], [35.7859435450088, 35.601120473289], [35.7858854316581, 35.6009856206136], [35.7857548929263, 35.6010222929597], [35.7856971656087, 35.6010313487857], [35.7856945929841, 35.6010273758785], [35.7856322018746, 35.601033518421], [35.7856324695092, 35.6010268326242], [35.7856098458776, 35.601029017274], [35.7856040839149, 35.6011047167746], [35.7857395647538, 35.6012516747419], [35.7858244984508, 35.6013136212025]]]}, "properties": {"name": "Block VI", "layer": "Block_VI"}}, {"type": "Feature", "geometry": {"type": "Polygon", "coordinates": [[[35.7859877968745, 35.6012092207498], [35.7860488084323, 35.6009816163051], [35.7859687119858, 35.6009694384839], [35.7859702993609, 35.6009639034109], [35.7859574716485, 35.6009602144615], [35.7859530440294, 35.6009684624311], [35.78590210316, 35.6009615249304], [35.7859266475609, 35.6010307829048], [35.7859314005592, 35.6010314675484], [35.7859671133561, 35.6011629334227], [35.7859877968745, 35.6012092207498]]]}, "properties": {"name": "Block VII", "layer": "Block_VII"}}, {"type": "Feature", "geometry": {"type": "Polygon", "coordinates": [[[35.7860516131857, 35.6009627278442], [35.7860816038665, 35.6008447287618], [35.7859793208571, 35.600840882554], [35.7859689137372, 35.60087908913], [35.7860020954679, 35.6008861102159], [35.7859836176832, 35.6009553350604], [35.7860516131857, 35.6009627278442]]]}, "properties": {"name": "Block VIII", "layer": "Block_VIII"}}, {"type": "Feature", "geometry": {"type": "Polygon", "coordinates": [[[35.7857736502157, 35.6007584225164], [35.7857941603143, 35.6007578546391], [35.7857900305516, 35.6008269047916], [35.7858815769876, 35.6008260025434], [35.7858817330945, 35.6008221024942], [35.7859783224201, 35.6008146418677], [35.785983022702, 35.6007483956628], [35.7859912758012, 35.600746942768], [35.7859760285588, 35.6006160232904], [35.785900203985, 35.6005994975204], [35.7859233901027, 35.600532071627], [35.7859357859575, 35.6004783012795], [35.7858568759852, 35.6004706170356], [35.7857736502157, 35.6007584225164]]]}, "properties": {"name": "Block X", "layer": "Block_X"}}, {"type": "Feature", "geometry": {"type": "Polygon", "coordinates": [[[35.7860876502305, 35.6008130986986], [35.7861293675721, 35.6006580437284], [35.786091111652, 35.6006754280089], [35.7860857433883, 35.6006730537103], [35.7860053249292, 35.6007713008993], [35.7860718576093, 35.6007981757004], [35.7860695880615, 35.600803692563], [35.7860876502305, 35.6008130986986]]]}, "properties": {"name": "Block XI", "layer": "Block_XI"}}, {"type": "Feature", "geometry": {"type": "Polygon", "coordinates": [[[35.785864541433, 35.6004411914748], [35.7858864158119, 35.6004406600044], [35.7858925397177, 35.60044974743], [35.7858994350077, 35.6004566244689], [35.7859135154974, 35.6004631355965], [35.7859369838331, 35.6004654353999], [35.7859500952957, 35.6004108475375], [35.7859460022137, 35.6004107382595], [35.7859433586451, 35.6003744142338], [35.7859477816652, 35.6003748111932], [35.7859384212125, 35.6003271529316], [35.7858957469688, 35.6003354952665], [35.785864541433, 35.6004411914748]]]}, "properties": {"name": "Block XII", "layer": "Block_XII"}}, {"type": "Feature", "geometry": {"type": "Polygon", "coordinates": [[[35.7861393843467, 35.6006295872577], [35.786246932308, 35.6002288598755], [35.7861681427122, 35.6002437677433], [35.7860509189655, 35.6002805170364], [35.7860465851473, 35.6002778914809], [35.7859607321843, 35.6003071817341], [35.7859783750925, 35.6003185287988], [35.7859657365299, 35.6003527715862], [35.785961005871, 35.6003515297961], [35.7859526073524, 35.6003992716709], [35.7859599329343, 35.600403929213], [35.7859427973189, 35.6004737476356], [35.7859508942885, 35.6004761947918], [35.7859336248425, 35.6005493561109], [35.7859155130448, 35.6005923766891], [35.7859906108338, 35.6006099985363], [35.7859880108445, 35.6006578952205], [35.7859920056186, 35.6006775229594], [35.7859962365754, 35.6007083119102], [35.7859937217243, 35.6007199574208], [35.7860213567286, 35.600729061395], [35.7860750849103, 35.6006663550874], [35.7861393843467, 35.6006295872577]]]}, "properties": {"name": "Block XIII", "layer": "Block_XIII"}}, {"type": "Feature", "geometry": {"type": "Polygon", "coordinates": [[[35.7859039245245, 35.6003103361828], [35.7859657088975, 35.6002852139432], [35.7859668502565, 35.6002908218687], [35.7860042900332, 35.600276762306], [35.7860342258269, 35.6002625023944], [35.7861270426625, 35.6002298423721], [35.786185126138, 35.6002118719044], [35.7861876095712, 35.6002180734019], [35.786255288125, 35.6001992435601], [35.7863171139027, 35.5999683141773], [35.7861577388949, 35.5999406342488], [35.7861470512043, 35.5999687939419], [35.7861035702852, 35.5999631711862], [35.7860911837359, 35.5999996517005], [35.7860464499478, 35.5999912067491], [35.7860347901433, 35.6000265911681], [35.7859839390543, 35.6000174251319], [35.7859039245245, 35.6003103361828]]]}, "properties": {"name": "Block XIV", "layer": "Block_XIV"}}, {"type": "Feature", "geometry": {"type": "Polygon", "coordinates": [[[35.7838156614057, 35.6019789620067], [35.7838931631839, 35.6020579517382], [35.7839230706551, 35.6020188667161], [35.7839856514705, 35.6020458222034], [35.783992699923, 35.6019787062152], [35.7840412103708, 35.601888838679], [35.7839683532143, 35.6018462960733], [35.7838959254493, 35.6018910111948], [35.7838737320783, 35.6018790228452], [35.7838156614057, 35.6019789620067]]]}, "properties": {"name": "Building with the Stone Vase", "layer": "Building_with_the_Stone_Vase"}}, {"type": "Feature", "geometry": {"type": "Polygon", "coordinates": [[[35.782075015595, 35.602079308171], [35.7825186650535, 35.6021132600926], [35.7824940102153, 35.6023396292638], [35.7825950972468, 35.6025513322398], [35.7828006373144, 35.6026931586484], [35.7830425644751, 35.6027828511045], [35.783194088008, 35.602046546027], [35.7826324420796, 35.6020516607058], [35.7825284657095, 35.6020054260622], [35.7825536751012, 35.6017215392937], [35.7821125719352, 35.6016708184388], [35.782075015595, 35.602079308171]]]}, "properties": {"name": "Mound Northwest of Tell", "layer": "Butte_NW"}}, {"type": "Feature", "geometry": {"type": "Polygon", "coordinates": [[[35.7867404937858, 35.6018771307107], [35.7867827065264, 35.6018927859397], [35.7867825192717, 35.6018929291915], [35.7867834140616, 35.6018932495748], [35.7867985082565, 35.6018653367316], [35.7867545533579, 35.6018478560079], [35.7867404937858, 35.6018771307107]]]}, "properties": {"name": "Cella aux Tablettes", "layer": "Cella_aux_tablettes"}}, {"type": "Feature", "geometry": {"type": "Polygon", "coordinates": [[[35.7851288223851, 35.6019457056341], [35.7852739702101, 35.6019253603852], [35.7854822819743, 35.6018582587938], [35.7853606086078, 35.6015885742369], [35.7854544958588, 35.6015151875616], [35.7854574017331, 35.6014426009227], [35.7853928978384, 35.6013746732928], [35.7853295027379, 35.6013778247102], [35.7852961476169, 35.6013220321384], [35.785110918834, 35.6013558399145], [35.7851062313581, 35.6014235346774], [35.7850732474112, 35.6015066213674], [35.7850484864968, 35.6015818538484], [35.7850392675886, 35.6016639604329], [35.7851288223851, 35.6019457056341]]]}, "properties": {"name": "Centre de la Ville", "layer": "Centre_de_la_Ville"}}, {"type": "Feature", "geometry": {"type": "Polygon", "coordinates": [[[35.785438027148, 35.6016342661051], [35.7850502602063, 35.6016215086593], [35.7850333617299, 35.601933361747], [35.7854233339447, 35.6019461781729], [35.785438027148, 35.6016342661051]]]}, "properties": {"name": "Chantier Nord", "layer": "Chantier_Nord"}}, {"type": "Feature", "geometry": {"type": "Polygon", "coordinates": [[[35.7850506651826, 35.6016229967686], [35.7854371008933, 35.6016337415676], [35.7854458190612, 35.6013639446095], [35.7850593676363, 35.6013536246953], [35.7850506651826, 35.6016229967686]]]}, "properties": {"name": "Chantier Sud", "layer": "Chantier_Sud"}}, {"type": "Feature", "geometry": {"type": "Polygon", "coordinates": [[[35.782717337782, 35.6018326406273], [35.7828650065294, 35.6018574515682], [35.7828752071895, 35.6017995699211], [35.7828784472744, 35.6018001004354], [35.7828868196476, 35.6017539339553], [35.7828906027059, 35.6017544789797], [35.7828997717604, 35.6017087777144], [35.7828732726011, 35.6017054059945], [35.7828523296333, 35.6017031360227], [35.7828188567951, 35.6016990842576], [35.7827905261755, 35.6016949820095], [35.7827438076244, 35.6016875184937], [35.782717337782, 35.6018326406273]]]}, "properties": {"name": "Cour I", "layer": "Cour_I"}}, {"type": "Feature", "geometry": {"type": "Polygon", "coordinates": [[[35.7830512091722, 35.6019142558804], [35.7832314567921, 35.601939936971], [35.7832302731296, 35.601942346933], [35.7832459750352, 35.6019438763217], [35.7832494538243, 35.6019248804765], [35.7832627212159, 35.6019261228471], [35.7832632147688, 35.6019205869648], [35.7832670156035, 35.601920688527], [35.7832681448298, 35.6019060691548], [35.783236705502, 35.6019038972838], [35.7832377636721, 35.6018910517159], [35.7832632746697, 35.6018919553615], [35.7832672114733, 35.6018683105349], [35.7832563786006, 35.6018673551809], [35.7832570903458, 35.6018631569059], [35.7832746926529, 35.6018647370711], [35.783275607554, 35.6018418993473], [35.7832612897545, 35.6018397410593], [35.7832650805629, 35.6018265245841], [35.783250237556, 35.6018239083351], [35.7832451150899, 35.6018235081784], [35.7832379774057, 35.6018221267633], [35.7832296755402, 35.6018215831909], [35.7830723269783, 35.6018009532844], [35.783061228158, 35.6018676894629], [35.7830598914363, 35.6018739891321], [35.7830566333528, 35.6018839254094], [35.7830539268399, 35.6018939079258], [35.7830512091722, 35.6019142558804]]]}, "properties": {"name": "Cour II", "layer": "Cour_II"}}, {"type": "Feature", "geometry": {"type": "Polygon", "coordinates": [[[35.7833222522108, 35.6016849972103], [35.7834062534341, 35.6016912370641], [35.7834053042118, 35.6017285014576], [35.7835852143289, 35.6017151075304], [35.7837687806815, 35.6016782829514], [35.7836940337326, 35.6014410053006], [35.7835125788143, 35.6014929796681], [35.7835158467244, 35.6015063847537], [35.7833468598823, 35.6015320564547], [35.7833222522108, 35.6016849972103]]]}, "properties": {"name": "Cour III", "layer": "Cour_III"}}, {"type": "Feature", "geometry": {"type": "Polygon", "coordinates": [[[35.7831121467582, 35.6015871573596], [35.7831031588429, 35.6016362674245], [35.7831034319877, 35.6016350904129], [35.7831024043356, 35.6016403900593], [35.7831031588429, 35.6016362674245], [35.7830994901544, 35.6016520762149], [35.7830990410081, 35.601656503469], [35.7830981110678, 35.6016593641355], [35.7832228581059, 35.6016729078919], [35.7832259815793, 35.6016627810652], [35.7832300361238, 35.6016633333334], [35.7832309838246, 35.6016600292147], [35.7832327803807, 35.6016423201948], [35.7832344436972, 35.6016279370569], [35.7832374289183, 35.6016144770931], [35.783237535509, 35.6016118163874], [35.783233734689, 35.6016117148251], [35.783235362474, 35.601598218589], [35.7831121467582, 35.6015871573596]]]}, "properties": {"name": "Cour IV", "layer": "Cour_IV"}}, {"type": "Feature", "geometry": {"type": "Polygon", "coordinates": [[[35.783081787621, 35.6016555766171], [35.7830992582884, 35.601656902182], [35.7831022040685, 35.6016402361148], [35.7830851121432, 35.6016382050822], [35.783081787621, 35.6016555766171]]]}, "properties": {"name": "Cour IV-VI", "layer": "Cour_IV-VI"}}, {"type": "Feature", "geometry": {"type": "Polygon", "coordinates": [[[35.7830326659121, 35.601501257857], [35.7832227611808, 35.6015249073243], [35.7832239313814, 35.601483358534], [35.7832158085686, 35.6014825359473], [35.7832161801332, 35.6014732610083], [35.7832243433325, 35.6014730754493], [35.7832252596072, 35.6014440342605], [35.7832168576083, 35.6014440115936], [35.7832173018695, 35.6014329219926], [35.7832251939523, 35.6014333347237], [35.7832259037324, 35.6014032787922], [35.7831825578762, 35.6013994965474], [35.783180963511, 35.6014022797728], [35.7831103351582, 35.601394740794], [35.7831104356208, 35.601386064146], [35.7830791061154, 35.6013846214157], [35.7830778116393, 35.601392256932], [35.7830657629939, 35.6013907238928], [35.7830653373902, 35.6013828405669], [35.7830347323715, 35.6013818208751], [35.7830326659121, 35.601501257857]]]}, "properties": {"name": "Cour V", "layer": "Cour_V"}}, {"type": "Feature", "geometry": {"type": "Polygon", "coordinates": [[[35.7831969463414, 35.6014011849123], [35.7832103233323, 35.6014019001584], [35.7832110915266, 35.6013914730839], [35.7831973758926, 35.6013904625532], [35.7831969463414, 35.6014011849123]]]}, "properties": {"name": "Cour V-68", "layer": "Cour_V-68"}}, {"type": "Feature", "geometry": {"type": "Polygon", "coordinates": [[[35.7830214291044, 35.6014792525946], [35.7830343455697, 35.6014805280252], [35.7830347455222, 35.601467264535], [35.783021776705, 35.6014662023822], [35.7830214291044, 35.6014792525946]]]}, "properties": {"name": "Cour V-80", "layer": "Cour_V-80"}}, {"type": "Feature", "geometry": {"type": "Polygon", "coordinates": [[[35.7829087555211, 35.601639238007], [35.7830819455409, 35.6016592064098], [35.7831010002533, 35.6015660595456], [35.7829262968312, 35.601546858111], [35.7829087555211, 35.601639238007]]]}, "properties": {"name": "Cour VI", "layer": "Cour_VI"}}, {"type": "Feature", "geometry": {"type": "Polygon", "coordinates": [[[35.7851379786892, 35.601910458523], [35.7851821197819, 35.6019147649408], [35.7852255967541, 35.6019083303414], [35.7852007811431, 35.6018312643757], [35.7852118182704, 35.6018288783038], [35.7851957599743, 35.6017927052494], [35.7851325377545, 35.6018003997468], [35.7851466706194, 35.6018436702335], [35.7851335011158, 35.6018446589451], [35.7851379786892, 35.601910458523]]]}, "properties": {"name": "CV_House_A", "layer": "CV_House_A"}}, {"type": "Feature", "geometry": {"type": "Polygon", "coordinates": [[[35.785181230036, 35.6019210560656], [35.7851951349639, 35.601919212509], [35.7851967552563, 35.6019126111155], [35.785182335087, 35.6019137764464], [35.785181230036, 35.6019210560656]]]}, "properties": {"name": "CV_House_A_1036", "layer": "CV_House_A_1036"}}, {"type": "Feature", "geometry": {"type": "Polygon", "coordinates": [[[35.7851385475225, 35.6019099152106], [35.7851714675757, 35.6019143687719], [35.7851728628821, 35.6018931829035], [35.7851650787098, 35.6018621456367], [35.7851623931689, 35.6018404039858], [35.785134025274, 35.6018452314463], [35.7851385475225, 35.6019099152106]]]}, "properties": {"name": "CV_House_A_1040", "layer": "CV_House_A_1040"}}, {"type": "Feature", "geometry": {"type": "Polygon", "coordinates": [[[35.7851818867406, 35.6019137534113], [35.7852234152372, 35.6019081603839], [35.7852125486329, 35.601872125974], [35.7851770405437, 35.6018776563724], [35.7851801460258, 35.6018889093731], [35.7851818867406, 35.6019137534113]]]}, "properties": {"name": "CV_House_A_1041", "layer": "CV_House_A_1041"}}, {"type": "Feature", "geometry": {"type": "Polygon", "coordinates": [[[35.7851750958008, 35.6018715726008], [35.785210850331, 35.6018667189882], [35.7852016731025, 35.6018363147262], [35.7851695512203, 35.6018392547345], [35.785171031351, 35.60185694297], [35.7851750958008, 35.6018715726008]]]}, "properties": {"name": "CV_House_A_1043", "layer": "CV_House_A_1043"}}, {"type": "Feature", "geometry": {"type": "Polygon", "coordinates": [[[35.785144967855, 35.6018383748284], [35.7851837280969, 35.6018336014921], [35.7851774866, 35.601818690322], [35.7851734973616, 35.6017953500462], [35.7851328065347, 35.6018005186254], [35.785144967855, 35.6018383748284]]]}, "properties": {"name": "CV_House_A_1046", "layer": "CV_House_A_1046"}}, {"type": "Feature", "geometry": {"type": "Polygon", "coordinates": [[[35.7851922434516, 35.6018327118876], [35.7852120513119, 35.6018298898333], [35.7852032828316, 35.6018097729502], [35.7851851859405, 35.6018108534837], [35.7851849804406, 35.6018159862274], [35.7851874448744, 35.6018227540813], [35.7851882787568, 35.60182925499], [35.7851922434516, 35.6018327118876]]]}, "properties": {"name": "CV_House_A_1047", "layer": "CV_House_A_1047"}}, {"type": "Feature", "geometry": {"type": "Polygon", "coordinates": [[[35.7851378825924, 35.6018605088185], [35.7851503089746, 35.6018596500106], [35.7851477647297, 35.6018443019431], [35.7851365360803, 35.601845589623], [35.7851378825924, 35.6018605088185]]]}, "properties": {"name": "CV_House_A_1076", "layer": "CV_House_A_1076"}}, {"type": "Feature", "geometry": {"type": "Polygon", "coordinates": [[[35.7852327905498, 35.6019062884356], [35.7854101277203, 35.6018632161322], [35.7853978947964, 35.6018271452519], [35.7852963210802, 35.6018499006196], [35.7852823236403, 35.6018169102283], [35.78520925703, 35.6018381927642], [35.7852327905498, 35.6019062884356]]]}, "properties": {"name": "CV_House_B", "layer": "CV_House_B"}}, {"type": "Feature", "geometry": {"type": "Polygon", "coordinates": [[[35.7852336326306, 35.6019057524196], [35.7852869234426, 35.6018933246336], [35.7852756584793, 35.6018604072101], [35.7852538217277, 35.6018660793123], [35.7852235105605, 35.6018784505467], [35.7852336326306, 35.6019057524196]]]}, "properties": {"name": "CV_House_B_1042", "layer": "CV_House_B_1042"}}, {"type": "Feature", "geometry": {"type": "Polygon", "coordinates": [[[35.7852210014487, 35.6018727985072], [35.7852468066286, 35.601863657964], [35.785242177801, 35.6018494600666], [35.7852161261815, 35.6018579238237], [35.7852210014487, 35.6018727985072]]]}, "properties": {"name": "CV_House_B_1044", "layer": "CV_House_B_1044"}}, {"type": "Feature", "geometry": {"type": "Polygon", "coordinates": [[[35.7852518591098, 35.6018604418673], [35.7852750442302, 35.6018552525753], [35.7852947307328, 35.6018486294432], [35.7852817458741, 35.6018176767044], [35.7852402315707, 35.6018297487722], [35.7852518591098, 35.6018604418673]]]}, "properties": {"name": "CV_House_B_1045", "layer": "CV_House_B_1045"}}, {"type": "Feature", "geometry": {"type": "Polygon", "coordinates": [[[35.7852152297537, 35.6018529850545], [35.7852404258896, 35.6018453920578], [35.7852349773205, 35.6018311722694], [35.7852092793668, 35.6018376348572], [35.7852152297537, 35.6018529850545]]]}, "properties": {"name": "CV_House_B_1062", "layer": "CV_House_B_1062"}}, {"type": "Feature", "geometry": {"type": "Polygon", "coordinates": [[[35.7852953468516, 35.6018913155597], [35.7853282028713, 35.6018837036935], [35.7853177256171, 35.6018447754711], [35.7852956066898, 35.6018506634472], [35.7852954905415, 35.6018535645636], [35.7852813226027, 35.6018589946566], [35.7852953468516, 35.6018913155597]]]}, "properties": {"name": "CV_House_B_1067", "layer": "CV_House_B_1067"}}, {"type": "Feature", "geometry": {"type": "Polygon", "coordinates": [[[35.7853046972954, 35.601881533562], [35.7853143800076, 35.6018794108111], [35.7853128016578, 35.6018733161465], [35.7853026374727, 35.6018753268184], [35.7853046972954, 35.601881533562]]]}, "properties": {"name": "CV_House_B_1072", "layer": "CV_House_B_1072"}}, {"type": "Feature", "geometry": {"type": "Polygon", "coordinates": [[[35.7853069760304, 35.6018883414808], [35.7853276922936, 35.6018837351642], [35.785325906935, 35.6018767419776], [35.7853046933273, 35.6018816326776], [35.7853069760304, 35.6018883414808]]]}, "properties": {"name": "CV_House_B_1074", "layer": "CV_House_B_1074"}}, {"type": "Feature", "geometry": {"type": "Polygon", "coordinates": [[[35.78533455905, 35.6018820862166], [35.7853874016145, 35.601867189], [35.7853712628227, 35.60183302443], [35.7853243282374, 35.6018438347797], [35.78533455905, 35.6018820862166]]]}, "properties": {"name": "CV_House_B_1265", "layer": "CV_House_B_1265"}}, {"type": "Feature", "geometry": {"type": "Polygon", "coordinates": [[[35.7853940087033, 35.6018661367235], [35.7854097535851, 35.6018623125361], [35.7853977581725, 35.6018271416036], [35.7853787075207, 35.6018315477186], [35.7853940087033, 35.6018661367235]]]}, "properties": {"name": "CV_House_B_1282", "layer": "CV_House_B_1282"}}, {"type": "Feature", "geometry": {"type": "Polygon", "coordinates": [[[35.7853964518619, 35.6018221918903], [35.785387990811, 35.6017875621387], [35.785333548269, 35.6017945975831], [35.7853292909544, 35.6017779521942], [35.785309634995, 35.6017769805012], [35.7852063860994, 35.6018005846654], [35.7852194513383, 35.6018295289458], [35.7852864350127, 35.601809871175], [35.7853009432111, 35.6018437688106], [35.7853964518619, 35.6018221918903]]]}, "properties": {"name": "CV_House_C", "layer": "CV_House_C"}}, {"type": "Feature", "geometry": {"type": "Polygon", "coordinates": [[[35.7852189361142, 35.601828733282], [35.7852507527301, 35.6018197532712], [35.7852400573634, 35.6017931062941], [35.7852060994496, 35.6018009121125], [35.7852189361142, 35.601828733282]]]}, "properties": {"name": "CV_House_C_1048", "layer": "CV_House_C_1048"}}, {"type": "Feature", "geometry": {"type": "Polygon", "coordinates": [[[35.785257126774, 35.6018176894726], [35.7852859108535, 35.6018092986743], [35.7852883931648, 35.6018156202009], [35.7853179880497, 35.601807474448], [35.7853101948918, 35.6017766603506], [35.7852461313539, 35.6017917046874], [35.785257126774, 35.6018176894726]]]}, "properties": {"name": "CV_House_C_1049", "layer": "CV_House_C_1049"}}, {"type": "Feature", "geometry": {"type": "Polygon", "coordinates": [[[35.7853004011826, 35.6018436426355], [35.7853247060902, 35.6018378130325], [35.7853183826602, 35.6018112828092], [35.7852901361437, 35.6018199113719], [35.7853004011826, 35.6018436426355]]]}, "properties": {"name": "CV_House_C_1064", "layer": "CV_House_C_1064"}}, {"type": "Feature", "geometry": {"type": "Polygon", "coordinates": [[[35.7853319088118, 35.6018355479575], [35.7853967295768, 35.6018220876055], [35.7853866022371, 35.6017880835626], [35.7853225602884, 35.6017957562712], [35.7853319088118, 35.6018355479575]]]}, "properties": {"name": "CV_House_C_1066", "layer": "CV_House_C_1066"}}, {"type": "Feature", "geometry": {"type": "Polygon", "coordinates": [[[35.7853094822503, 35.6018287762369], [35.7853199747972, 35.601827667327], [35.7853175145155, 35.6018162903676], [35.7853072805634, 35.6018170092965], [35.7853094822503, 35.6018287762369]]]}, "properties": {"name": "CV_House_C_1080", "layer": "CV_House_C_1080"}}, {"type": "Feature", "geometry": {"type": "Polygon", "coordinates": [[[35.7852579606706, 35.6017831962282], [35.785334056028, 35.6017682497787], [35.7853409564763, 35.6017871997628], [35.7853914842038, 35.6017822937904], [35.785359127754, 35.6017296006409], [35.7852963180411, 35.6016586689542], [35.7852229731257, 35.6016732420292], [35.7852579606706, 35.6017831962282]]]}, "properties": {"name": "CV_House_D", "layer": "CV_House_D"}}, {"type": "Feature", "geometry": {"type": "Polygon", "coordinates": [[[35.7852550695439, 35.6017837593195], [35.7852967981964, 35.6017750959767], [35.7852888463336, 35.6017461882797], [35.7852436309241, 35.6017509324615], [35.7852550695439, 35.6017837593195]]]}, "properties": {"name": "CV_House_D_1042", "layer": "CV_House_D_1042"}}, {"type": "Feature", "geometry": {"type": "Polygon", "coordinates": [[[35.7852301230696, 35.6016982824371], [35.7852826520247, 35.6016928833293], [35.7852689550089, 35.6016644598859], [35.7852225296874, 35.6016734229141], [35.7852301230696, 35.6016982824371]]]}, "properties": {"name": "CV_House_D_1224", "layer": "CV_House_D_1224"}}, {"type": "Feature", "geometry": {"type": "Polygon", "coordinates": [[[35.785243532457, 35.6017468912273], [35.7852722668073, 35.6017442576299], [35.7852906612673, 35.6017398600015], [35.7852785057301, 35.6016989367922], [35.7852309929893, 35.6017025568309], [35.785243532457, 35.6017468912273]]]}, "properties": {"name": "CV_House_D_1241", "layer": "CV_House_D_1241"}}, {"type": "Feature", "geometry": {"type": "Polygon", "coordinates": [[[35.7853904742673, 35.6017820611929], [35.7853810750657, 35.6017307962465], [35.7853262147258, 35.6017359205819], [35.785337131299, 35.6017882888421], [35.7853904742673, 35.6017820611929]]]}, "properties": {"name": "CV_House_D_1275", "layer": "CV_House_D_1275"}}, {"type": "Feature", "geometry": {"type": "Polygon", "coordinates": [[[35.7851322414371, 35.6017941365951], [35.785195392174, 35.6017882273998], [35.785183680522, 35.6017664681086], [35.7852195600899, 35.6017584902121], [35.7852036164748, 35.6017057885192], [35.7851378866901, 35.6017214585066], [35.7851086365499, 35.6017278262112], [35.7851322414371, 35.6017941365951]]]}, "properties": {"name": "CV_House_E", "layer": "CV_House_E"}}, {"type": "Feature", "geometry": {"type": "Polygon", "coordinates": [[[35.7851387308216, 35.6017938175679], [35.785191867543, 35.6017878789015], [35.7851818219476, 35.6017676128066], [35.7851777382073, 35.6017484492165], [35.7851286343388, 35.6017575141165], [35.7851387308216, 35.6017938175679]]]}, "properties": {"name": "CV_House_E_1050", "layer": "CV_House_E_1050"}}, {"type": "Feature", "geometry": {"type": "Polygon", "coordinates": [[[35.7851858070156, 35.6017488533528], [35.7851895122495, 35.6017659315885], [35.7852182117678, 35.6017587743367], [35.7852126755947, 35.6017412698895], [35.7851858070156, 35.6017488533528]]]}, "properties": {"name": "CV_House_E_1201", "layer": "CV_House_E_1201"}}, {"type": "Feature", "geometry": {"type": "Polygon", "coordinates": [[[35.7851605531286, 35.6017161069584], [35.7851176569702, 35.6017259036085], [35.7851262696003, 35.6017531118139], [35.7851672518415, 35.6017449619784], [35.7851605531286, 35.6017161069584]]]}, "properties": {"name": "CV_House_E_1206", "layer": "CV_House_E_1206"}}, {"type": "Feature", "geometry": {"type": "Polygon", "coordinates": [[[35.7851673430503, 35.6017138357205], [35.7851742423374, 35.6017434507316], [35.7851828405583, 35.6017421710774], [35.785183703208, 35.6017437033844], [35.7852119789387, 35.601735591523], [35.7852021024867, 35.6017053310328], [35.7851673430503, 35.6017138357205]]]}, "properties": {"name": "CV_House_E_1209", "layer": "CV_House_E_1209"}}, {"type": "Feature", "geometry": {"type": "Polygon", "coordinates": [[[35.7852005876783, 35.6016994523972], [35.7851656314647, 35.6016297112681], [35.7851018375358, 35.6016516881729], [35.7851326183103, 35.6017164029823], [35.7852005876783, 35.6016994523972]]]}, "properties": {"name": "CV_House_F", "layer": "CV_House_F"}}, {"type": "Feature", "geometry": {"type": "Polygon", "coordinates": [[[35.7851448481169, 35.6017123687896], [35.7851699152211, 35.6017070189459], [35.7851631454419, 35.6016834610097], [35.7851344468718, 35.6016938932407], [35.7851448481169, 35.6017123687896]]]}, "properties": {"name": "CV_House_F_1221", "layer": "CV_House_F_1221"}}, {"type": "Feature", "geometry": {"type": "Polygon", "coordinates": [[[35.7851738979846, 35.6017060054425], [35.7852000147771, 35.6017001236927], [35.7851885549686, 35.6016781203063], [35.7851676250575, 35.6016828807238], [35.7851738979846, 35.6017060054425]]]}, "properties": {"name": "CV_House_F_1222", "layer": "CV_House_F_1222"}}, {"type": "Feature", "geometry": {"type": "Polygon", "coordinates": [[[35.7851858346408, 35.6016732882406], [35.7851644559895, 35.6016293226159], [35.7851337140425, 35.6016394203128], [35.7851320969724, 35.6016883711516], [35.7851858346408, 35.6016732882406]]]}, "properties": {"name": "CV_House_F_1258", "layer": "CV_House_F_1258"}}, {"type": "Feature", "geometry": {"type": "Polygon", "coordinates": [[[35.785221512335, 35.6016687349917], [35.7852942571455, 35.6016554863006], [35.7852714666817, 35.601582495652], [35.7851956320788, 35.6016045978739], [35.785201314409, 35.6016266429548], [35.785221512335, 35.6016687349917]]]}, "properties": {"name": "CV_House_G", "layer": "CV_House_G"}}, {"type": "Feature", "geometry": {"type": "Polygon", "coordinates": [[[35.785219954572, 35.601668481319], [35.7852925401327, 35.6016560235305], [35.7852822654895, 35.6016235189917], [35.7852071256184, 35.601640635653], [35.785219954572, 35.601668481319]]]}, "properties": {"name": "CV_House_G_1260", "layer": "CV_House_G_1260"}}, {"type": "Feature", "geometry": {"type": "Polygon", "coordinates": [[[35.7852185316296, 35.6016078682018], [35.7852332751456, 35.6016040658628], [35.7852293600658, 35.6015940586138], [35.7852141992559, 35.6015980176511], [35.7852185316296, 35.6016078682018]]]}, "properties": {"name": "CV_House_G_86", "layer": "CV_House_G_86"}}, {"type": "Feature", "geometry": {"type": "Polygon", "coordinates": [[[35.7852386322977, 35.601629385275], [35.7852813452605, 35.6016199518277], [35.7852699087787, 35.6015822175819], [35.7852416535056, 35.6015898551608], [35.7852490730857, 35.6016098586936], [35.7852336465687, 35.6016153212187], [35.7852386322977, 35.601629385275]]]}, "properties": {"name": "CV_House_G_87", "layer": "CV_House_G_87"}}, {"type": "Feature", "geometry": {"type": "Polygon", "coordinates": [[[35.7851278909701, 35.6019156294773], [35.785125348639, 35.6019384858998], [35.7852665839563, 35.601936609562], [35.7853942850933, 35.6018968289262], [35.7853965272728, 35.6018713065888], [35.7853731384797, 35.60187633005], [35.7853479913467, 35.6018846289175], [35.7853097740278, 35.6018942399367], [35.785239134804, 35.6019109588101], [35.7851740175049, 35.6019218448484], [35.7851278909701, 35.6019156294773]]]}, "properties": {"name": "CV_Locus_1038", "layer": "CV_Locus_1038"}}, {"type": "Feature", "geometry": {"type": "Polygon", "coordinates": [[[35.7852029655191, 35.601794517459], [35.7852496002804, 35.6017849387953], [35.7852408895413, 35.6017593028461], [35.7851917259367, 35.6017712438583], [35.7852029655191, 35.601794517459]]]}, "properties": {"name": "CV_Locus_1051", "layer": "CV_Locus_1051"}}, {"type": "Feature", "geometry": {"type": "Polygon", "coordinates": [[[35.7852762132989, 35.601450511128], [35.7853206980407, 35.6014466555616], [35.785310817526, 35.6014235159094], [35.7852659684099, 35.6014309642311], [35.7852762132989, 35.601450511128]]]}, "properties": {"name": "CV_Locus_106", "layer": "CV_Locus_106"}}, {"type": "Feature", "geometry": {"type": "Polygon", "coordinates": [[[35.7852502425363, 35.6018797771996], [35.785263371254, 35.6018754255756], [35.7852639994167, 35.6018717197603], [35.7852614573855, 35.6018693007674], [35.7852471461312, 35.6018732289607], [35.7852502425363, 35.6018797771996]]]}, "properties": {"name": "CV_Locus_1068", "layer": "CV_Locus_1068"}}, {"type": "Feature", "geometry": {"type": "Polygon", "coordinates": [[[35.7853145624217, 35.6014115211848], [35.7853313462262, 35.6014502693405], [35.7853478478277, 35.6014432227814], [35.7853321734727, 35.6014119914654], [35.7853145624217, 35.6014115211848]]]}, "properties": {"name": "CV_Locus_109", "layer": "CV_Locus_109"}}, {"type": "Feature", "geometry": {"type": "Polygon", "coordinates": [[[35.7852475418636, 35.6013826887431], [35.785265993021, 35.6014248406572], [35.7853072883024, 35.6014180179321], [35.7853056224377, 35.6014100479714], [35.7852907185201, 35.6013730991478], [35.7852475418636, 35.6013826887431]]]}, "properties": {"name": "CV_Locus_110", "layer": "CV_Locus_110"}}, {"type": "Feature", "geometry": {"type": "Polygon", "coordinates": [[[35.7853903859762, 35.6014463744804], [35.7854117841202, 35.6014403225745], [35.7854138887545, 35.6014141735342], [35.7853786896818, 35.6014126576698], [35.7853903859762, 35.6014463744804]]]}, "properties": {"name": "CV_Locus_117", "layer": "CV_Locus_117"}}, {"type": "Feature", "geometry": {"type": "Polygon", "coordinates": [[[35.7853614760202, 35.6014551054882], [35.7853842715368, 35.6014493788716], [35.7853764103435, 35.6014255554392], [35.7853510226052, 35.6014343804994], [35.7853614760202, 35.6014551054882]]]}, "properties": {"name": "CV_Locus_118", "layer": "CV_Locus_118"}}, {"type": "Feature", "geometry": {"type": "Polygon", "coordinates": [[[35.7853894733587, 35.6014955929242], [35.785408827285, 35.601487758614], [35.7854122352067, 35.6014466699526], [35.7853629607337, 35.6014620564072], [35.7853894733587, 35.6014955929242]]]}, "properties": {"name": "CV_Locus_119", "layer": "CV_Locus_119"}}, {"type": "Feature", "geometry": {"type": "Polygon", "coordinates": [[[35.785376298186, 35.6015076237999], [35.7853874128282, 35.6015030251128], [35.7853568923578, 35.6014639101484], [35.7853474725737, 35.6014437887001], [35.7853360057168, 35.6014483779783], [35.785376298186, 35.6015076237999]]]}, "properties": {"name": "CV_Locus_120", "layer": "CV_Locus_120"}}, {"type": "Feature", "geometry": {"type": "Polygon", "coordinates": [[[35.7852258813182, 35.6017626021085], [35.7852406038946, 35.6017596817906], [35.7852243198677, 35.6017002670195], [35.7852079320126, 35.6017042473575], [35.7852146262859, 35.6017194472278], [35.7852174002875, 35.6017312289298], [35.7852258813182, 35.6017626021085]]]}, "properties": {"name": "CV_Locus_1208", "layer": "CV_Locus_1208"}}, {"type": "Feature", "geometry": {"type": "Polygon", "coordinates": [[[35.7852049680694, 35.6016972099018], [35.7852219227988, 35.6016925820066], [35.7852173900138, 35.6016774398586], [35.7851951052351, 35.6016260380819], [35.7851914588398, 35.6016157793721], [35.78516735561, 35.6016233089419], [35.7852049680694, 35.6016972099018]]]}, "properties": {"name": "CV_Locus_1228", "layer": "CV_Locus_1228"}}, {"type": "Feature", "geometry": {"type": "Polygon", "coordinates": [[[35.7852221825052, 35.601628740251], [35.7852282499297, 35.6016280319005], [35.7852336830551, 35.6016254207905], [35.7852341481446, 35.6016226770112], [35.7852315737206, 35.6016204323156], [35.7852288682795, 35.6016170236162], [35.7852256629395, 35.6016172281451], [35.7852216376499, 35.6016201669768], [35.7852182872698, 35.6016239942103], [35.7852195964782, 35.6016267853715], [35.7852221825052, 35.601628740251]]]}, "properties": {"name": "CV_Locus_1246", "layer": "CV_Locus_1246"}}, {"type": "Feature", "geometry": {"type": "Polygon", "coordinates": [[[35.7853396161799, 35.601411038334], [35.7853487298032, 35.6014299997286], [35.7853809364199, 35.6014181890888], [35.7853793941239, 35.6014126764807], [35.7853396161799, 35.601411038334]]]}, "properties": {"name": "CV_Locus_126", "layer": "CV_Locus_126"}}, {"type": "Feature", "geometry": {"type": "Polygon", "coordinates": [[[35.7853321232643, 35.601574803759], [35.785351027427, 35.6015755294672], [35.7853471498374, 35.6015575331382], [35.7853305448364, 35.6015601823041], [35.7853321232643, 35.601574803759]]]}, "properties": {"name": "CV_Locus_129", "layer": "CV_Locus_129"}}, {"type": "Feature", "geometry": {"type": "Polygon", "coordinates": [[[35.7853650019369, 35.6015372453867], [35.7854079261044, 35.6015392751953], [35.7854091856953, 35.6015145681907], [35.7853650019369, 35.6015372453867]]]}, "properties": {"name": "CV_Locus_138", "layer": "CV_Locus_138"}}, {"type": "Feature", "geometry": {"type": "Polygon", "coordinates": [[[35.7853115678091, 35.6015815445029], [35.7853261578361, 35.6015819341123], [35.7853244365779, 35.601557368408], [35.7853112644811, 35.6015620973296], [35.7853115678091, 35.6015815445029]]]}, "properties": {"name": "CV_Locus_141", "layer": "CV_Locus_141"}}, {"type": "Feature", "geometry": {"type": "Polygon", "coordinates": [[[35.7850873241043, 35.6015574929688], [35.7850850859886, 35.6015733599425], [35.7851074668095, 35.6015748303356], [35.7850975605338, 35.6015553664193], [35.7850873241043, 35.6015574929688]]]}, "properties": {"name": "CV_Locus_150", "layer": "CV_Locus_150"}}, {"type": "Feature", "geometry": {"type": "Polygon", "coordinates": [[[35.7850883471766, 35.6015519568389], [35.7851147169945, 35.6015472066966], [35.7851107513083, 35.601526156031], [35.7850880425658, 35.6015262041035], [35.7850883471766, 35.6015519568389]]]}, "properties": {"name": "CV_Locus_151", "layer": "CV_Locus_151"}}, {"type": "Feature", "geometry": {"type": "Polygon", "coordinates": [[[35.7851918140884, 35.6014505666541], [35.785189163766, 35.6014185073635], [35.7851439328671, 35.601424702926], [35.7851415725137, 35.6014580252841], [35.7851918140884, 35.6014505666541]]]}, "properties": {"name": "CV_Locus_154", "layer": "CV_Locus_154"}}, {"type": "Feature", "geometry": {"type": "Polygon", "coordinates": [[[35.7851976777893, 35.6014565194797], [35.7852682676006, 35.6014506591937], [35.7852584489334, 35.601431483927], [35.785203128615, 35.6014305469987], [35.7852011986085, 35.6014512097691], [35.7851976663867, 35.6014512955664], [35.7851976777893, 35.6014565194797]]]}, "properties": {"name": "CV_Locus_157", "layer": "CV_Locus_157"}}, {"type": "Feature", "geometry": {"type": "Polygon", "coordinates": [[[35.7851704814747, 35.6014152146977], [35.7851969718799, 35.6014114521103], [35.7851972344507, 35.6014048937939], [35.785194164652, 35.6014046721278], [35.7851945445418, 35.6013951834999], [35.7851669508003, 35.6014008722519], [35.7851704814747, 35.6014152146977]]]}, "properties": {"name": "CV_Locus_168", "layer": "CV_Locus_168"}}, {"type": "Feature", "geometry": {"type": "Polygon", "coordinates": [[[35.7851494472464, 35.6014194023631], [35.785163751099, 35.6014167112168], [35.785158351275, 35.6013935185215], [35.7851509374821, 35.6013949967893], [35.7851494472464, 35.6014194023631]]]}, "properties": {"name": "CV_Locus_169", "layer": "CV_Locus_169"}}, {"type": "Feature", "geometry": {"type": "Polygon", "coordinates": [[[35.7852053363224, 35.6013947732525], [35.7852045700315, 35.6014053690644], [35.7851974053055, 35.6014048983566], [35.7851969662933, 35.6014115916489], [35.7852472692871, 35.6014025980688], [35.7852402344481, 35.6013860667307], [35.7852053363224, 35.6013947732525]]]}, "properties": {"name": "CV_Locus_178", "layer": "CV_Locus_178"}}, {"type": "Feature", "geometry": {"type": "Polygon", "coordinates": [[[35.7851515417658, 35.6013884475986], [35.7851627311215, 35.601386651094], [35.785160097084, 35.6013755454129], [35.7851519887007, 35.6013772845074], [35.7851515417658, 35.6013884475986]]]}, "properties": {"name": "CV_Locus_180", "layer": "CV_Locus_180"}}, {"type": "Feature", "geometry": {"type": "Polygon", "coordinates": [[[35.7852257262289, 35.6013895905558], [35.7852398983252, 35.6013859180669], [35.7852370966808, 35.6013789985466], [35.785222406435, 35.6013827968861], [35.7852257262289, 35.6013895905558]]]}, "properties": {"name": "CV_Locus_181", "layer": "CV_Locus_181"}}, {"type": "Feature", "geometry": {"type": "Polygon", "coordinates": [[[35.7851996152146, 35.6014565021828], [35.7852305143395, 35.6014536954491], [35.7852212667753, 35.6014112627706], [35.7852186983673, 35.6014113338702], [35.7852178129032, 35.6014078180283], [35.7851957591368, 35.6014118387878], [35.7851996152146, 35.6014565021828]]]}, "properties": {"name": "CV_Locus_184", "layer": "CV_Locus_184"}}, {"type": "Feature", "geometry": {"type": "Polygon", "coordinates": [[[35.7852375473213, 35.6014531848221], [35.7852694492275, 35.6014509636084], [35.7852469275776, 35.6014025889436], [35.785227100512, 35.6014065294837], [35.7852271428759, 35.6014097434352], [35.7852375473213, 35.6014531848221]]]}, "properties": {"name": "CV_Locus_185", "layer": "CV_Locus_185"}}, {"type": "Feature", "geometry": {"type": "Polygon", "coordinates": [[[35.7852509214789, 35.6013754564697], [35.7852514130918, 35.6013631770681], [35.7852160796967, 35.601361395382], [35.7852174665512, 35.601365203989], [35.7851962167906, 35.60137050341], [35.7851726309285, 35.6013743435634], [35.7851720033763, 35.6013729299262], [35.7851599206426, 35.6013756803889], [35.7851657459757, 35.6013967891299], [35.7852509214789, 35.6013754564697]]]}, "properties": {"name": "CV_Locus_186", "layer": "CV_Locus_186"}}, {"type": "Feature", "geometry": {"type": "Polygon", "coordinates": [[[35.7851524891697, 35.6013690562903], [35.7851969607355, 35.6013604657527], [35.7851527540762, 35.6013581677136], [35.7851524891697, 35.6013690562903]]]}, "properties": {"name": "CV_Locus_187", "layer": "CV_Locus_187"}}, {"type": "Feature", "geometry": {"type": "Polygon", "coordinates": [[[35.7851871829976, 35.6016009754325], [35.7852747732303, 35.6015750394754], [35.7853360089021, 35.6015453071126], [35.7853859019042, 35.6015218987887], [35.7854088485056, 35.6015094785196], [35.7854100867597, 35.6014920605978], [35.7852806613555, 35.6015495724801], [35.7852571566841, 35.6015624196181], [35.7852306748121, 35.6015685602899], [35.7851844126908, 35.6015823459734], [35.7851871829976, 35.6016009754325]]]}, "properties": {"name": "CV_Locus_35", "layer": "CV_Locus_35"}}, {"type": "Feature", "geometry": {"type": "Polygon", "coordinates": [[[35.7851725547338, 35.601555187199], [35.7852436014716, 35.6015324074345], [35.7852299186138, 35.6014830481927], [35.7852107555202, 35.6014879401831], [35.7851418603394, 35.6015010506674], [35.7851725547338, 35.601555187199]]]}, "properties": {"name": "CV_Locus_36", "layer": "CV_Locus_36"}}, {"type": "Feature", "geometry": {"type": "Polygon", "coordinates": [[[35.7852832924964, 35.601602543114], [35.7853032173058, 35.601596217784], [35.7853034732536, 35.6015658561201], [35.7852761006483, 35.6015784481148], [35.7852832924964, 35.601602543114]]]}, "properties": {"name": "CV_Locus_41", "layer": "CV_Locus_41"}}, {"type": "Feature", "geometry": {"type": "Polygon", "coordinates": [[[35.7851404886747, 35.601632310991], [35.7851916936871, 35.6016166692379], [35.7851872139187, 35.6016002031133], [35.7851854713469, 35.6015829264911], [35.7851413898183, 35.6016098034045], [35.7851404886747, 35.601632310991]]]}, "properties": {"name": "CV_Locus_42", "layer": "CV_Locus_42"}}, {"type": "Feature", "geometry": {"type": "Polygon", "coordinates": [[[35.7851418763778, 35.6016028029062], [35.7851591680939, 35.6015912650833], [35.7851497693341, 35.601572469248], [35.7851402985619, 35.6015754889473], [35.7851418763778, 35.6016028029062]]]}, "properties": {"name": "CV_Locus_43", "layer": "CV_Locus_43"}}, {"type": "Feature", "geometry": {"type": "Polygon", "coordinates": [[[35.7851042580565, 35.6015548907571], [35.7851149648954, 35.6015743760523], [35.7851402898361, 35.6015757068889], [35.7851375115077, 35.6015717055503], [35.7851488240793, 35.6015693895606], [35.7851403305948, 35.6015479998053], [35.7851042580565, 35.6015548907571]]]}, "properties": {"name": "CV_Locus_43", "layer": "CV_Locus_43"}}, {"type": "Feature", "geometry": {"type": "Polygon", "coordinates": [[[35.785161531202, 35.601582631978], [35.7851762808379, 35.6015778022593], [35.7851578645546, 35.6015420060615], [35.7851448918435, 35.6015465229824], [35.785161531202, 35.601582631978]]]}, "properties": {"name": "CV_Locus_45", "layer": "CV_Locus_45"}}, {"type": "Feature", "geometry": {"type": "Polygon", "coordinates": [[[35.7851842451535, 35.6015826981815], [35.78523113782, 35.6015682796118], [35.7852231969216, 35.6015462724962], [35.7851753869918, 35.6015615671898], [35.7851842451535, 35.6015826981815]]]}, "properties": {"name": "CV_Locus_46", "layer": "CV_Locus_46"}}, {"type": "Feature", "geometry": {"type": "Polygon", "coordinates": [[[35.7852344959587, 35.6015615245606], [35.7852500620089, 35.6015583377545], [35.7852415652183, 35.6015391977863], [35.7852404564451, 35.6015393483016], [35.7852386537142, 35.6015347970496], [35.7852257098233, 35.6015385942513], [35.7852344959587, 35.6015615245606]]]}, "properties": {"name": "CV_Locus_47", "layer": "CV_Locus_47"}}, {"type": "Feature", "geometry": {"type": "Polygon", "coordinates": [[[35.7852755193701, 35.6015449678684], [35.7852865092497, 35.6015403979834], [35.7852818340276, 35.6015249625581], [35.7852704395407, 35.6015286210157], [35.7852755193701, 35.6015449678684]]]}, "properties": {"name": "CV_Locus_49", "layer": "CV_Locus_49"}}, {"type": "Feature", "geometry": {"type": "Polygon", "coordinates": [[[35.7852501058331, 35.6015296991385], [35.785293217105, 35.6015160801858], [35.7852856850071, 35.6015003883461], [35.7852854748961, 35.601494618753], [35.7852424170633, 35.6015013944015], [35.7852501058331, 35.6015296991385]]]}, "properties": {"name": "CV_Locus_52", "layer": "CV_Locus_52"}}, {"type": "Feature", "geometry": {"type": "Polygon", "coordinates": [[[35.785198742721, 35.6014850075801], [35.7852292282587, 35.6014782564594], [35.7852288308538, 35.6014771651003], [35.7852208851531, 35.6014773131626], [35.7852204331217, 35.6014720774825], [35.7852056432897, 35.6014724030228], [35.7852058017736, 35.6014684445174], [35.7851980691836, 35.6014687783938], [35.785198742721, 35.6014850075801]]]}, "properties": {"name": "CV_Locus_55", "layer": "CV_Locus_55"}}, {"type": "Feature", "geometry": {"type": "Polygon", "coordinates": [[[35.7851727643077, 35.6014893573136], [35.7851925163062, 35.6014862823004], [35.785190534103, 35.6014586703266], [35.7851650107332, 35.6014626719616], [35.7851727643077, 35.6014893573136]]]}, "properties": {"name": "CV_Locus_57", "layer": "CV_Locus_57"}}, {"type": "Feature", "geometry": {"type": "Polygon", "coordinates": [[[35.7851344957417, 35.601497701816], [35.7851412348251, 35.6014946395453], [35.7851663175786, 35.601490626149], [35.7851622168762, 35.6014773675554], [35.78513063697, 35.601483909309], [35.7851344957417, 35.601497701816]]]}, "properties": {"name": "CV_Locus_59", "layer": "CV_Locus_59"}}, {"type": "Feature", "geometry": {"type": "Polygon", "coordinates": [[[35.785254753435, 35.6015568419161], [35.7852716875897, 35.6015470270371], [35.7852659612267, 35.6015303026703], [35.7852456533316, 35.6015362448416], [35.785254753435, 35.6015568419161]]]}, "properties": {"name": "CV_Locus_65", "layer": "CV_Locus_65"}}, {"type": "Feature", "geometry": {"type": "Polygon", "coordinates": [[[35.7852914498026, 35.6015381882984], [35.7852986079011, 35.6015356775816], [35.7852945864147, 35.6015204397385], [35.7852872224109, 35.6015225847077], [35.7852914498026, 35.6015381882984]]]}, "properties": {"name": "CV_Locus_66", "layer": "CV_Locus_66"}}, {"type": "Feature", "geometry": {"type": "Polygon", "coordinates": [[[35.7852407878224, 35.6014980185914], [35.7852845570202, 35.6014900010687], [35.7852826306205, 35.6014775210392], [35.7852349780262, 35.6014778696308], [35.7852407878224, 35.6014980185914]]]}, "properties": {"name": "CV_Locus_77", "layer": "CV_Locus_77"}}, {"type": "Feature", "geometry": {"type": "Polygon", "coordinates": [[[35.7852274687521, 35.6014726256149], [35.7852814816257, 35.6014731673697], [35.7852812715149, 35.6014673977766], [35.7852788696753, 35.6014667932643], [35.785277373701, 35.6014600887111], [35.7852718010264, 35.6014615610176], [35.7852703884967, 35.6014582810572], [35.7852254703239, 35.6014619449057], [35.7852274687521, 35.6014726256149]]]}, "properties": {"name": "CV_Locus_78", "layer": "CV_Locus_78"}}, {"type": "Feature", "geometry": {"type": "Polygon", "coordinates": [[[35.7852921785593, 35.6014979499457], [35.785344718864, 35.6014746759217], [35.785332187372, 35.601451645605], [35.7853247801541, 35.6014548701695], [35.7852866773003, 35.6014590762841], [35.7852921785593, 35.6014979499457]]]}, "properties": {"name": "CV_Locus_79", "layer": "CV_Locus_79"}}, {"type": "Feature", "geometry": {"type": "Polygon", "coordinates": [[[35.7853046716336, 35.6015329575161], [35.7853289409664, 35.6015217173865], [35.7853094602821, 35.6014959797558], [35.7852942052082, 35.6015024171143], [35.7852998481305, 35.6015157168873], [35.7853046716336, 35.6015329575161]]]}, "properties": {"name": "CV_Locus_80", "layer": "CV_Locus_80"}}, {"type": "Feature", "geometry": {"type": "Polygon", "coordinates": [[[35.7853343581624, 35.6015186198055], [35.7853671362776, 35.6015041845188], [35.7853489558563, 35.601479021989], [35.7853152820866, 35.6014937936025], [35.7853343581624, 35.6015186198055]]]}, "properties": {"name": "CV_Locus_81", "layer": "CV_Locus_81"}}, {"type": "Feature", "geometry": {"type": "Polygon", "coordinates": [[[35.7851409283626, 35.6016093209148], [35.7851842615791, 35.6015826176641], [35.7852319662072, 35.601567372564], [35.7852556952599, 35.6015628286255], [35.7852766749005, 35.6015515543348], [35.7854088419272, 35.6014927058009], [35.7854141439159, 35.6014134900728], [35.7852595208861, 35.6014098077308], [35.7852580814353, 35.6014321018783], [35.7852034327632, 35.6014310891644], [35.7852009721324, 35.6014515694334], [35.7850895074018, 35.6014490393949], [35.7850882089934, 35.6015713524374], [35.7851407932095, 35.6015750248355], [35.7851409283626, 35.6016093209148]]]}, "properties": {"name": "CV_Temple_Rhytons", "layer": "CV_Temple_Rhytons"}}, {"type": "Feature", "geometry": {"type": "Polygon", "coordinates": [[[35.7871765976519, 35.6031333276171], [35.7879277508876, 35.603289630478], [35.7880336029148, 35.6032254073522], [35.7880644652457, 35.6031159268711], [35.7878249394618, 35.6030792562287], [35.7878060992042, 35.6031530103982], [35.7871982221963, 35.6030120657912], [35.7871765976519, 35.6031333276171]]]}, "properties": {"name": "Terrasse est", "layer": "East_Terrace"}}, {"type": "Feature", "geometry": {"type": "Polygon", "coordinates": [[[35.7835020602262, 35.6028634370405], [35.7835529482202, 35.6028801256042], [35.7835664004051, 35.6028836480685], [35.7835729764712, 35.6028693044157], [35.7835598650356, 35.6028653441872], [35.7835732150346, 35.6028368148687], [35.7835336447941, 35.6028163539487], [35.7835020602262, 35.6028634370405]]]}, "properties": {"name": "GB Room 01", "layer": "GB_Room_01"}}, {"type": "Feature", "geometry": {"type": "Polygon", "coordinates": [[[35.7835666913089, 35.6028929111378], [35.7835996506724, 35.6029064041387], [35.7836240297862, 35.6028612629041], [35.7835853700315, 35.6028417965096], [35.7835661146733, 35.6028835819804], [35.7835701182879, 35.602884465098], [35.7835666913089, 35.6028929111378]]]}, "properties": {"name": "GB Room 02", "layer": "GB_Room_02"}}, {"type": "Feature", "geometry": {"type": "Polygon", "coordinates": [[[35.7836557080299, 35.6029067376778], [35.7836725988214, 35.6028765312037], [35.7836343792937, 35.6028638678628], [35.7836148822203, 35.6028998257897], [35.7836284767608, 35.6029044578158], [35.7836318493831, 35.6028973685772], [35.7836557080299, 35.6029067376778]]]}, "properties": {"name": "GB Room 03", "layer": "GB_Room_03"}}, {"type": "Feature", "geometry": {"type": "Polygon", "coordinates": [[[35.7836628601435, 35.6029179888472], [35.7836576864276, 35.6029285226214], [35.7836808486137, 35.6029374850363], [35.7837066395253, 35.6028867544467], [35.7836831313165, 35.6028804993026], [35.7836628601435, 35.6029179888472]]]}, "properties": {"name": "GB Room 04", "layer": "GB_Room_04"}}, {"type": "Feature", "geometry": {"type": "Polygon", "coordinates": [[[35.7837152676906, 35.6029145381499], [35.7837284108651, 35.6029185759961], [35.783776804736, 35.602932287283], [35.7837869458589, 35.6029104380653], [35.7837171953162, 35.6028901410557], [35.7837063499406, 35.6029117774147], [35.7837152676906, 35.6029145381499]]]}, "properties": {"name": "GB Room 05", "layer": "GB_Room_05"}}, {"type": "Feature", "geometry": {"type": "Polygon", "coordinates": [[[35.7836088212802, 35.6029087835648], [35.7836579315258, 35.6029283351335], [35.7836633425755, 35.6029178077003], [35.7836146448866, 35.6028998194485], [35.7836088212802, 35.6029087835648]]]}, "properties": {"name": "GB Room 06", "layer": "GB_Room_06"}}, {"type": "Feature", "geometry": {"type": "Polygon", "coordinates": [[[35.7835084557654, 35.6028995046703], [35.7835563904422, 35.6029128157026], [35.7835645829956, 35.6028980937906], [35.7835519533245, 35.6028930994648], [35.7835547503458, 35.602888517323], [35.7835164920106, 35.6028768230904], [35.7835084557654, 35.6028995046703]]]}, "properties": {"name": "GB Room 07", "layer": "GB_Room_07"}}, {"type": "Feature", "geometry": {"type": "Polygon", "coordinates": [[[35.7835462570223, 35.6029344710685], [35.783553532864, 35.6029375385029], [35.7835522430841, 35.6029385589182], [35.7835549327659, 35.6029397375645], [35.7835528245542, 35.6029423930413], [35.7835936448357, 35.6029590083443], [35.7835946432227, 35.6029571114296], [35.7835966807124, 35.6029580319346], [35.7835981421723, 35.6029566680665], [35.783607749065, 35.602960732827], [35.7836279123486, 35.6029242344554], [35.7835869093401, 35.6029070618651], [35.7835641160927, 35.6028978872791], [35.7835523938827, 35.6029209465665], [35.7835462570223, 35.6029344710685]]]}, "properties": {"name": "GB Room 08", "layer": "GB_Room_08"}}, {"type": "Feature", "geometry": {"type": "Polygon", "coordinates": [[[35.7836774814424, 35.6029622317408], [35.7836792204232, 35.602960337838], [35.7836820451377, 35.6029609954178], [35.7836860088905, 35.6029510114243], [35.7836824877032, 35.6029499471634], [35.7836845106034, 35.6029468966274], [35.7836277003182, 35.6029238407174], [35.7836196907557, 35.6029399257783], [35.7836290365864, 35.6029438621764], [35.7836272354894, 35.6029473067105], [35.7836373010875, 35.6029510683025], [35.7836384057114, 35.6029472170867], [35.7836774814424, 35.6029622317408]]]}, "properties": {"name": "GB Room 09", "layer": "GB_Room_09"}}, {"type": "Feature", "geometry": {"type": "Polygon", "coordinates": [[[35.783685111591, 35.6029674805504], [35.7836919166332, 35.602969602731], [35.7836943598515, 35.6029679216802], [35.7836969782895, 35.6029677976025], [35.7836988303756, 35.6029690113049], [35.783699495792, 35.6029701933022], [35.7836994259135, 35.6029719377634], [35.7837172691909, 35.6029772654058], [35.7837187708372, 35.6029753651615], [35.7837213582185, 35.6029760163994], [35.7837239223073, 35.6029772491244], [35.7837238912504, 35.6029780244405], [35.7837233699971, 35.6029791747328], [35.7837306574737, 35.6029811157642], [35.783731692216, 35.6029790090087], [35.7837335831239, 35.6029792535655], [35.7837345945735, 35.602977728297], [35.783743053192, 35.6029800886906], [35.7837620556252, 35.6029386845056], [35.7837395588451, 35.6029309041029], [35.7837434294193, 35.6029232460555], [35.7837276910994, 35.6029187508022], [35.7837235909543, 35.6029262086791], [35.783701522264, 35.6029196039257], [35.7837002346595, 35.602922091998], [35.7836901302402, 35.6029192995565], [35.7836823580243, 35.6029353909634], [35.7836917116223, 35.6029391335276], [35.7836902177404, 35.6029408399427], [35.783697007252, 35.602943349781], [35.7836929071028, 35.6029508076565], [35.7836914365135, 35.6029519325845], [35.7836900435671, 35.6029511192221], [35.7836900047457, 35.6029520883672], [35.7836859855976, 35.6029515929114], [35.7836825353342, 35.6029606204419], [35.7836855740897, 35.6029618658497], [35.7836841035002, 35.6029629907776], [35.7836866831165, 35.6029638358452], [35.783685111591, 35.6029674805504]]]}, "properties": {"name": "GB Room 10", "layer": "GB_Room_10"}}, {"type": "Feature", "geometry": {"type": "Polygon", "coordinates": [[[35.7834969148797, 35.6029325705764], [35.7835276717299, 35.6029417359452], [35.783534860604, 35.6029283454733], [35.7835477586716, 35.6029325708264], [35.783552757185, 35.6029204800844], [35.7835055034468, 35.6029079633906], [35.7834969148797, 35.6029325705764]]]}, "properties": {"name": "GB Room 11", "layer": "GB_Room_11"}}, {"type": "Feature", "geometry": {"type": "Polygon", "coordinates": [[[35.7835307450161, 35.6029652001294], [35.7835406665114, 35.6029688175426], [35.783540199345, 35.6029707206717], [35.7835423216004, 35.6029714159134], [35.783540566111, 35.6029737635226], [35.783557193782, 35.6029807528025], [35.7835588548375, 35.6029783228528], [35.7835605993588, 35.602978688733], [35.783561538693, 35.6029771973054], [35.7835910728021, 35.6029889213683], [35.7835943228353, 35.602983421005], [35.7835937434574, 35.6029832458905], [35.7835962589937, 35.6029790029766], [35.7836100344964, 35.602984000432], [35.7836171362947, 35.6029726166958], [35.7835913777242, 35.6029617916879], [35.7835934452584, 35.6029589735126], [35.7835530549116, 35.602942569441], [35.7835513746929, 35.6029454777815], [35.7835429112255, 35.6029420589606], [35.7835307450161, 35.6029652001294]]]}, "properties": {"name": "GB Room 12", "layer": "GB_Room_12"}}, {"type": "Feature", "geometry": {"type": "Polygon", "coordinates": [[[35.7836270445412, 35.6029471110674], [35.783618678636, 35.6029622872636], [35.7836442860118, 35.6029739712489], [35.7836393372939, 35.6029818468821], [35.7836172908913, 35.6029727219946], [35.7836097116406, 35.6029843992723], [35.7836428871235, 35.6029981334325], [35.7836631864763, 35.6029647964098], [35.7836351970577, 35.6029534007782], [35.783636809578, 35.6029508039099], [35.7836270445412, 35.6029471110674]]]}, "properties": {"name": "GB Room 13", "layer": "GB_Room_13"}}, {"type": "Feature", "geometry": {"type": "Polygon", "coordinates": [[[35.7836837367288, 35.6029957777305], [35.7837053429755, 35.6030030442071], [35.783706615599, 35.6030004844351], [35.7837094104981, 35.6030016512235], [35.7837093254598, 35.6029996012354], [35.7837294616972, 35.6030060093462], [35.7837382140036, 35.6029878137414], [35.7837291231635, 35.6029852501124], [35.7837307843638, 35.6029813355779], [35.783723680716, 35.6029792380289], [35.7837216115868, 35.6029808174753], [35.783718945427, 35.6029806097276], [35.7837173193633, 35.6029794741679], [35.7837172343247, 35.6029774241798], [35.7836990690367, 35.6029718878129], [35.7836971940586, 35.6029727933186], [35.7836941775587, 35.6029729857532], [35.7836927130093, 35.6029719910229], [35.7836928004103, 35.6029698091277], [35.7836848620207, 35.6029676858296], [35.7836833951079, 35.6029709229824], [35.783673101076, 35.6029679786258], [35.783665847736, 35.6029845511876], [35.7836839497696, 35.6029904593609], [35.7836831999252, 35.6029924870427], [35.7836855157447, 35.602993094974], [35.7836837367288, 35.6029957777305]]]}, "properties": {"name": "GB Room 14", "layer": "GB_Room_14"}}, {"type": "Feature", "geometry": {"type": "Polygon", "coordinates": [[[35.7834860656948, 35.602958815128], [35.7835050455713, 35.6029634612051], [35.7835014535674, 35.6029726214168], [35.7835153769567, 35.602976981879], [35.7835261168249, 35.6029504033193], [35.7834968153934, 35.6029411920072], [35.7834860656948, 35.602958815128]]]}, "properties": {"name": "GB Room 15", "layer": "GB_Room_15"}}, {"type": "Feature", "geometry": {"type": "Polygon", "coordinates": [[[35.783465580095, 35.6029917555942], [35.7835043488978, 35.6030038537513], [35.7835105599481, 35.602989119502], [35.7835158474065, 35.6029905400896], [35.7835215637918, 35.6029789532719], [35.7835012815217, 35.6029723158056], [35.7834808228892, 35.6029677807232], [35.783465580095, 35.6029917555942]]]}, "properties": {"name": "GB Room 16", "layer": "GB_Room_16"}}, {"type": "Feature", "geometry": {"type": "Polygon", "coordinates": [[[35.7835128450564, 35.6030134099251], [35.7835684138727, 35.6030345287388], [35.7835924839145, 35.6029979375343], [35.7835557297061, 35.6029829535228], [35.783557169368, 35.6029804888411], [35.7835406729665, 35.6029738684275], [35.7835386373234, 35.6029768647485], [35.7835301483629, 35.6029735872195], [35.7835279419156, 35.6029784563375], [35.7835259577149, 35.6029777775344], [35.7835249164163, 35.6029798617428], [35.7835214170153, 35.6029787513377], [35.7835156757852, 35.6029905661123], [35.7835199374822, 35.6029917751088], [35.7835190012522, 35.6029936274544], [35.7835210811315, 35.6029943088142], [35.7835128450564, 35.6030134099251]]]}, "properties": {"name": "GB Room 17", "layer": "GB_Room_17"}}, {"type": "Feature", "geometry": {"type": "Polygon", "coordinates": [[[35.7835999358166, 35.6030176471968], [35.7836279667476, 35.6030315074146], [35.7836327288812, 35.6030209984639], [35.783644860186, 35.6030248679868], [35.7836528397514, 35.6030096955068], [35.7836143720327, 35.6029966936428], [35.7835999358166, 35.6030176471968]]]}, "properties": {"name": "GB Room 18", "layer": "GB_Room_18"}}, {"type": "Feature", "geometry": {"type": "Polygon", "coordinates": [[[35.783661921622, 35.602991542236], [35.7836332249873, 35.6030495086728], [35.7837125317908, 35.6030735689076], [35.7837364238642, 35.6030169457589], [35.7837047568314, 35.6030059317652], [35.7837055291771, 35.603003009053], [35.7836837104956, 35.6029956028917], [35.7836821252913, 35.6029983700973], [35.783661921622, 35.602991542236]]]}, "properties": {"name": "GB Room 19", "layer": "GB_Room_19"}}, {"type": "Feature", "geometry": {"type": "Polygon", "coordinates": [[[35.7837225705534, 35.6030765128897], [35.7837656176425, 35.6030897039627], [35.7837917043182, 35.6030355476293], [35.7837364292176, 35.6030168121134], [35.7837308370218, 35.6030296401905], [35.7837410233619, 35.6030329894795], [35.7837225705534, 35.6030765128897]]]}, "properties": {"name": "GB Room 20", "layer": "GB_Room_20"}}, {"type": "Feature", "geometry": {"type": "Polygon", "coordinates": [[[35.7837391836443, 35.6030093935474], [35.7837944533873, 35.6030282627074], [35.7838411224059, 35.6029264923881], [35.7837866953849, 35.6029111242675], [35.7837769807622, 35.6029328060396], [35.7837743731941, 35.6029324687959], [35.7837391836443, 35.6030093935474]]]}, "properties": {"name": "GB Room 21", "layer": "GB_Room_21"}}, {"type": "Feature", "geometry": {"type": "Polygon", "coordinates": [[[35.7854054991665, 35.6006876356098], [35.7855583117944, 35.6006905701634], [35.7855608224991, 35.6006453750744], [35.7856168607779, 35.6006474443063], [35.7856190561436, 35.6005575516036], [35.7856723142179, 35.6005589736354], [35.785670560974, 35.6004976224177], [35.7855117436335, 35.6005220287196], [35.7853904791073, 35.6005371246939], [35.7853955068393, 35.6006042927315], [35.7854054991665, 35.6006876356098]]]}, "properties": {"name": "GR_Building_B", "layer": "GR_Building_B"}}, {"type": "Feature", "geometry": {"type": "Polygon", "coordinates": [[[35.7852970329165, 35.6004730713834], [35.7853328805436, 35.6004678301268], [35.7853330422055, 35.6004637919347], [35.7852974316868, 35.60046311051], [35.7852970329165, 35.6004730713834]]]}, "properties": {"name": "GR_Locus_3012", "layer": "GR_Locus_3012"}}, {"type": "Feature", "geometry": {"type": "Polygon", "coordinates": [[[35.7853970222245, 35.6004646918966], [35.7853968668758, 35.6004768152755], [35.7854199623425, 35.6004768929862], [35.7854207553879, 35.6004653256365], [35.7853970222245, 35.6004646918966]]]}, "properties": {"name": "GR_Locus_3013", "layer": "GR_Locus_3013"}}, {"type": "Feature", "geometry": {"type": "Polygon", "coordinates": [[[35.7854263590516, 35.6004654752689], [35.7854269060706, 35.6004765394006], [35.7854503958275, 35.6004750106303], [35.7854507622476, 35.6004658573939], [35.7854263590516, 35.6004654752689]]]}, "properties": {"name": "GR_Locus_3014", "layer": "GR_Locus_3014"}}, {"type": "Feature", "geometry": {"type": "Polygon", "coordinates": [[[35.7854052079931, 35.6005775617313], [35.785463029792, 35.6005715597033], [35.7854587463119, 35.6005384315002], [35.7854035346146, 35.6005451769753], [35.7854052079931, 35.6005775617313]]]}, "properties": {"name": "GR_Locus_3015", "layer": "GR_Locus_3015"}}, {"type": "Feature", "geometry": {"type": "Polygon", "coordinates": [[[35.7853489426123, 35.6005364426882], [35.7853666018196, 35.6006805580629], [35.7854058275693, 35.600681605507], [35.7853913828167, 35.6005313774577], [35.7853489426123, 35.6005364426882]]]}, "properties": {"name": "GR_Locus_3016", "layer": "GR_Locus_3016"}}, {"type": "Feature", "geometry": {"type": "Polygon", "coordinates": [[[35.7852958195272, 35.6004951380302], [35.785344598073, 35.6004883555684], [35.7853425645903, 35.6004732092343], [35.7852960934448, 35.6004800533115], [35.7852958195272, 35.6004951380302]]]}, "properties": {"name": "GR_Locus_3017", "layer": "GR_Locus_3017"}}, {"type": "Feature", "geometry": {"type": "Polygon", "coordinates": [[[35.7853409640367, 35.6004637339733], [35.7853489533898, 35.6005361734754], [35.7853930417316, 35.6005311522549], [35.7853913862292, 35.6004653499013], [35.7853409640367, 35.6004637339733]]]}, "properties": {"name": "GR_Locus_3018", "layer": "GR_Locus_3018"}}, {"type": "Feature", "geometry": {"type": "Polygon", "coordinates": [[[35.7853405986229, 35.6005305603638], [35.7853347263337, 35.6004959074777], [35.7852959336027, 35.6005005310883], [35.7852951082059, 35.6005129060745], [35.785317214799, 35.6005129573986], [35.7853167253341, 35.6005334263734], [35.7853405986229, 35.6005305603638]]]}, "properties": {"name": "GR_Locus_3019", "layer": "GR_Locus_3019"}}, {"type": "Feature", "geometry": {"type": "Polygon", "coordinates": [[[35.7854088026283, 35.6006361393483], [35.7854484248803, 35.6006314031027], [35.7854448069746, 35.6006063776899], [35.7854048766615, 35.6006105667074], [35.7854088026283, 35.6006361393483]]]}, "properties": {"name": "GR_Locus_3029", "layer": "GR_Locus_3029"}}, {"type": "Feature", "geometry": {"type": "Polygon", "coordinates": [[[35.7854064807705, 35.6006034677756], [35.7854341340215, 35.6006009721839], [35.7854317569593, 35.6005820436681], [35.7854057356878, 35.6005849870887], [35.7854064807705, 35.6006034677756]]]}, "properties": {"name": "GR_Locus_3032", "layer": "GR_Locus_3032"}}, {"type": "Feature", "geometry": {"type": "Polygon", "coordinates": [[[35.7854735386754, 35.6005357272328], [35.7854759543952, 35.6005619332968], [35.7854928408463, 35.6005604976965], [35.7854961938001, 35.6005838990299], [35.7855127560163, 35.6005823200189], [35.7855088918821, 35.600530472722], [35.7854735386754, 35.6005357272328]]]}, "properties": {"name": "GR_Locus_3036", "layer": "GR_Locus_3036"}}, {"type": "Feature", "geometry": {"type": "Polygon", "coordinates": [[[35.7854794498593, 35.6006271110298], [35.7855190828813, 35.6006221055477], [35.7855166788566, 35.6006038500646], [35.7854766052868, 35.6006074962796], [35.7854794498593, 35.6006271110298]]]}, "properties": {"name": "GR_Locus_3048", "layer": "GR_Locus_3048"}}, {"type": "Feature", "geometry": {"type": "Polygon", "coordinates": [[[35.7855191432398, 35.6005587745159], [35.7855638154068, 35.6005556553263], [35.7855634766391, 35.6005229019559], [35.785515670801, 35.6005301147306], [35.7855191432398, 35.6005587745159]]]}, "properties": {"name": "GR_Locus_3050", "layer": "GR_Locus_3050"}}, {"type": "Feature", "geometry": {"type": "Polygon", "coordinates": [[[35.785438808468, 35.600578997954], [35.7854412802943, 35.6005996807541], [35.7854659345618, 35.6005979135764], [35.7854644138927, 35.6005781994268], [35.785438808468, 35.600578997954]]]}, "properties": {"name": "GR_Locus_3055", "layer": "GR_Locus_3055"}}, {"type": "Feature", "geometry": {"type": "Polygon", "coordinates": [[[35.7855230432332, 35.6005932399807], [35.7855701467464, 35.6005870864535], [35.7855672257772, 35.6005611364004], [35.7855188522643, 35.6005660432629], [35.7855230432332, 35.6005932399807]]]}, "properties": {"name": "GR_Locus_3056", "layer": "GR_Locus_3056"}}, {"type": "Feature", "geometry": {"type": "Polygon", "coordinates": [[[35.7855256938332, 35.6006177005618], [35.7855435260723, 35.6006173682113], [35.7855432934356, 35.600614936494], [35.7855549736736, 35.6006157873763], [35.7855584890028, 35.600593916941], [35.7855237896372, 35.6005993236748], [35.7855256938332, 35.6006177005618]]]}, "properties": {"name": "GR_Locus_3059", "layer": "GR_Locus_3059"}}, {"type": "Feature", "geometry": {"type": "Polygon", "coordinates": [[[35.7854745686193, 35.600588307353], [35.7854760237003, 35.6006014169863], [35.785504309263, 35.600599612014], [35.7855046043315, 35.6006046056541], [35.7855163600056, 35.6006035720501], [35.7855154478557, 35.6005892641617], [35.7854898478156, 35.6005899280931], [35.7854897907715, 35.6005872315638], [35.7854745686193, 35.600588307353]]]}, "properties": {"name": "GR_Locus_3066", "layer": "GR_Locus_3066"}}, {"type": "Feature", "geometry": {"type": "Polygon", "coordinates": [[[35.7854165404844, 35.6006818915715], [35.7854778782676, 35.6006828556901], [35.7854724500025, 35.6006329878818], [35.7854103299846, 35.6006433218988], [35.7854165404844, 35.6006818915715]]]}, "properties": {"name": "GR_Locus_3076", "layer": "GR_Locus_3076"}}, {"type": "Feature", "geometry": {"type": "Polygon", "coordinates": [[[35.7854556798529, 35.600635639337], [35.7854719555605, 35.6006329746791], [35.7854681912294, 35.6006033638467], [35.7854516128428, 35.6006053466705], [35.7854556798529, 35.600635639337]]]}, "properties": {"name": "GR_Locus_3077", "layer": "GR_Locus_3077"}}, {"type": "Feature", "geometry": {"type": "Polygon", "coordinates": [[[35.785343205848, 35.6006756213053], [35.7853574660766, 35.6006738460953], [35.7853508518569, 35.6006247551164], [35.785346056086, 35.6006250313045], [35.785343205848, 35.6006756213053]]]}, "properties": {"name": "GR_Locus_3088", "layer": "GR_Locus_3088"}}, {"type": "Feature", "geometry": {"type": "Polygon", "coordinates": [[[35.7855708739306, 35.6005194612158], [35.7855717623125, 35.6005384847303], [35.7855849312526, 35.6005392406094], [35.7855823484591, 35.6005172073451], [35.7855708739306, 35.6005194612158]]]}, "properties": {"name": "GR_Locus_3092", "layer": "GR_Locus_3092"}}, {"type": "Feature", "geometry": {"type": "Polygon", "coordinates": [[[35.7855921992254, 35.6005390304224], [35.7856027365332, 35.6005395812815], [35.7856020582872, 35.6005153081158], [35.7855896379832, 35.6005164587325], [35.7855921992254, 35.6005390304224]]]}, "properties": {"name": "GR_Locus_3094", "layer": "GR_Locus_3094"}}, {"type": "Feature", "geometry": {"type": "Polygon", "coordinates": [[[35.7855090409375, 35.6006297876767], [35.785512104217, 35.6006480607632], [35.7855534671505, 35.6006492999759], [35.7855540773287, 35.600621692456], [35.7855245001888, 35.6006227892009], [35.7855246035023, 35.6006284514724], [35.7855090409375, 35.6006297876767]]]}, "properties": {"name": "GR_Locus_3096", "layer": "GR_Locus_3096"}}, {"type": "Feature", "geometry": {"type": "Polygon", "coordinates": [[[35.7855789820376, 35.6005889393716], [35.7856084837293, 35.6005897271027], [35.785605795725, 35.6005455919789], [35.7855723439061, 35.6005445640235], [35.7855789820376, 35.6005889393716]]]}, "properties": {"name": "GR_Locus_3097", "layer": "GR_Locus_3097"}}, {"type": "Feature", "geometry": {"type": "Polygon", "coordinates": [[[35.7855190764035, 35.6006840905146], [35.7855525175017, 35.6006853877007], [35.7855538569869, 35.6006560479005], [35.7855203997355, 35.6006551545347], [35.7855190764035, 35.6006840905146]]]}, "properties": {"name": "GR_Locus_3100", "layer": "GR_Locus_3100"}}, {"type": "Feature", "geometry": {"type": "Polygon", "coordinates": [[[35.7854803287429, 35.6006340067634], [35.7854822944327, 35.60064672578], [35.7855114557378, 35.600647773947], [35.785508551884, 35.6006296398677], [35.7854803287429, 35.6006340067634]]]}, "properties": {"name": "GR_Locus_3103", "layer": "GR_Locus_3103"}}, {"type": "Feature", "geometry": {"type": "Polygon", "coordinates": [[[35.7854845745144, 35.6006680772109], [35.7855092912358, 35.6006688719483], [35.7855104506882, 35.6006481513611], [35.7854822674902, 35.6006473988121], [35.7854845745144, 35.6006680772109]]]}, "properties": {"name": "GR_Locus_3108", "layer": "GR_Locus_3108"}}, {"type": "Feature", "geometry": {"type": "Polygon", "coordinates": [[[35.7854877617248, 35.6006832543501], [35.7855085229126, 35.6006839434665], [35.7855090756969, 35.6006742562051], [35.7854848264734, 35.6006741477024], [35.7854877617248, 35.6006832543501]]]}, "properties": {"name": "GR_Locus_3109", "layer": "GR_Locus_3109"}}, {"type": "Feature", "geometry": {"type": "Polygon", "coordinates": [[[35.7856114608891, 35.6005400837319], [35.7856274316652, 35.6005409144183], [35.7856281394147, 35.6005397205631], [35.7856366666278, 35.6005410262497], [35.7856373658221, 35.6005359244069], [35.7856610828476, 35.6005369619199], [35.7856643569461, 35.6005087517748], [35.7856109797839, 35.6005150073282], [35.7856114608891, 35.6005400837319]]]}, "properties": {"name": "GR_Locus_3116", "layer": "GR_Locus_3116"}}, {"type": "Feature", "geometry": {"type": "Polygon", "coordinates": [[[35.7853919934392, 35.6004831531554], [35.7853925073357, 35.6005362584964], [35.7855205195168, 35.6005202726775], [35.7856626777509, 35.6004971184124], [35.7856673356411, 35.6004961647783], [35.7856711168509, 35.6004841382106], [35.7856712290529, 35.6004730916807], [35.7855736593523, 35.6004704864779], [35.7854500940696, 35.6004825485896], [35.785422999964, 35.6004834421131], [35.7853919934392, 35.6004831531554]]]}, "properties": {"name": "GR_Locus_3121", "layer": "GR_Locus_3121"}}, {"type": "Feature", "geometry": {"type": "Polygon", "coordinates": [[[35.7853524541588, 35.6007551399398], [35.7854838391516, 35.6007328121037], [35.7854698248584, 35.6006903214131], [35.7855871725115, 35.6006934548058], [35.7856092877174, 35.6006118251935], [35.7857394722046, 35.6005700878819], [35.7857806779325, 35.6004791466859], [35.785721260148, 35.6004323469287], [35.7852681411336, 35.6004412396402], [35.7853524541588, 35.6007551399398]]]}, "properties": {"name": "Grand Rue", "layer": "Grand_Rue"}}, {"type": "Feature", "geometry": {"type": "Polygon", "coordinates": [[[35.7824310607807, 35.6018897972322], [35.7825257282988, 35.6018959161496], [35.7825361955511, 35.6017662854873], [35.782447615882, 35.6017617647711], [35.7824310607807, 35.6018897972322]]]}, "properties": {"name": "Guard Post", "layer": "Guard_Post"}}, {"type": "Feature", "geometry": {"type": "Polygon", "coordinates": [[[35.7866251438816, 35.6018057731351], [35.7865803397746, 35.60188829286], [35.7865770979693, 35.6018943318634], [35.7865683388744, 35.6019132914058], [35.7868111026141, 35.6020194134748], [35.7868581657096, 35.6019304200477], [35.7867256482077, 35.6018807372115], [35.7867440510147, 35.6018457002977], [35.7866251438816, 35.6018057731351]]]}, "properties": {"name": "House of Agapsharri", "layer": "House_of_Agapsharri"}}, {"type": "Feature", "geometry": {"type": "Polygon", "coordinates": [[[35.7839736413781, 35.6014113935915], [35.7838870309327, 35.6015112652189], [35.7838502849497, 35.6015673763066], [35.7838268657759, 35.6016791205529], [35.7838287785086, 35.6017060427207], [35.7838272938517, 35.6017182171774], [35.7838436848933, 35.6018815100324], [35.7839534498912, 35.6018543143187], [35.7840292223617, 35.6018069568207], [35.7842461084961, 35.6016034309531], [35.7840215474035, 35.6014734243862], [35.7840394209084, 35.6014511429006], [35.7839736413781, 35.6014113935915]]]}, "properties": {"name": "House of Alabasters", "layer": "House_of_Alabasters"}}, {"type": "Feature", "geometry": {"type": "Polygon", "coordinates": [[[35.7874404891581, 35.6031919785196], [35.7877623887507, 35.6032698125721], [35.7878011558953, 35.6031485158577], [35.7874930959115, 35.603077975652], [35.7874404891581, 35.6031919785196]]]}, "properties": {"name": "Maison aux Jarres", "layer": "House_of_Jarres"}}, {"type": "Feature", "geometry": {"type": "Polygon", "coordinates": [[[35.7866495008497, 35.6017103653029], [35.7867543774207, 35.6017462412174], [35.7867758421171, 35.601690584077], [35.7866728562132, 35.6016580663007], [35.7866495008497, 35.6017103653029]]]}, "properties": {"name": "House of Magical Texts", "layer": "House_of_Magical_Texts"}}, {"type": "Feature", "geometry": {"type": "Polygon", "coordinates": [[[35.7842876391793, 35.6022225270298], [35.7845079490133, 35.6023089811852], [35.7845392328959, 35.6022888556776], [35.7845472257538, 35.6022294609826], [35.784513062683, 35.6022213430817], [35.7845223585838, 35.6021894946649], [35.7843623631282, 35.6021190624423], [35.7842876391793, 35.6022225270298]]]}, "properties": {"name": "House of Rapanu", "layer": "House_of_Rapanu"}}, {"type": "Feature", "geometry": {"type": "Polygon", "coordinates": [[[35.7843645612078, 35.6017637646586], [35.7842737876344, 35.601867455569], [35.7843387664927, 35.6019071833372], [35.7843775079399, 35.6018610556735], [35.7843900911337, 35.6018672871072], [35.7844270467264, 35.6018256969683], [35.7843645612078, 35.6017637646586]]]}, "properties": {"name": "House of Rashapabu", "layer": "House_of_Rashapabu"}}, {"type": "Feature", "geometry": {"type": "Polygon", "coordinates": [[[35.7842863624315, 35.6021943264202], [35.7843346096617, 35.6021111157049], [35.7843609196486, 35.6020649834959], [35.7841946647949, 35.6019806281233], [35.7841375838064, 35.6020541047919], [35.7842305314191, 35.6020863918316], [35.7842251833735, 35.6021298087951], [35.7842441106174, 35.6021378473011], [35.7842275907807, 35.6021698302379], [35.7842863624315, 35.6021943264202]]]}, "properties": {"name": "House of the Armorer", "layer": "House_of_the_Armorer"}}, {"type": "Feature", "geometry": {"type": "Polygon", "coordinates": [[[35.7841932823657, 35.6019800999185], [35.7842628578071, 35.6020152015142], [35.78429378313, 35.6019890074166], [35.7843479253853, 35.6020189477013], [35.7843848738452, 35.6020376206097], [35.7844237800949, 35.6019973926502], [35.784351301182, 35.6019546806855], [35.7843774483028, 35.6019226273731], [35.7843454118532, 35.6019014655332], [35.784338740288, 35.6019078376722], [35.7842823648726, 35.6018735800042], [35.7842449496272, 35.6019166316459], [35.7841932823657, 35.6019800999185]]]}, "properties": {"name": "House of the Scholar", "layer": "House_of_the_Scholar"}}, {"type": "Feature", "geometry": {"type": "Polygon", "coordinates": [[[35.7842291234811, 35.6016158753332], [35.7840815891774, 35.6017750378838], [35.7839522926346, 35.6018793370117], [35.7840238511943, 35.6019149829979], [35.7841559726948, 35.6019604347504], [35.7843760020723, 35.6016733479102], [35.7842291234811, 35.6016158753332]]]}, "properties": {"name": "House of Two Columned Porch", "layer": "House_of_Two_Columned_Porch"}}, {"type": "Feature", "geometry": {"type": "Polygon", "coordinates": [[[35.7824972505103, 35.6023388748966], [35.7826301899957, 35.6023309595759], [35.7826185029983, 35.6021943007728], [35.7825012006534, 35.6022013597627], [35.7824972505103, 35.6023388748966]]]}, "properties": {"name": "Hurrian Temple", "layer": "Hurrian_temple"}}, {"type": "Feature", "geometry": {"type": "Polygon", "coordinates": [[[35.7826703584947, 35.6018407244608], [35.7825766688324, 35.6018347856523], [35.7825778107929, 35.6018325262884], [35.782550910283, 35.6018303761453], [35.7825333163483, 35.6019458313243], [35.7825896483574, 35.6019481956102], [35.7825801601244, 35.6020100551435], [35.7826539514568, 35.6020140309725], [35.7826703584947, 35.6018407244608]]]}, "properties": {"name": "In Front of the Entry", "layer": "In_Front_of_the_Entry"}}, {"type": "Feature", "geometry": {"type": "Polygon", "coordinates": [[[35.7863451672422, 35.6024464277732], [35.7864646436212, 35.602438803094], [35.7870623595764, 35.6025246886037], [35.7870574376125, 35.6023609037224], [35.7868210496862, 35.6024223628051], [35.7864886604282, 35.6023680711027], [35.7863956275672, 35.6022884469882], [35.7863451672422, 35.6024464277732]]]}, "properties": {"name": "Installation Grecque", "layer": "Installation_Grecque"}}, {"type": "Feature", "geometry": {"type": "Polygon", "coordinates": [[[35.7833243322755, 35.6016828293592], [35.7834307909769, 35.60169138395], [35.7834042795037, 35.6015467438581], [35.7833487461048, 35.6015367934358], [35.7833243322755, 35.6016828293592]]]}, "properties": {"name": "Ivory Room", "layer": "Ivory_room"}}, {"type": "Feature", "geometry": {"type": "Polygon", "coordinates": [[[35.786622412769, 35.6018044062198], [35.7867465810995, 35.6018449510923], [35.7867236829076, 35.6018798680148], [35.7868477580874, 35.60192810041], [35.7868815200133, 35.6018782857317], [35.7868387380786, 35.6018580719724], [35.7868677541342, 35.6018202788975], [35.7867492848544, 35.6017721919432], [35.7867911590375, 35.6016724406744], [35.7867839863808, 35.6016701301287], [35.7867764680722, 35.6016894251349], [35.7866663371643, 35.6016534276062], [35.7866332144329, 35.6017419693127], [35.7866383813268, 35.6017425310513], [35.7866111438627, 35.6018007148647], [35.786622412769, 35.6018044062198]]]}, "properties": {"name": "Maison aux Foies", "layer": "Maison_aux_foies"}}, {"type": "Feature", "geometry": {"type": "Polygon", "coordinates": [[[35.7862665193556, 35.6030881439108], [35.7862396419719, 35.6030963543239], [35.7862416500025, 35.6031534830117], [35.7862449242952, 35.603266764018], [35.7863525865366, 35.6032788849905], [35.7864937794742, 35.6032628851348], [35.7865120460679, 35.6032649670283], [35.7865288257679, 35.6030310563613], [35.7864335061601, 35.6030422226172], [35.7862665193556, 35.6030881439108]]]}, "properties": {"name": "House of the High Priest", "layer": "Maison_du_Grand_Pretre"}}, {"type": "Feature", "geometry": {"type": "Polygon", "coordinates": [[[35.7823164604648, 35.6020740635221], [35.7823304203996, 35.6020765898671], [35.782332322987, 35.6021168339969], [35.7823825921935, 35.6021124357277], [35.7823795531212, 35.6020786208553], [35.7825033346503, 35.602081929279], [35.7825240172694, 35.6019166847953], [35.7823278028106, 35.6019006743182], [35.7823164604648, 35.6020740635221]]]}, "properties": {"name": "Monumental Gate", "layer": "Monumental_Gate"}}, {"type": "Feature", "geometry": {"type": "Polygon", "coordinates": [[[35.7833384803725, 35.6028294010038], [35.7834157102751, 35.6028354189991], [35.78342277737, 35.6028000183809], [35.7835129993199, 35.6028241781858], [35.783484669663, 35.6028665899223], [35.7835012686596, 35.6028752717369], [35.7834812393413, 35.6029320751254], [35.78344284219, 35.6030042052583], [35.7835139546477, 35.6030219228876], [35.783575246795, 35.603022901491], [35.7837771289963, 35.6031001333408], [35.7838584657985, 35.6029230409949], [35.7836426160585, 35.602852026743], [35.7836535404987, 35.6028009116349], [35.7836437843267, 35.6027624252589], [35.7835155311714, 35.6027609756975], [35.7834341124539, 35.602758800227], [35.78335664525, 35.6027587074796], [35.7833384803725, 35.6028294010038]]]}, "properties": {"name": "Northwest Residence", "layer": "Northwest_Residence"}}, {"type": "Feature", "geometry": {"type": "Polygon", "coordinates": [[[35.7831365595776, 35.6022986507067], [35.7833965887286, 35.602308208114], [35.7834158120363, 35.6022749294447], [35.7834808920269, 35.6022789632611], [35.7835186439337, 35.6021831609522], [35.7835202820128, 35.6021027993203], [35.7834873166925, 35.6020070018262], [35.7833423989115, 35.6020173414306], [35.7833019783638, 35.6020289233595], [35.7831979274033, 35.6020340462875], [35.7831856825765, 35.6020521888266], [35.7831048388528, 35.6020531152317], [35.7831043703407, 35.6022604815163], [35.7831021246785, 35.6022993433391], [35.7831365595776, 35.6022986507067]]]}, "properties": {"name": "Palais Nord", "layer": "Palais_Nord"}}, {"type": "Feature", "geometry": {"type": "Polygon", "coordinates": [[[35.7826492226431, 35.6020193396019], [35.7828591122409, 35.6020261266224], [35.7828604775042, 35.6020022159006], [35.7830245137136, 35.6020195709651], [35.7832489923195, 35.6020072765014], [35.7832526061898, 35.6019983928642], [35.7835280852928, 35.6019943822402], [35.7836794816835, 35.6019661320881], [35.7836511760462, 35.60188302308], [35.7836852042106, 35.6018726289144], [35.7836742584632, 35.6018497298342], [35.7838036705456, 35.6018273511865], [35.7837957892185, 35.6016785827193], [35.7837155977296, 35.6014100048813], [35.7836815697694, 35.6014203990666], [35.7836218208, 35.6012831628896], [35.7834921562372, 35.6012462896826], [35.7834173210559, 35.6012358016972], [35.783303927684, 35.6012646249151], [35.783259178127, 35.6013051497194], [35.7832591331885, 35.6013542100918], [35.7831963196886, 35.601342843085], [35.7831926280933, 35.6013362854019], [35.7830999305738, 35.6013305788358], [35.7830967923406, 35.6013595606473], [35.7829865133405, 35.6013485398969], [35.7829867718374, 35.6013420877667], [35.7828552198663, 35.6013191950978], [35.7828404614254, 35.6013914648628], [35.7827946555283, 35.6014984295982], [35.782757452899, 35.6014893615627], [35.7826898567231, 35.6015973586617], [35.7826757082664, 35.6016050543299], [35.7826452784967, 35.6016736757139], [35.7825467561904, 35.6017146410551], [35.7825180787786, 35.6018382110493], [35.7826560736692, 35.6018483582259], [35.7826492226431, 35.6020193396019]]]}, "properties": {"name": "Palais Royal", "layer": "Palais_Royal"}}, {"type": "Feature", "geometry": {"type": "Polygon", "coordinates": [[[35.7832303346705, 35.6013225369723], [35.7832709388183, 35.6012860591414], [35.7832786161549, 35.6010759876058], [35.7833590326444, 35.6009679303101], [35.7832273052127, 35.6009340405549], [35.7831353543889, 35.6009331819171], [35.7831245485711, 35.6010054290388], [35.782916379911, 35.6010008575296], [35.7828936286332, 35.601251201061], [35.7830347938117, 35.6012693592194], [35.7831315046982, 35.6012735419771], [35.7832303346705, 35.6013225369723]]]}, "properties": {"name": "Palais Sud", "layer": "Palais_Sud"}}, {"type": "Feature", "geometry": {"type": "Polygon", "coordinates": [[[35.7847649956321, 35.5987691030022], [35.7848945254658, 35.5987694505005], [35.7849053733305, 35.5986888319613], [35.7847646744334, 35.5986819624696], [35.7847649956321, 35.5987691030022]]]}, "properties": {"name": "Pont-Barrage", "layer": "Pont-Barrage"}}, {"type": "Feature", "geometry": {"type": "Polygon", "coordinates": [[[35.7826577756604, 35.6019623245361], [35.7826738345182, 35.6019638986679], [35.7826736053822, 35.6019696172559], [35.7827271366019, 35.601971906624], [35.7827376379427, 35.6018760121146], [35.7827063872572, 35.6018774668084], [35.7826805026608, 35.6018762025516], [35.7826787241823, 35.6018856007949], [35.7826643585635, 35.6018855030957], [35.7826577756604, 35.6019623245361]]]}, "properties": {"name": "Porch", "layer": "Porch"}}, {"type": "Feature", "geometry": {"type": "Polygon", "coordinates": [[[35.7821908533674, 35.6018970137437], [35.7822742520639, 35.6018992429582], [35.7822852144576, 35.6018449879566], [35.7821526960759, 35.6018184781939], [35.7821378198186, 35.6018826768809], [35.7821908533674, 35.6018970137437]]]}, "properties": {"name": "Postern Gate", "layer": "Postern_Gate"}}, {"type": "Feature", "geometry": {"type": "Polygon", "coordinates": [[[35.7830465426049, 35.601129854906], [35.7830453620757, 35.6011476983617], [35.7830709161613, 35.6011491418691], [35.7830687358434, 35.6011570703091], [35.7831319994091, 35.6011587608476], [35.7831324997366, 35.6011230242115], [35.7830715772845, 35.6011210159148], [35.7830702359925, 35.6011312486908], [35.7830465426049, 35.601129854906]]]}, "properties": {"name": "PS_Tombe_I", "layer": "PS_Tombe_I"}}, {"type": "Feature", "geometry": {"type": "Polygon", "coordinates": [[[35.7846786335118, 35.6024406410885], [35.7847108749119, 35.6022643243476], [35.7846842725749, 35.6020579609146], [35.7847879258063, 35.6019847959857], [35.7848152844578, 35.6018336599156], [35.7847618295226, 35.6017657905122], [35.7848457535077, 35.601701590253], [35.784834070724, 35.6016063614954], [35.784755082429, 35.6015473018206], [35.7846397472192, 35.6015252379887], [35.7845533091394, 35.601507109789], [35.7845149638544, 35.6015456342104], [35.7845445935009, 35.6015796464842], [35.7845280384422, 35.6016060973658], [35.7843776420345, 35.6015002676329], [35.7842512746627, 35.6015037245954], [35.7841282543552, 35.6015082828315], [35.7839732591965, 35.6014120394262], [35.7838102276714, 35.6015525069653], [35.783798343817, 35.6017027062539], [35.7838143825974, 35.601804123617], [35.7837998613442, 35.6018479052157], [35.7838262274906, 35.6019226480229], [35.7835397507504, 35.6019655586952], [35.7835244709081, 35.6020863423198], [35.7837689225098, 35.6021194204146], [35.7840255495859, 35.6021099706989], [35.7839699610859, 35.6022888273904], [35.7842456791799, 35.6023689624353], [35.7844473911246, 35.602410735338], [35.7846786335118, 35.6024406410885]]]}, "properties": {"name": "Quartier Residentiel", "layer": "Quartier_Residentiel"}}, {"type": "Feature", "geometry": {"type": "Polygon", "coordinates": [[[35.7827934822778, 35.6008091851332], [35.7827907816453, 35.6008449757638], [35.7828477205871, 35.6008464974225], [35.7828484089521, 35.6008082391712], [35.7827934822778, 35.6008091851332]]]}, "properties": {"name": "Rampart_Court_I", "layer": "Rampart_Court_I"}}, {"type": "Feature", "geometry": {"type": "Polygon", "coordinates": [[[35.7827747590389, 35.6007285107036], [35.7828270584345, 35.6007299083793], [35.7828291545009, 35.6006565146118], [35.7827776296849, 35.6006568618119], [35.7827747590389, 35.6007285107036]]]}, "properties": {"name": "Rampart_Court_IX", "layer": "Rampart_Court_IX"}}, {"type": "Feature", "geometry": {"type": "Polygon", "coordinates": [[[35.7827937721023, 35.6008019513509], [35.7828495285101, 35.6008013723972], [35.7828511172989, 35.6007827937845], [35.7827946139728, 35.6007809389355], [35.7827937721023, 35.6008019513509]]]}, "properties": {"name": "Rampart_II", "layer": "Rampart_II"}}, {"type": "Feature", "geometry": {"type": "Polygon", "coordinates": [[[35.7827313567945, 35.6008844229649], [35.7827806762959, 35.6008864306945], [35.7827853030384, 35.6008131045619], [35.7827356584219, 35.600808674304], [35.7827313567945, 35.6008844229649]]]}, "properties": {"name": "Rampart_IV", "layer": "Rampart_IV"}}, {"type": "Feature", "geometry": {"type": "Polygon", "coordinates": [[[35.7827172912941, 35.6008006104843], [35.7827849835698, 35.6008049389643], [35.7827856678891, 35.6007814427823], [35.7827201859256, 35.6007796927817], [35.7827172912941, 35.6008006104843]]]}, "properties": {"name": "Rampart_Tomb_212", "layer": "Rampart_Tomb_212"}}, {"type": "Feature", "geometry": {"type": "Polygon", "coordinates": [[[35.7828071765172, 35.6007729986318], [35.7828864691972, 35.6007751176606], [35.7828878768727, 35.6007399821429], [35.7828081348558, 35.600738540777], [35.7828071765172, 35.6007729986318]]]}, "properties": {"name": "Rampart_V", "layer": "Rampart_V"}}, {"type": "Feature", "geometry": {"type": "Polygon", "coordinates": [[[35.7827705101696, 35.6007713290681], [35.782798713524, 35.6007734621318], [35.782800529206, 35.6007386823546], [35.7827723396649, 35.6007362048262], [35.7827705101696, 35.6007713290681]]]}, "properties": {"name": "Rampart_VI", "layer": "Rampart_VI"}}, {"type": "Feature", "geometry": {"type": "Polygon", "coordinates": [[[35.7827226520056, 35.6007694711077], [35.7827613351629, 35.6007728143724], [35.7827632446279, 35.6007508205869], [35.7827229198944, 35.6007499528591], [35.7827226520056, 35.6007694711077]]]}, "properties": {"name": "Rampart_VII", "layer": "Rampart_VII"}}, {"type": "Feature", "geometry": {"type": "Polygon", "coordinates": [[[35.7827638690432, 35.6007416519344], [35.7827677336762, 35.6006901073617], [35.7827246094729, 35.6006885349681], [35.7827032577561, 35.6007402420439], [35.7827638690432, 35.6007416519344]]]}, "properties": {"name": "Rampart_VIII", "layer": "Rampart_VIII"}}, {"type": "Feature", "geometry": {"type": "Polygon", "coordinates": [[[35.7828348418149, 35.6007042537846], [35.7828336963363, 35.6007328444496], [35.7828868392766, 35.6007342646424], [35.7828875905685, 35.6007049737729], [35.7828348418149, 35.6007042537846]]]}, "properties": {"name": "Rampart_X", "layer": "Rampart_X"}}, {"type": "Feature", "geometry": {"type": "Polygon", "coordinates": [[[35.7828568305463, 35.6008088090654], [35.782884667351, 35.6008095529749], [35.7828861931821, 35.6007820069777], [35.7828591861253, 35.6007816300777], [35.7828568305463, 35.6008088090654]]]}, "properties": {"name": "Rampart_XII", "layer": "Rampart_XII"}}, {"type": "Feature", "geometry": {"type": "Polygon", "coordinates": [[[35.7827904752304, 35.6008860216931], [35.7828192191698, 35.6008872097625], [35.7828208035908, 35.6008540799061], [35.7827923080526, 35.6008531084264], [35.7827904752304, 35.6008860216931]]]}, "properties": {"name": "Rampart_XIII", "layer": "Rampart_XIII"}}, {"type": "Feature", "geometry": {"type": "Polygon", "coordinates": [[[35.7828572572757, 35.6008336015402], [35.7828567305941, 35.6008467473242], [35.7828833129131, 35.6008475752081], [35.7828837146866, 35.6008339560908], [35.7828572572757, 35.6008336015402]]]}, "properties": {"name": "Rampart_XIV", "layer": "Rampart_XIV"}}, {"type": "Feature", "geometry": {"type": "Polygon", "coordinates": [[[35.7828284720979, 35.6008872470905], [35.7828815693032, 35.6008901357204], [35.7828837429061, 35.6008551320521], [35.782829054554, 35.6008534606052], [35.7828284720979, 35.6008872470905]]]}, "properties": {"name": "Rampart_XV", "layer": "Rampart_XV"}}, {"type": "Feature", "geometry": {"type": "Polygon", "coordinates": [[[35.7828344874364, 35.6006986097425], [35.782887883322, 35.6007004565953], [35.7828900605953, 35.6006589445543], [35.7828360923356, 35.6006585520613], [35.7828344874364, 35.6006986097425]]]}, "properties": {"name": "Rampart_XVI", "layer": "Rampart_XVI"}}, {"type": "Feature", "geometry": {"type": "Polygon", "coordinates": [[[35.7827268810548, 35.6006799888207], [35.7827757648604, 35.6006823297398], [35.7827772355183, 35.6006561616086], [35.7827345816525, 35.6006564010286], [35.7827268810548, 35.6006799888207]]]}, "properties": {"name": "Rampart_XVII", "layer": "Rampart_XVII"}}, {"type": "Feature", "geometry": {"type": "Polygon", "coordinates": [[[35.7827577384061, 35.6009320255262], [35.7828779843726, 35.6009342045275], [35.782879039294, 35.6008973354105], [35.7827618147805, 35.6008935129865], [35.7827577384061, 35.6009320255262]]]}, "properties": {"name": "Rampart_XVIII", "layer": "Rampart_XVIII"}}, {"type": "Feature", "geometry": {"type": "Polygon", "coordinates": [[[35.7870221590575, 35.6048300660787], [35.787160108085, 35.604802702087], [35.7874292543968, 35.604536681545], [35.7877419826893, 35.6043214967096], [35.7878141563823, 35.6040378005884], [35.7879210776563, 35.6038357508432], [35.7879753311499, 35.6036198773458], [35.7881133748001, 35.6034000302808], [35.7881404739368, 35.6031027128832], [35.7881220045576, 35.6028041796655], [35.788345916847, 35.6023382562163], [35.7885955484527, 35.6023697525514], [35.7885284758897, 35.6017656730612], [35.7885520424829, 35.6011764298675], [35.7883801924919, 35.6009110598794], [35.7880035401819, 35.6006340162971], [35.7879252109849, 35.6005015336378], [35.7878219626594, 35.6002317841314], [35.7875850456632, 35.6002627174069], [35.7870889241828, 35.6003115693676], [35.7869764963453, 35.6002713137116], [35.7863163760033, 35.6000487907981], [35.7858414027082, 35.5999491820053], [35.7851895246162, 35.5999007299143], [35.7846368714912, 35.5998425061957], [35.7839783947339, 35.599769034643], [35.7831582013813, 35.599747120868], [35.7827539599107, 35.5997797825331], [35.7823810081278, 35.6003596857874], [35.7820289830744, 35.6011760953763], [35.7818316881421, 35.601735855275], [35.7819558496358, 35.6022421167178], [35.7821843490506, 35.6028008403835], [35.7824356080456, 35.6029814129575], [35.7828878096442, 35.6030804269846], [35.7834005216391, 35.6031872653718], [35.7836542693492, 35.6033058103189], [35.7840772311834, 35.6035654770601], [35.7846899599111, 35.6040226953692], [35.7852498841378, 35.6042798071428], [35.7860131350547, 35.6045858093659], [35.7870221590575, 35.6048300660787]]]}, "properties": {"name": "Ras Shamra", "layer": "Ras_Shamra"}}, {"type": "Feature", "geometry": {"type": "Polygon", "coordinates": [[[35.7826464571252, 35.6020183657902], [35.7824819237923, 35.6020139683267], [35.7825087195493, 35.6022260711334], [35.7825256811686, 35.6023247445188], [35.7825324288204, 35.60238471098], [35.7825768794109, 35.6025150797272], [35.782580863438, 35.6025461468745], [35.7826222940918, 35.6026540151001], [35.7827292251378, 35.6026931716696], [35.7828308902348, 35.6027332550237], [35.7830249277506, 35.6027843476987], [35.7830199420364, 35.6028109046965], [35.7830804189336, 35.6028349406218], [35.7830911647002, 35.6028277545135], [35.7831655785453, 35.6028628389231], [35.7831857829216, 35.6028153364047], [35.783265873842, 35.602643456233], [35.783255020942, 35.6023922780163], [35.7831033741061, 35.6023924961649], [35.7830873545043, 35.6020418921973], [35.7829132957462, 35.6020468492638], [35.7829131248309, 35.6020511151337], [35.7828647239921, 35.6020519568791], [35.7828687132655, 35.6021481483303], [35.7828751569197, 35.6021504557516], [35.7828900816071, 35.6022020998512], [35.7828980020069, 35.6022001762988], [35.7829207428855, 35.6022851251653], [35.7828891467107, 35.6022906864409], [35.782869896039, 35.6022165069362], [35.7828488695471, 35.6021540236733], [35.7828373923295, 35.6021142154043], [35.7828279900831, 35.6020552456193], [35.7827834639762, 35.6020572584921], [35.7827808711611, 35.6020240933101], [35.7826464571252, 35.6020183657902]]]}, "properties": {"name": "Region North of the Palace", "layer": "Region_North_of_Palace"}}, {"type": "Feature", "geometry": {"type": "Polygon", "coordinates": [[[35.7827292707672, 35.6009363338619], [35.7829081532255, 35.6009434873102], [35.7829243864355, 35.6006591710581], [35.7827366709993, 35.6006549454781], [35.7827073843203, 35.6007332600224], [35.7826696121896, 35.6008058109724], [35.7827359226125, 35.6008186567546], [35.7827292707672, 35.6009363338619]]]}, "properties": {"name": "Rempart", "layer": "Rempart"}}, {"type": "Feature", "geometry": {"type": "Polygon", "coordinates": [[[35.7826712708391, 35.6023377764303], [35.7827889912676, 35.6023106326911], [35.7827275316002, 35.6021508283689], [35.7826144350809, 35.6021757465315], [35.7826712708391, 35.6023377764303]]]}, "properties": {"name": "RNP Building A", "layer": "RNP_Building_A"}}, {"type": "Feature", "geometry": {"type": "Polygon", "coordinates": [[[35.7825798977727, 35.6025108559731], [35.7827394942595, 35.6024699405451], [35.7827461707313, 35.6024849810968], [35.7828240797167, 35.6024662562618], [35.7828042168263, 35.6024169776742], [35.7828748306085, 35.6023986523242], [35.7828351048134, 35.602300095161], [35.7825298469624, 35.6023793261011], [35.7825798977727, 35.6025108559731]]]}, "properties": {"name": "RNP Building B", "layer": "RNP_Building_B"}}, {"type": "Feature", "geometry": {"type": "Polygon", "coordinates": [[[35.7828945319309, 35.6022884560321], [35.7828411039291, 35.6021140331172], [35.782716992056, 35.6021232003925], [35.7827902560185, 35.6023112321407], [35.7828945319309, 35.6022884560321]]]}, "properties": {"name": "RNP Building C", "layer": "RNP_Building_C"}}, {"type": "Feature", "geometry": {"type": "Polygon", "coordinates": [[[35.7827060613029, 35.6021235027453], [35.7828396496679, 35.6021139942527], [35.7828325525417, 35.6020549505871], [35.782784419197, 35.6020572311389], [35.7827821398037, 35.6020232845875], [35.7827174014674, 35.6020221489182], [35.7827204793465, 35.6020543333557], [35.7826804634055, 35.602053858384], [35.7827060613029, 35.6021235027453]]]}, "properties": {"name": "RNP Building D", "layer": "RNP_Building_D"}}, {"type": "Feature", "geometry": {"type": "Polygon", "coordinates": [[[35.7827230428921, 35.6024881662075], [35.7826208787734, 35.6025142742108], [35.7826130195287, 35.6025101316433], [35.7825804166022, 35.6025426866633], [35.7826543449073, 35.6026003731687], [35.7826266715202, 35.6026501008541], [35.7828337438737, 35.6027296974085], [35.7829731585369, 35.6027753700134], [35.7830513566098, 35.6026463758285], [35.7830017959336, 35.6026214563046], [35.783028273947, 35.602581527875], [35.7827865056039, 35.6024865851795], [35.7827608932147, 35.6025049078456], [35.7827230428921, 35.6024881662075]]]}, "properties": {"name": "RNP Building E", "layer": "RNP_Building_E"}}, {"type": "Feature", "geometry": {"type": "Polygon", "coordinates": [[[35.7830267848682, 35.6025747845398], [35.7830607057908, 35.602587109234], [35.7831146695931, 35.6023944414957], [35.7830522894817, 35.6023945311817], [35.7830083132009, 35.6023915993484], [35.783011356046, 35.6023424944712], [35.7830193640006, 35.6022768341047], [35.7829900062297, 35.6022848328168], [35.7829870645342, 35.6022777276057], [35.7828449595309, 35.6023081846542], [35.7828874986819, 35.6024006672718], [35.7828113831799, 35.6024214695579], [35.7828363425173, 35.6024695661317], [35.7827863267253, 35.6024831609825], [35.7830267848682, 35.6025747845398]]]}, "properties": {"name": "RNP Building F", "layer": "RNP_Building_F"}}, {"type": "Feature", "geometry": {"type": "Polygon", "coordinates": [[[35.7830083483534, 35.6023907219629], [35.7830556178587, 35.6023919851511], [35.7830566526701, 35.602339313312], [35.7830134695061, 35.6023434292746], [35.7830083483534, 35.6023907219629]]]}, "properties": {"name": "RBP Building G", "layer": "RNP_Building_G"}}, {"type": "Feature", "geometry": {"type": "Polygon", "coordinates": [[[35.7829758774997, 35.6027715079763], [35.7830633841337, 35.6027938756048], [35.7830599016479, 35.6028096195523], [35.7831119440549, 35.6028203261589], [35.7831091618011, 35.6028328282591], [35.7831656979996, 35.6028594919391], [35.78320928411, 35.6027111366329], [35.7831167513162, 35.6026718662012], [35.7831097467813, 35.6026758711722], [35.7830538177419, 35.6026482921053], [35.7829758774997, 35.6027715079763]]]}, "properties": {"name": "RNP East Building", "layer": "RNP_East_Building"}}, {"type": "Feature", "geometry": {"type": "Polygon", "coordinates": [[[35.7827463516592, 35.6019308560857], [35.7827453950883, 35.6019347528406], [35.7828096566872, 35.6019390851169], [35.7828171828443, 35.6018598953881], [35.7828128187727, 35.6018589800686], [35.7828156446162, 35.6018494712984], [35.7827833705683, 35.6018434172881], [35.7827777287671, 35.6018865954885], [35.7827486353284, 35.6018838492827], [35.7827474236499, 35.6018941129891], [35.7827510086792, 35.6018945356601], [35.7827502622034, 35.6019031774993], [35.7827352962345, 35.6019021238084], [35.782732185266, 35.6019298237633], [35.7827463516592, 35.6019308560857]]]}, "properties": {"name": "Room 01", "layer": "Room_01"}}, {"type": "Feature", "geometry": {"type": "Polygon", "coordinates": [[[35.7827624264917, 35.6019452311758], [35.7827766499678, 35.6019459828204], [35.782777451347, 35.6019373354364], [35.7827633942142, 35.6019362167174], [35.7827624264917, 35.6019452311758]]]}, "properties": {"name": "Room 01-02", "layer": "Room_01-02"}}, {"type": "Feature", "geometry": {"type": "Polygon", "coordinates": [[[35.7827393419181, 35.6019442427134], [35.7827384298873, 35.6019670049012], [35.7827753493547, 35.6019689823038], [35.7827765742319, 35.6019459807964], [35.7827393419181, 35.6019442427134]]]}, "properties": {"name": "Room 02", "layer": "Room_02"}}, {"type": "Feature", "geometry": {"type": "Polygon", "coordinates": [[[35.7827756756951, 35.6019665142251], [35.7827847540903, 35.6019670045259], [35.7827868536891, 35.6019524475161], [35.7827765486515, 35.6019522959534], [35.7827756756951, 35.6019665142251]]]}, "properties": {"name": "Room 02-03", "layer": "Room_02-03"}}, {"type": "Feature", "geometry": {"type": "Polygon", "coordinates": [[[35.7827821465228, 35.6020112695631], [35.7828417669719, 35.6020143489891], [35.7828471699919, 35.601947619774], [35.7828275480523, 35.6019453616255], [35.78282841168, 35.6019389450248], [35.7828474772962, 35.6019399499055], [35.782849850087, 35.6019261432353], [35.7828208765575, 35.601922644449], [35.7828193487503, 35.6019456378616], [35.7827869437048, 35.6019445241608], [35.7827851894041, 35.6019904111707], [35.7827786948834, 35.6019905555665], [35.7827781664907, 35.6020005042622], [35.782783088413, 35.6020007417884], [35.7827821465228, 35.6020112695631]]]}, "properties": {"name": "Room 03", "layer": "Room_03"}}, {"type": "Feature", "geometry": {"type": "Polygon", "coordinates": [[[35.7827337250862, 35.6020087370871], [35.7827712306334, 35.6020112255148], [35.7827722074812, 35.6020002390195], [35.7827780368548, 35.6020005007976], [35.7827786991255, 35.6019904496924], [35.7827739025977, 35.6019903215047], [35.7827743766763, 35.6019781204699], [35.7827384049109, 35.6019753781942], [35.7827382206671, 35.601986747837], [35.7827318938385, 35.6019866526104], [35.7827316724657, 35.6019966917661], [35.7827345692917, 35.6019966214635], [35.7827337250862, 35.6020087370871]]]}, "properties": {"name": "Room 04", "layer": "Room_04"}}, {"type": "Feature", "geometry": {"type": "Polygon", "coordinates": [[[35.7826696199753, 35.6020040516705], [35.7827228686782, 35.6020072085438], [35.7827235818558, 35.6019977311743], [35.782731354142, 35.6019978650319], [35.7827318005411, 35.6019867239779], [35.7827271057637, 35.6019865246468], [35.7827272522742, 35.6019851252067], [35.782708330588, 35.6019840334425], [35.7827081874248, 35.6019951752173], [35.782700877122, 35.6019959705643], [35.7827017054815, 35.6019828656618], [35.7826699261396, 35.6019812732915], [35.7826696199753, 35.6020040516705]]]}, "properties": {"name": "Room 05", "layer": "Room_05"}}, {"type": "Feature", "geometry": {"type": "Polygon", "coordinates": [[[35.7826814739036, 35.6018671537472], [35.7826956527537, 35.6018690187684], [35.7827427378278, 35.6018670573025], [35.782742420601, 35.6018749745854], [35.7827524375552, 35.6018747469316], [35.7827523836193, 35.6018836619711], [35.7827623708348, 35.6018841765618], [35.7827626384933, 35.6018774963543], [35.7827762907672, 35.601877365853], [35.7827766972097, 35.6018672218341], [35.7827534498871, 35.6018646191053], [35.7827533507541, 35.6018670932562], [35.7827490996356, 35.6018672273239], [35.7827486325355, 35.6018637473201], [35.7827103074494, 35.6018590078642], [35.7827139316864, 35.6018442439227], [35.7826865125643, 35.6018397959271], [35.7826814739036, 35.6018671537472]]]}, "properties": {"name": "Room 06", "layer": "Room_06"}}, {"type": "Feature", "geometry": {"type": "Polygon", "coordinates": [[[35.7827006505903, 35.6018275420953], [35.7827044992892, 35.6018043699765], [35.7827222717094, 35.6018062426636], [35.7827252414149, 35.6017931436319], [35.7827077212135, 35.6017910780133], [35.782710222304, 35.6017854446212], [35.7826262718485, 35.6017765136054], [35.782625608785, 35.6018081989266], [35.7826158947826, 35.6018084346668], [35.7826153297013, 35.6018225373252], [35.7827006505903, 35.6018275420953]]]}, "properties": {"name": "Room 07", "layer": "Room_07"}}, {"type": "Feature", "geometry": {"type": "Polygon", "coordinates": [[[35.782586193024, 35.6017625630794], [35.7826196313143, 35.6017681626877], [35.7826238360875, 35.6017464792241], [35.7825912868064, 35.6017413987374], [35.782586193024, 35.6017625630794]]]}, "properties": {"name": "Room 08", "layer": "Room_08"}}, {"type": "Feature", "geometry": {"type": "Polygon", "coordinates": [[[35.7826376239042, 35.6017656714023], [35.78271173585, 35.60177037659], [35.7827163565959, 35.6017473187569], [35.7827323225769, 35.6017484999645], [35.782734560877, 35.6017387511632], [35.7827164616989, 35.601737009939], [35.7827187154801, 35.6017324204002], [35.7826456214459, 35.6017250179422], [35.7826438005677, 35.6017477558392], [35.7826376239042, 35.6017656714023]]]}, "properties": {"name": "Room 09", "layer": "Room_09"}}, {"type": "Feature", "geometry": {"type": "Polygon", "coordinates": [[[35.7827211081106, 35.6017181189028], [35.7827374273613, 35.6017195457617], [35.7827401923235, 35.6017035204542], [35.7827238829894, 35.6017018461808], [35.7827225126056, 35.6017057724371], [35.782700829612, 35.6017019731066], [35.7826987795749, 35.6017152930395], [35.7827211081106, 35.6017181189028]]]}, "properties": {"name": "Room 10", "layer": "Room_10"}}, {"type": "Feature", "geometry": {"type": "Polygon", "coordinates": [[[35.7826813310742, 35.6016890679926], [35.7827250693904, 35.6016949428471], [35.7827405889199, 35.6016202562435], [35.7827259261266, 35.601617699965], [35.7827226228833, 35.6016339993608], [35.7827006453304, 35.6016308840133], [35.7826920958851, 35.6016626062474], [35.7826813310742, 35.6016890679926]]]}, "properties": {"name": "Room 11", "layer": "Room_11"}}, {"type": "Feature", "geometry": {"type": "Polygon", "coordinates": [[[35.7827477536223, 35.6016737532483], [35.7827679119855, 35.6016777595043], [35.7827661848602, 35.601671941988], [35.7827769011794, 35.6016734858977], [35.7827794470899, 35.6016637453161], [35.7827712420511, 35.6016610110053], [35.7827761231736, 35.6016393408633], [35.7827550659055, 35.6016350629054], [35.7827477536223, 35.6016737532483]]]}, "properties": {"name": "Room 12", "layer": "Room_12"}}, {"type": "Feature", "geometry": {"type": "Polygon", "coordinates": [[[35.7828229381618, 35.6019141702649], [35.7828598862899, 35.6019188773683], [35.782869985516, 35.6018679301102], [35.7828565314719, 35.6018651462973], [35.7828559100293, 35.6018563978453], [35.7828385287785, 35.6018535519284], [35.7828367070332, 35.6018626319893], [35.7828287429303, 35.6018611053373], [35.7828229381618, 35.6019141702649]]]}, "properties": {"name": "Room 13", "layer": "Room_13"}}, {"type": "Feature", "geometry": {"type": "Polygon", "coordinates": [[[35.7828983133444, 35.6019435099732], [35.7828995214443, 35.6019366751541], [35.782924168809, 35.6019394321114], [35.7829338238608, 35.601876737514], [35.7829492950496, 35.6018787385695], [35.7829527796668, 35.6018645432182], [35.7828894900819, 35.6018547648337], [35.7828820420637, 35.6018890920666], [35.7828654305244, 35.6018856261215], [35.7828632116478, 35.60190461812], [35.7828765283426, 35.6019101182885], [35.7828741240525, 35.6019293200784], [35.7828673579312, 35.6019291392585], [35.7828631228569, 35.6019648876236], [35.7828838420521, 35.6019665858468], [35.7828865450113, 35.6019515886023], [35.7828749098198, 35.6019505146491], [35.7828757200035, 35.6019419524203], [35.7828983133444, 35.6019435099732]]]}, "properties": {"name": "Room 14", "layer": "Room_14"}}, {"type": "Feature", "geometry": {"type": "Polygon", "coordinates": [[[35.7828604815254, 35.6019878194505], [35.7829123503806, 35.6019932114148], [35.7829693979751, 35.6019975972335], [35.7829763946095, 35.6019628764265], [35.7829605548079, 35.6019615950914], [35.7829600286632, 35.6019504677744], [35.7829474384546, 35.6019493375143], [35.7829445663722, 35.6019603740183], [35.7829339656605, 35.6019581062175], [35.7829296302176, 35.6019814075769], [35.7829137370896, 35.6019778076345], [35.7829191139754, 35.6019406425365], [35.782902186394, 35.6019386025562], [35.7828928884415, 35.6019776218338], [35.7828619644746, 35.6019741248729], [35.7828604815254, 35.6019878194505]]]}, "properties": {"name": "Room 15", "layer": "Room_15"}}, {"type": "Feature", "geometry": {"type": "Polygon", "coordinates": [[[35.7829392129198, 35.6019474809542], [35.7829476610311, 35.6019479451602], [35.7830276625319, 35.6019550903312], [35.7830341377592, 35.6019173512281], [35.7830221695763, 35.6019153583405], [35.783022594228, 35.601904759058], [35.7830362632838, 35.6019060781004], [35.783038411254, 35.6018925443556], [35.7830526434867, 35.6018949950403], [35.7830580292299, 35.6018697372318], [35.7830441463213, 35.6018659922057], [35.7830491637278, 35.6018375406698], [35.7829607301306, 35.6018237673873], [35.7829586428395, 35.6018297476822], [35.7829527980741, 35.6018295914892], [35.7829505195341, 35.6018403452322], [35.7829567238221, 35.6018412293164], [35.7829513561108, 35.6018702710663], [35.7829539694461, 35.6018706270334], [35.7829502478257, 35.6018935609914], [35.7829643815982, 35.6018949401491], [35.7829625751836, 35.6019050494675], [35.782947887823, 35.601904370839], [35.7829392129198, 35.6019474809542]]]}, "properties": {"name": "Room 16", "layer": "Room_16"}}, {"type": "Feature", "geometry": {"type": "Polygon", "coordinates": [[[35.7829046735044, 35.6018366342825], [35.7828961514519, 35.6018368802834], [35.7829006022429, 35.6018103398972], [35.7828901834557, 35.6018090554524], [35.7828842002074, 35.6018430999778], [35.7829185299123, 35.6018493081426], [35.7829373539363, 35.6018516710329], [35.7829392290616, 35.601839846775], [35.7829502421119, 35.6018395833091], [35.782952202967, 35.6018290725796], [35.7829446325288, 35.6018274014838], [35.7829475012735, 35.6018080721751], [35.782934323979, 35.6018064625137], [35.7829327613332, 35.6018147203566], [35.7829088538957, 35.6018109943574], [35.7829046735044, 35.6018366342825]]]}, "properties": {"name": "Room 17", "layer": "Room_17"}}, {"type": "Feature", "geometry": {"type": "Polygon", "coordinates": [[[35.7828894641503, 35.6018008908519], [35.7829234546538, 35.6018050897006], [35.7829267933252, 35.6017868955267], [35.7829366371352, 35.6017871585902], [35.7829385677931, 35.6017774015632], [35.7829290919978, 35.6017756393159], [35.7829303908144, 35.601767505986], [35.7828973210605, 35.6017621872284], [35.7828894641503, 35.6018008908519]]]}, "properties": {"name": "Room 18", "layer": "Room_18"}}, {"type": "Feature", "geometry": {"type": "Polygon", "coordinates": [[[35.7829025544441, 35.6017562460417], [35.7829295340567, 35.6017605436585], [35.7829373458362, 35.6017317102884], [35.782939095691, 35.601731757051], [35.7829440339632, 35.6017134336759], [35.7829110762318, 35.6017096916276], [35.7829070994636, 35.6017346216716], [35.782894741305, 35.6017337263241], [35.7828929012358, 35.6017412222433], [35.7829063660058, 35.6017433425977], [35.7829025544441, 35.6017562460417]]]}, "properties": {"name": "Room 19", "layer": "Room_19"}}, {"type": "Feature", "geometry": {"type": "Polygon", "coordinates": [[[35.7829007686634, 35.6016953998043], [35.7829713157963, 35.6017055923059], [35.7829662397336, 35.6017323674896], [35.7829798152259, 35.6017317242603], [35.782984135129, 35.6017084499125], [35.7829955233386, 35.6017077676861], [35.783003121589, 35.6016638591247], [35.7829346652098, 35.6016595938146], [35.7829343620085, 35.6016517891154], [35.7829174832517, 35.6016503320391], [35.7829160212657, 35.6016560775408], [35.7829071420893, 35.6016547370835], [35.7829047613937, 35.6016681002858], [35.7828964254942, 35.6016686320268], [35.7828949490192, 35.6016824252406], [35.7829023117353, 35.601683125008], [35.7829007686634, 35.6016953998043]]]}, "properties": {"name": "Room 20", "layer": "Room_20"}}, {"type": "Feature", "geometry": {"type": "Polygon", "coordinates": [[[35.7832043616065, 35.6012964406079], [35.7832263981165, 35.601307520862], [35.7832429714885, 35.6012800661038], [35.7832152506777, 35.6012724105789], [35.7832043616065, 35.6012964406079]]]}, "properties": {"name": "Room 201", "layer": "Room_201"}}, {"type": "Feature", "geometry": {"type": "Polygon", "coordinates": [[[35.7832271071509, 35.6012679585745], [35.7832272532116, 35.6012424492725], [35.7832183621958, 35.6012412472159], [35.7832162062312, 35.6012339967271], [35.7831536287409, 35.6012327241688], [35.7831547432097, 35.6012415452456], [35.783146148455, 35.6012409973585], [35.7831450033982, 35.6012695797], [35.7831584815075, 35.6012756624466], [35.7831655136786, 35.6012677433585], [35.7831749851536, 35.6012718115101], [35.7832029689746, 35.6012801893957], [35.7832108819251, 35.6012814073765], [35.7832156645761, 35.6012719446697], [35.7832089498399, 35.6012685684085], [35.7832100625533, 35.6012634496226], [35.7832271071509, 35.6012679585745]]]}, "properties": {"name": "Room 202", "layer": "Room_202"}}, {"type": "Feature", "geometry": {"type": "Polygon", "coordinates": [[[35.7830482782423, 35.601257218902], [35.7831334468952, 35.6012592563599], [35.7831338315395, 35.6012277924051], [35.7831459524791, 35.6012289226062], [35.7831470809079, 35.6012129685848], [35.7831373216684, 35.6012123081958], [35.7831377694365, 35.6012011312385], [35.7831456216037, 35.601200541854], [35.7831460763505, 35.6011769773474], [35.7831365522628, 35.6011744542875], [35.7831167493357, 35.6011732097915], [35.7830908505863, 35.6011710870748], [35.7830515077505, 35.6011693204164], [35.7830501378193, 35.601196227659], [35.7830484857883, 35.6012228889219], [35.7830479663232, 35.6012431425386], [35.7830367757238, 35.601242788541], [35.7830359351327, 35.6012515573741], [35.7830476814069, 35.6012514716615], [35.7830482782423, 35.601257218902]]]}, "properties": {"name": "Room 203", "layer": "Room_203"}}, {"type": "Feature", "geometry": {"type": "Polygon", "coordinates": [[[35.7829627553413, 35.6012494493295], [35.7830186358516, 35.6012538039235], [35.7830190759954, 35.6012573923026], [35.7830231398811, 35.6012579777835], [35.7830227719003, 35.6012598754793], [35.7830303259331, 35.6012607926676], [35.7830310905218, 35.6012562827176], [35.7830354842182, 35.6012559232469], [35.7830362995029, 35.6012282858597], [35.7829661667884, 35.6012225966449], [35.7829627553413, 35.6012494493295]]]}, "properties": {"name": "Room 204", "layer": "Room_204"}}, {"type": "Feature", "geometry": {"type": "Polygon", "coordinates": [[[35.7831459182325, 35.6012321688836], [35.7832191295963, 35.6012338867592], [35.7832319425542, 35.6012320195933], [35.7832319495216, 35.6012196320435], [35.7832202192421, 35.6012193185973], [35.7832192279491, 35.6012095683881], [35.7831980880183, 35.6012099359266], [35.7831984078466, 35.6012019523851], [35.7831744585322, 35.6012013124248], [35.7831731451869, 35.6012096690221], [35.7831456486298, 35.60120974821], [35.7831459182325, 35.6012321688836]]]}, "properties": {"name": "Room 205", "layer": "Room_205"}}, {"type": "Feature", "geometry": {"type": "Polygon", "coordinates": [[[35.7832224051355, 35.6012013948096], [35.7832232526736, 35.6011802384243], [35.783232587114, 35.6011792890376], [35.7832322492403, 35.6011632958337], [35.783222930793, 35.6011638460434], [35.7832232256036, 35.601144273306], [35.7832335535534, 35.6011429508624], [35.7832345380416, 35.6011305894329], [35.7831645492571, 35.6011311168667], [35.7831633458153, 35.6011123033028], [35.7831501172862, 35.6011127490232], [35.7831445339432, 35.6012011345417], [35.7831716851454, 35.601201144744], [35.7832224051355, 35.6012013948096]]]}, "properties": {"name": "Room 206", "layer": "Room_206"}}, {"type": "Feature", "geometry": {"type": "Polygon", "coordinates": [[[35.7832629625497, 35.601276005751], [35.7832695132436, 35.6012346219344], [35.783264625626, 35.6012344913334], [35.7832676590371, 35.6011954111582], [35.7832630592615, 35.6011880953696], [35.7832449590961, 35.6011880113216], [35.7832446872461, 35.6011947973321], [35.783231748186, 35.6011958349139], [35.7832316498374, 35.6012201532853], [35.7832316128969, 35.6012356509742], [35.7832336639241, 35.6012354673386], [35.7832341804124, 35.601237150228], [35.783235930257, 35.6012371969857], [35.7832360812246, 35.6012698674598], [35.7832629625497, 35.601276005751]]]}, "properties": {"name": "Room 207", "layer": "Room_207"}}, {"type": "Feature", "geometry": {"type": "Polygon", "coordinates": [[[35.7832314416189, 35.6011889119282], [35.7832640367844, 35.6011881214897], [35.783265532983, 35.6011629863926], [35.7832324339719, 35.6011641405632], [35.7832314416189, 35.6011889119282]]]}, "properties": {"name": "Room 208", "layer": "Room_208"}}, {"type": "Feature", "geometry": {"type": "Polygon", "coordinates": [[[35.783232165572, 35.6011562648327], [35.7832658128265, 35.6011560007934], [35.7832678457574, 35.6011296812248], [35.7832347115439, 35.6011291505701], [35.783232165572, 35.6011562648327]]]}, "properties": {"name": "Room 209", "layer": "Room_209"}}, {"type": "Feature", "geometry": {"type": "Polygon", "coordinates": [[[35.7830129264555, 35.6017106171632], [35.7830470870851, 35.6017142124975], [35.7830611495873, 35.6017184629543], [35.7830680760955, 35.6017186480487], [35.7830719381208, 35.601701742153], [35.7830875864178, 35.601703166327], [35.7830900819663, 35.6016946819078], [35.7830751092999, 35.6016917667699], [35.7830799796152, 35.6016778127419], [35.7830741549906, 35.6016771540871], [35.7830755710434, 35.6016648682744], [35.7830562615265, 35.6016625917521], [35.7830536653227, 35.601673588512], [35.7830183998967, 35.6016698795851], [35.783015652967, 35.6016946667793], [35.7830278847691, 35.6016954228435], [35.7830272714212, 35.6017019874285], [35.783014164691, 35.6017012079835], [35.7830129264555, 35.6017106171632]]]}, "properties": {"name": "Room 21", "layer": "Room_21"}}, {"type": "Feature", "geometry": {"type": "Polygon", "coordinates": [[[35.7829667637941, 35.6012149824821], [35.7830351180308, 35.6012213394941], [35.7830479863816, 35.601220960028], [35.7830508369883, 35.6011986583593], [35.7830399920319, 35.6011976192954], [35.7830393625892, 35.6011919580634], [35.7830301081074, 35.6011909115499], [35.7830323350208, 35.6011841777849], [35.782981143022, 35.6011796129494], [35.7829708157742, 35.6011867162673], [35.7829667637941, 35.6012149824821]]]}, "properties": {"name": "Room 210", "layer": "Room_210"}}, {"type": "Feature", "geometry": {"type": "Polygon", "coordinates": [[[35.7829580873838, 35.6011692083601], [35.7829583510473, 35.6011607719253], [35.7829666439945, 35.6011613931445], [35.7829665460616, 35.6011394122879], [35.7829583010944, 35.6011375935378], [35.7829603181323, 35.6011116731566], [35.7829221628006, 35.6011114527227], [35.7829215070983, 35.6011278189784], [35.7829097928287, 35.6011271063257], [35.7829088012744, 35.6011518552973], [35.7829195540182, 35.6011521426504], [35.7829152066992, 35.6011683008785], [35.7829580873838, 35.6011692083601]]]}, "properties": {"name": "Room 211", "layer": "Room_211"}}, {"type": "Feature", "geometry": {"type": "Polygon", "coordinates": [[[35.7829664835189, 35.6011782550551], [35.7830383469531, 35.6011844674006], [35.7830391061727, 35.6011728040723], [35.7830300557759, 35.6011728006624], [35.7830329845815, 35.601129798999], [35.7830422550486, 35.6011304463349], [35.7830438242796, 35.6011157029073], [35.7830345538142, 35.6011150555716], [35.7829890830578, 35.6011142400666], [35.7829894988601, 35.6011038614647], [35.7829679454065, 35.6011044843017], [35.7829664835189, 35.6011782550551]]]}, "properties": {"name": "Room 212", "layer": "Room_212"}}, {"type": "Feature", "geometry": {"type": "Polygon", "coordinates": [[[35.7830400141457, 35.6011619551969], [35.7830942186657, 35.6011646024865], [35.7830944786688, 35.6011718522636], [35.7831198782646, 35.6011729305985], [35.7831165095738, 35.6011646195027], [35.7831372065044, 35.6011654110058], [35.7831376295294, 35.6011206571685], [35.7830443241602, 35.6011169650291], [35.7830400141457, 35.6011619551969]]]}, "properties": {"name": "Room 213", "layer": "Room_213"}}, {"type": "Feature", "geometry": {"type": "Polygon", "coordinates": [[[35.78290369542, 35.6012442944204], [35.7829545512303, 35.6012501838527], [35.7829571885452, 35.6012280793039], [35.7829473904499, 35.6012282619091], [35.7829486558411, 35.6012211028464], [35.7829345137426, 35.6012199257115], [35.7829330300861, 35.6012262415004], [35.7829320937226, 35.6012350387998], [35.7829247931633, 35.6012350821437], [35.7829248736913, 35.601225785091], [35.7829079967066, 35.601224380311], [35.78290369542, 35.6012442944204]]]}, "properties": {"name": "Room 214", "layer": "Room_214"}}, {"type": "Feature", "geometry": {"type": "Polygon", "coordinates": [[[35.7829097030232, 35.6012182264404], [35.7829580485643, 35.6012211874932], [35.7829583443875, 35.601213803723], [35.7829676445859, 35.6012112205763], [35.782968973945, 35.6012024648053], [35.7829602402099, 35.6012006329937], [35.7829639022863, 35.601184385546], [35.7829347764092, 35.6011826534385], [35.7829350245204, 35.601176460599], [35.7829583557567, 35.6011770840898], [35.7829589958475, 35.6011706294137], [35.7829247665702, 35.6011701142928], [35.782914499362, 35.6011713817107], [35.7829097030232, 35.6012182264404]]]}, "properties": {"name": "Room 215", "layer": "Room_215"}}, {"type": "Feature", "geometry": {"type": "Polygon", "coordinates": [[[35.7830481803974, 35.6011077273256], [35.7830725864578, 35.6011091787245], [35.7830726654122, 35.6010949948792], [35.7830795080636, 35.6010951777308], [35.7830824695904, 35.6010578938606], [35.7830753985537, 35.6010573053019], [35.7830763031045, 35.6010469397599], [35.7830516286945, 35.6010460805978], [35.7830481803974, 35.6011077273256]]]}, "properties": {"name": "Room 216", "layer": "Room_216"}}, {"type": "Feature", "geometry": {"type": "Polygon", "coordinates": [[[35.7829589815421, 35.6011053436698], [35.7829878903969, 35.6011043179871], [35.7830184139611, 35.6011057330731], [35.7830175733706, 35.6011145019062], [35.7830329613432, 35.6011151129175], [35.7830337539555, 35.6011075416153], [35.783037916419, 35.6011074530453], [35.7830386395633, 35.6010832963054], [35.7830481384134, 35.6010843493481], [35.7830508610758, 35.6010652410948], [35.7830406050988, 35.6010647672265], [35.7830434092155, 35.6010130933939], [35.7829666658558, 35.601011242391], [35.7829589815421, 35.6011053436698]]]}, "properties": {"name": "Room 217", "layer": "Room_217"}}, {"type": "Feature", "geometry": {"type": "Polygon", "coordinates": [[[35.7829216073328, 35.601103945297], [35.7829594862954, 35.6011049575542], [35.7829608933692, 35.6010912088055], [35.7829523480527, 35.601090780644], [35.7829533925549, 35.6010769223052], [35.7829414379099, 35.601076103331], [35.7829400223442, 35.6010839576883], [35.7829229077241, 35.6010837001273], [35.7829216073328, 35.601103945297]]]}, "properties": {"name": "Room 218", "layer": "Room_218"}}, {"type": "Feature", "geometry": {"type": "Polygon", "coordinates": [[[35.7830833312017, 35.6011096656512], [35.7831228968487, 35.6011113223355], [35.7831230647619, 35.6011071309765], [35.7831316100821, 35.601107559126], [35.7831323217119, 35.6010897957472], [35.7831220737266, 35.6010891222971], [35.7831213740336, 35.6010577346562], [35.7830825815337, 35.6010550996214], [35.7830799168647, 35.6010971866767], [35.7830838029635, 35.6010978899288], [35.7830833312017, 35.6011096656512]]]}, "properties": {"name": "Room 219", "layer": "Room_219"}}, {"type": "Feature", "geometry": {"type": "Polygon", "coordinates": [[[35.7829875789703, 35.6017546480679], [35.7830642233527, 35.6017654231784], [35.7830697627791, 35.60173209407], [35.7830594729878, 35.6017309607115], [35.7830611123264, 35.6017183035688], [35.7830461597876, 35.6017148859589], [35.7830442288544, 35.6017266906001], [35.7830250319816, 35.6017248900223], [35.7830225542661, 35.6017342660795], [35.7830152335033, 35.6017333551232], [35.7830173555231, 35.6017241126256], [35.7829948511049, 35.6017217944613], [35.7829875789703, 35.6017546480679]]]}, "properties": {"name": "Room 22", "layer": "Room_22"}}, {"type": "Feature", "geometry": {"type": "Polygon", "coordinates": [[[35.7831323957037, 35.6011123753718], [35.7831617373527, 35.6011127598276], [35.7831621931115, 35.6011013832813], [35.7831722207057, 35.6011014514322], [35.7831740373551, 35.6011232784148], [35.7832332893809, 35.6011220644741], [35.7832331239266, 35.6011078740971], [35.7832426627611, 35.601107929182], [35.7832423088935, 35.601092335155], [35.7832332508261, 35.6010924927189], [35.7832341383358, 35.6010703383902], [35.7831712526257, 35.601070656026], [35.783171978792, 35.6010830631662], [35.783161698824, 35.6010831880737], [35.7831609966466, 35.6010701821679], [35.7831321277822, 35.6010702099504], [35.7831323957037, 35.6011123753718]]]}, "properties": {"name": "Room 220", "layer": "Room_220"}}, {"type": "Feature", "geometry": {"type": "Polygon", "coordinates": [[[35.7829228450151, 35.6010761059688], [35.7829616934897, 35.6010773439359], [35.7829630903196, 35.6010607976829], [35.7829544348105, 35.6010600668737], [35.7829563683793, 35.6010423361511], [35.7829435384179, 35.6010419932913], [35.7829437273174, 35.6010494909211], [35.7829249300302, 35.6010484890863], [35.7829228450151, 35.6010761059688]]]}, "properties": {"name": "Room 222", "layer": "Room_222"}}, {"type": "Feature", "geometry": {"type": "Polygon", "coordinates": [[[35.7832430885888, 35.601121726912], [35.7832680473853, 35.6011215946235], [35.7832689317795, 35.6010628764088], [35.7832493413736, 35.6010633519485], [35.7832500230601, 35.6010707628451], [35.7832424392729, 35.6010707600016], [35.7832430885888, 35.601121726912]]]}, "properties": {"name": "Room 223", "layer": "Room_223"}}, {"type": "Feature", "geometry": {"type": "Polygon", "coordinates": [[[35.7832736438553, 35.6010246402964], [35.7832936350628, 35.6010263732864], [35.7832956335595, 35.6010192338079], [35.7833087421428, 35.6010217818991], [35.783321199971, 35.6010039327758], [35.7832828072572, 35.6009913183785], [35.7832736438553, 35.6010246402964]]]}, "properties": {"name": "Room 224", "layer": "Room_224"}}, {"type": "Feature", "geometry": {"type": "Polygon", "coordinates": [[[35.7832827992617, 35.6009915179671], [35.7832968054067, 35.6009960880648], [35.7832994810748, 35.600990365296], [35.7833250575619, 35.6009992405987], [35.7833432115567, 35.6009735515873], [35.7832913619593, 35.6009609772278], [35.7832827992617, 35.6009915179671]]]}, "properties": {"name": "Room 225", "layer": "Room_225"}}, {"type": "Feature", "geometry": {"type": "Polygon", "coordinates": [[[35.7832275839204, 35.6010202127003], [35.7832410168369, 35.6010207714433], [35.7832412806899, 35.6010141850212], [35.7832667202177, 35.6010142653798], [35.7832806652051, 35.6009592927893], [35.7832243048508, 35.600949395102], [35.7832275839204, 35.6010202127003]]]}, "properties": {"name": "Room 226", "layer": "Room_226"}}, {"type": "Feature", "geometry": {"type": "Polygon", "coordinates": [[[35.7830518730748, 35.6010460871282], [35.7831314450916, 35.601050611093], [35.7831320767617, 35.6010348435993], [35.7831230586805, 35.6010340032126], [35.7831239222312, 35.6010124476517], [35.7830538490942, 35.6010089767258], [35.7830518730748, 35.6010460871282]]]}, "properties": {"name": "Room 229", "layer": "Room_229"}}, {"type": "Feature", "geometry": {"type": "Polygon", "coordinates": [[[35.7829326540045, 35.6018055598357], [35.7830060516035, 35.6018166789253], [35.7830088245875, 35.6018089564315], [35.7829984158635, 35.6018074207619], [35.7830028574119, 35.601789457452], [35.7830571942028, 35.6017959167545], [35.7830590904514, 35.601784143357], [35.783076564348, 35.6017861193241], [35.7830768159799, 35.6017798384702], [35.7829718095435, 35.6017624452047], [35.7829785344227, 35.6017329475485], [35.7829668751025, 35.6017318814626], [35.7829620663925, 35.6017596698029], [35.782942881658, 35.6017561420247], [35.7829326540045, 35.6018055598357]]]}, "properties": {"name": "Room 23", "layer": "Room_23"}}, {"type": "Feature", "geometry": {"type": "Polygon", "coordinates": [[[35.783170081165, 35.6010510441079], [35.7831788628643, 35.6010516783725], [35.7831774695659, 35.6010620308555], [35.7832765155661, 35.6010628792506], [35.7833004457283, 35.6010273544794], [35.7832641450079, 35.6010235872717], [35.7832647297142, 35.6010212052691], [35.7831828223635, 35.6010200156271], [35.7831812691526, 35.6010343598811], [35.7831719667117, 35.6010345109105], [35.783170081165, 35.6010510441079]]]}, "properties": {"name": "Room 230", "layer": "Room_230"}}, {"type": "Feature", "geometry": {"type": "Polygon", "coordinates": [[[35.7831317224703, 35.6010620072299], [35.7831688762757, 35.6010628002408], [35.7831764514644, 35.601008057058], [35.78318451601, 35.6010082725543], [35.783183566986, 35.6010136418543], [35.7831935865737, 35.6010139095914], [35.7831933227168, 35.6010204960132], [35.7832104453229, 35.6010205539465], [35.7832102284136, 35.6010137548758], [35.7832166142811, 35.6010131263048], [35.7832158554934, 35.6009465718973], [35.7832062926914, 35.6009471155769], [35.7832038609952, 35.6009956025329], [35.7831354985265, 35.6009921773661], [35.7831317224703, 35.6010620072299]]]}, "properties": {"name": "Room 231", "layer": "Room_231"}}, {"type": "Feature", "geometry": {"type": "Polygon", "coordinates": [[[35.7829254662767, 35.6010412106373], [35.7829641885463, 35.6010425451316], [35.7829656355986, 35.6010277984402], [35.7829566015283, 35.6010273572181], [35.7829587314979, 35.601010830557], [35.7829266697245, 35.6010111725699], [35.7829254662767, 35.6010412106373]]]}, "properties": {"name": "Room 232", "layer": "Room_232"}}, {"type": "Feature", "geometry": {"type": "Polygon", "coordinates": [[[35.7830081379653, 35.6018179730602], [35.7830522768193, 35.6018239214031], [35.7830554687964, 35.6018025469989], [35.7830092598264, 35.6017972586609], [35.7830081379653, 35.6018179730602]]]}, "properties": {"name": "Room 24", "layer": "Room_24"}}, {"type": "Feature", "geometry": {"type": "Polygon", "coordinates": [[[35.7829816240376, 35.6019980744324], [35.7830332887829, 35.6020030606553], [35.7830365182682, 35.6019932228214], [35.783022801061, 35.6019918638429], [35.7830250610499, 35.6019676179151], [35.7830160665977, 35.6019678659526], [35.783018201391, 35.601955021625], [35.7830036749603, 35.6019536410195], [35.7830019315406, 35.6019668266101], [35.7829881014345, 35.6019631966842], [35.7829816240376, 35.6019980744324]]]}, "properties": {"name": "Room 25", "layer": "Room_25"}}, {"type": "Feature", "geometry": {"type": "Polygon", "coordinates": [[[35.7830787956451, 35.6019825059843], [35.7830826115139, 35.6019565396131], [35.7830682864409, 35.6019561568098], [35.783067340503, 35.6019682211971], [35.7830395736191, 35.6019646437141], [35.7830340717274, 35.6020014073749], [35.7830748721134, 35.602001782352], [35.7830765836889, 35.6019896675918], [35.7830501665193, 35.6019888185885], [35.7830507624628, 35.6019805933921], [35.7830787956451, 35.6019825059843]]]}, "properties": {"name": "Room 26", "layer": "Room_26"}}, {"type": "Feature", "geometry": {"type": "Polygon", "coordinates": [[[35.7830440724639, 35.601957258008], [35.7830673275883, 35.6019597869786], [35.783067465002, 35.6019563570983], [35.7830950782919, 35.6019570759885], [35.7830984004401, 35.6019449249972], [35.7830847626735, 35.6019415833217], [35.7830878530803, 35.6019313410305], [35.7830758669339, 35.6019310906647], [35.7830767878711, 35.6019182138983], [35.7830594556181, 35.6019160967118], [35.7830581697803, 35.6019279713133], [35.7830483346504, 35.6019266606875], [35.7830476704669, 35.6019372840733], [35.7830328056195, 35.6019342404054], [35.7830297292065, 35.6019503676156], [35.7830442953549, 35.6019507568657], [35.7830440724639, 35.601957258008]]]}, "properties": {"name": "Room 27", "layer": "Room_27"}}, {"type": "Feature", "geometry": {"type": "Polygon", "coordinates": [[[35.7830891111717, 35.6020019611748], [35.7831785118336, 35.6019972048654], [35.7831798537332, 35.6019782846523], [35.7831913593353, 35.6019789497633], [35.7831904644459, 35.6019976434802], [35.7832385420768, 35.6019927287152], [35.7832424127227, 35.6019689880287], [35.7832440707144, 35.601956752613], [35.7832446799371, 35.6019524769515], [35.7831951121941, 35.6019472181528], [35.7831948327811, 35.6019505488625], [35.7831836140552, 35.6019500106383], [35.783183979349, 35.6019445362532], [35.7831004408207, 35.6019310475237], [35.7830985714413, 35.6019427288735], [35.7830951494927, 35.601958183793], [35.7830891111717, 35.6020019611748]]]}, "properties": {"name": "Room 28", "layer": "Room_28"}}, {"type": "Feature", "geometry": {"type": "Polygon", "coordinates": [[[35.7831183837652, 35.6019893938051], [35.7831668066317, 35.6019928984205], [35.7831725283145, 35.6019732854441], [35.7831982169265, 35.6019759224668], [35.7831979105475, 35.6019915189144], [35.7832349983211, 35.601987828563], [35.7832400957863, 35.6019559752724], [35.7831142317771, 35.6019459799947], [35.7831077740148, 35.6019879399406], [35.7831183837652, 35.6019893938051]]]}, "properties": {"name": "Room 28 Tomb", "layer": "Room_28_T"}}, {"type": "Feature", "geometry": {"type": "Polygon", "coordinates": [[[35.7831448180294, 35.6017815485119], [35.7831535631296, 35.601735864252], [35.7831640020434, 35.6017366462053], [35.7831664013308, 35.6017228776464], [35.7830909439243, 35.6017154436389], [35.7830756773593, 35.6017875217861], [35.7832169535245, 35.601805937507], [35.7832198960614, 35.6017906125801], [35.7831448180294, 35.6017815485119]]]}, "properties": {"name": "Room 29", "layer": "Room_29"}}, {"type": "Feature", "geometry": {"type": "Polygon", "coordinates": [[[35.7830875547171, 35.6017051223564], [35.7831406014345, 35.6017102595638], [35.7831458652829, 35.6016750632458], [35.783095839143, 35.6016688622407], [35.7830875547171, 35.6017051223564]]]}, "properties": {"name": "Room 30", "layer": "Room_30"}}, {"type": "Feature", "geometry": {"type": "Polygon", "coordinates": [[[35.7831426615475, 35.601691270467], [35.783139411643, 35.6017099441728], [35.7831519948012, 35.6017109305373], [35.7831540529899, 35.6016936180964], [35.7831426615475, 35.601691270467]]]}, "properties": {"name": "Room 30-31", "layer": "Room_30-31"}}, {"type": "Feature", "geometry": {"type": "Polygon", "coordinates": [[[35.7832173812784, 35.6017185274104], [35.7832222893981, 35.6016834646474], [35.7832173898063, 35.6016833337238], [35.7832015348365, 35.6016811932804], [35.7831568817058, 35.6016764234574], [35.7831507658361, 35.6017110247496], [35.7832004763887, 35.6017163589114], [35.7832144122502, 35.6017183050093], [35.7832173812784, 35.6017185274104]]]}, "properties": {"name": "Room 31", "layer": "Room_31"}}, {"type": "Feature", "geometry": {"type": "Polygon", "coordinates": [[[35.7831952256523, 35.6016799403419], [35.783221639198, 35.6016833039629], [35.7832232399263, 35.6016732750215], [35.7831964562014, 35.6016706009339], [35.7831952256523, 35.6016799403419]]]}, "properties": {"name": "Room 31-32", "layer": "Room_31-32"}}, {"type": "Feature", "geometry": {"type": "Polygon", "coordinates": [[[35.7832203627569, 35.6017275486229], [35.783213627185, 35.6017266056275], [35.783199915094, 35.6017249039502], [35.7831675455174, 35.6017225129588], [35.7831624188409, 35.6017513704087], [35.7832265864936, 35.601757935803], [35.7832290619002, 35.6017499538487], [35.7832171855368, 35.6017466184591], [35.7832203627569, 35.6017275486229]]]}, "properties": {"name": "Room 32", "layer": "Room_32"}}, {"type": "Feature", "geometry": {"type": "Polygon", "coordinates": [[[35.7832116409069, 35.6017819909403], [35.783216120029, 35.6017580158188], [35.7832025147374, 35.6017564364727], [35.7832010282367, 35.6017631388769], [35.7831774544487, 35.6017604089412], [35.7831773408163, 35.6017531111458], [35.7831627803673, 35.6017517273252], [35.7831581600467, 35.6017760544853], [35.7832116409069, 35.6017819909403]]]}, "properties": {"name": "Room 33", "layer": "Room_33"}}, {"type": "Feature", "geometry": {"type": "Polygon", "coordinates": [[[35.7832970454108, 35.6017252222657], [35.7833039426368, 35.6016929785662], [35.7832852142992, 35.6016911428614], [35.7832676830665, 35.6016885761296], [35.7832399874128, 35.6016861192967], [35.7832382805207, 35.6016966604739], [35.7832635378318, 35.6016987660232], [35.7832624523951, 35.6017083700421], [35.7832363517646, 35.6017069095932], [35.783234451878, 35.6017193531425], [35.7832600553502, 35.601721563319], [35.7832602756149, 35.6017180084834], [35.7832756706454, 35.6017199697206], [35.7832752311032, 35.6017236538136], [35.7832970454108, 35.6017252222657]]]}, "properties": {"name": "Room 34", "layer": "Room_34"}}, {"type": "Feature", "geometry": {"type": "Polygon", "coordinates": [[[35.7832169124745, 35.6018059321561], [35.7832312831368, 35.6018081672803], [35.783229103923, 35.6018203840194], [35.7832469445138, 35.6018229980789], [35.7832496740381, 35.6018108576596], [35.7832794042819, 35.6018153160877], [35.7832829173792, 35.6018022806036], [35.7832692092982, 35.6017991663065], [35.7832746876055, 35.6017683152158], [35.7832816961004, 35.601767439907], [35.7832827973675, 35.601758614651], [35.7832766294721, 35.6017548236465], [35.7832795995219, 35.6017331571751], [35.783273089629, 35.6017324109663], [35.7832736860273, 35.6017291841029], [35.7832585587827, 35.6017278261239], [35.7832582033314, 35.6017308686727], [35.7832330664844, 35.6017286709645], [35.7832296102224, 35.6017449833603], [35.7832260198822, 35.6017588123853], [35.783219731464, 35.6017914698144], [35.7832169124745, 35.6018059321561]]]}, "properties": {"name": "Room 35", "layer": "Room_35"}}, {"type": "Feature", "geometry": {"type": "Polygon", "coordinates": [[[35.7832854864165, 35.6017844362621], [35.7833339623385, 35.6017870668386], [35.7833377405238, 35.6017335662198], [35.7833105310567, 35.6017364634758], [35.783292634575, 35.6017342684936], [35.7832910466911, 35.6017585784639], [35.7832826189789, 35.6017583532688], [35.7832815256425, 35.6017687973518], [35.7832876844966, 35.60177037928], [35.7832854864165, 35.6017844362621]]]}, "properties": {"name": "Room 36", "layer": "Room_36"}}, {"type": "Feature", "geometry": {"type": "Polygon", "coordinates": [[[35.7832779342926, 35.6018313265915], [35.7833056458731, 35.601832199979], [35.7833060017947, 35.6018419801738], [35.7833164342662, 35.6018428696036], [35.7833164151482, 35.60183401441], [35.783330172112, 35.6018359086725], [35.7833313344686, 35.601825558379], [35.7833180300995, 35.6018230510868], [35.7833185886667, 35.6018134806775], [35.7833325212622, 35.6018145980706], [35.7833343381076, 35.6017972425857], [35.7832834867507, 35.6017947550198], [35.7832779342926, 35.6018313265915]]]}, "properties": {"name": "Room 37", "layer": "Room_37"}}, {"type": "Feature", "geometry": {"type": "Polygon", "coordinates": [[[35.7833092771035, 35.601933320769], [35.7833173490697, 35.6018430877778], [35.7832759030802, 35.6018398820285], [35.7832751287631, 35.601865040724], [35.7832697392425, 35.6019062900953], [35.7832676938259, 35.6019165360976], [35.7832646209432, 35.6019285260098], [35.7832827915529, 35.6019302922275], [35.7833092771035, 35.601933320769]]]}, "properties": {"name": "Room 38", "layer": "Room_38"}}, {"type": "Feature", "geometry": {"type": "Polygon", "coordinates": [[[35.7832526082691, 35.6019824243811], [35.7832900817629, 35.6019798490926], [35.783289436556, 35.6019460601374], [35.7832769596726, 35.6019440727214], [35.7832766932087, 35.6019305026152], [35.783263771998, 35.6019294957387], [35.7832592377246, 35.6019617934227], [35.783243457725, 35.601961371763], [35.7832414288741, 35.6019715724901], [35.7832551725602, 35.6019722705421], [35.7832526082691, 35.6019824243811]]]}, "properties": {"name": "Room 39", "layer": "Room_39"}}, {"type": "Feature", "geometry": {"type": "Polygon", "coordinates": [[[35.783303642076, 35.6019842401364], [35.783355059776, 35.6019810717393], [35.7833541600513, 35.6019279413124], [35.7833440446703, 35.6019276710262], [35.7833423939727, 35.6019385434689], [35.7833244449601, 35.6019363328377], [35.7833238863916, 35.6019459032469], [35.7833030802321, 35.6019449180992], [35.783303642076, 35.6019842401364]]]}, "properties": {"name": "Room 40", "layer": "Room_40"}}, {"type": "Feature", "geometry": {"type": "Polygon", "coordinates": [[[35.7833250149785, 35.601926476605], [35.7833618797684, 35.6019288922927], [35.7833615668935, 35.6018929746939], [35.7833271895061, 35.6018940590238], [35.7833250149785, 35.601926476605]]]}, "properties": {"name": "Room 41", "layer": "Room_41"}}, {"type": "Feature", "geometry": {"type": "Polygon", "coordinates": [[[35.7833614447525, 35.6018829288269], [35.7833611299325, 35.6018760940752], [35.7833738213637, 35.6018755470628], [35.7833744933822, 35.6018587716551], [35.7833616372974, 35.6018575515256], [35.7833630600158, 35.601857301104], [35.7833642697914, 35.6018241631871], [35.7833353291532, 35.6018236783219], [35.783331307738, 35.6018241477417], [35.7833293932812, 35.601892679965], [35.7833439460525, 35.601893374155], [35.7833447227289, 35.6018833188897], [35.7833614447525, 35.6018829288269]]]}, "properties": {"name": "Room 42", "layer": "Room_42"}}, {"type": "Feature", "geometry": {"type": "Polygon", "coordinates": [[[35.7834050604144, 35.6018111812377], [35.7834035000747, 35.6017786332304], [35.7834098977813, 35.6017775828402], [35.7834083656806, 35.6017598325367], [35.783401667825, 35.6017590429035], [35.783401037955, 35.6017366801141], [35.7833501299328, 35.6017393733494], [35.7833471786712, 35.6018220124014], [35.7833635742979, 35.6018233664981], [35.7833654469162, 35.6018139511841], [35.7834050604144, 35.6018111812377]]]}, "properties": {"name": "Room 43", "layer": "Room_43"}}, {"type": "Feature", "geometry": {"type": "Polygon", "coordinates": [[[35.7833925769728, 35.6017257877695], [35.7833973907371, 35.6016985802201], [35.7833879296474, 35.6016988786471], [35.7833882605194, 35.6016906190946], [35.7833795287926, 35.6016895589439], [35.7833781535076, 35.601698617429], [35.7833653433935, 35.6016982751419], [35.783365762501, 35.6016878130423], [35.7833579869537, 35.6016881565048], [35.7833576340202, 35.6016969666939], [35.7833394301748, 35.6016964802825], [35.7833391860984, 35.6016857248494], [35.7833223306885, 35.6016852744662], [35.7833155865803, 35.6017272630655], [35.7833385650958, 35.6017264989961], [35.7833395970465, 35.6017091629444], [35.783348721029, 35.6017088555136], [35.7833478837254, 35.6017220183976], [35.7833674763798, 35.6017226849817], [35.7833676488762, 35.6017271245966], [35.7833925769728, 35.6017257877695]]]}, "properties": {"name": "Room 44", "layer": "Room_44"}}, {"type": "Feature", "geometry": {"type": "Polygon", "coordinates": [[[35.7835916736372, 35.6017989277433], [35.7835680180148, 35.6017260165582], [35.7835496195511, 35.6017287986594], [35.7835481676531, 35.6017183785137], [35.7834341347076, 35.601727850349], [35.7834359233967, 35.6017391954964], [35.7834128160422, 35.6017405634915], [35.7834172519716, 35.601757321971], [35.7834089136533, 35.6017601525123], [35.7834108436515, 35.6017773027797], [35.7834164822181, 35.6017765374391], [35.7834186930763, 35.6018095823335], [35.7834493717483, 35.6018075407607], [35.7834521299679, 35.6018199313439], [35.783468237663, 35.6018191403957], [35.7834659904962, 35.6018066495328], [35.7835406874655, 35.6018024508131], [35.7835458495374, 35.6018135807576], [35.7835585716468, 35.6018133100067], [35.7835605664199, 35.6018008446137], [35.7835916736372, 35.6017989277433]]]}, "properties": {"name": "Room 45", "layer": "Room_45"}}, {"type": "Feature", "geometry": {"type": "Polygon", "coordinates": [[[35.7833744868155, 35.6018770785605], [35.7834235706428, 35.6018761964164], [35.7834239211156, 35.6018820237454], [35.7834425039694, 35.6018816618837], [35.7834432450413, 35.6018737380437], [35.7834492448575, 35.6018732876879], [35.7834478455382, 35.6018335568919], [35.7834403885356, 35.6018330523105], [35.7834404525468, 35.6018220921551], [35.7833756251788, 35.6018267978924], [35.7833744868155, 35.6018770785605]]]}, "properties": {"name": "Room 46", "layer": "Room_46"}}, {"type": "Feature", "geometry": {"type": "Polygon", "coordinates": [[[35.7833747192962, 35.6019288503486], [35.7834140077565, 35.601927611099], [35.7834115313027, 35.6018844824545], [35.7833734505899, 35.601886183169], [35.7833747192962, 35.6019288503486]]]}, "properties": {"name": "Room 47", "layer": "Room_47"}}, {"type": "Feature", "geometry": {"type": "Polygon", "coordinates": [[[35.7833672884781, 35.6019831594452], [35.7834169011452, 35.6019821960596], [35.7834151228972, 35.6019522480234], [35.7834143527536, 35.6019364903286], [35.7833995241574, 35.6019380851684], [35.7833999080508, 35.601928502094], [35.7833865425094, 35.6019284757719], [35.7833865367542, 35.6019387305591], [35.7833646771395, 35.6019390257435], [35.7833672884781, 35.6019831594452]]]}, "properties": {"name": "Room 48", "layer": "Room_48"}}, {"type": "Feature", "geometry": {"type": "Polygon", "coordinates": [[[35.7834241940128, 35.6018919740337], [35.7834284089581, 35.6019147082316], [35.7834142077131, 35.601915321192], [35.7834150244298, 35.6019252671511], [35.7834292389141, 35.6019243237398], [35.7834286696982, 35.6019385331264], [35.7834152909172, 35.6019388372582], [35.7834167183001, 35.6019537616025], [35.7834296924682, 35.6019534466594], [35.7834282229666, 35.6019750592114], [35.7834595970016, 35.6019746099291], [35.783459752328, 35.6019794782791], [35.7834774430996, 35.6019795217708], [35.7834773106716, 35.6019740817738], [35.7835030794269, 35.6019736257758], [35.7834998909762, 35.6018914214444], [35.7834241940128, 35.6018919740337]]]}, "properties": {"name": "Room 49", "layer": "Room_49"}}, {"type": "Feature", "geometry": {"type": "Polygon", "coordinates": [[[35.7834537038025, 35.6018814872357], [35.7834690940921, 35.6018817567288], [35.7834690643539, 35.6018918319529], [35.7834847619478, 35.6018919460469], [35.783485924286, 35.601881595751], [35.7834999745019, 35.6018808637127], [35.7834986009591, 35.6018539308488], [35.783507215253, 35.6018540739068], [35.7835066813339, 35.6018394036135], [35.7834983729303, 35.6018377584445], [35.7834967303231, 35.6018175424324], [35.7834503566129, 35.6018207383673], [35.7834534963267, 35.6018324865422], [35.7834482312175, 35.6018332618631], [35.7834507509206, 35.6018730225952], [35.7834556547895, 35.6018719322883], [35.7834537038025, 35.6018814872357]]]}, "properties": {"name": "Room 50", "layer": "Room_50"}}, {"type": "Feature", "geometry": {"type": "Polygon", "coordinates": [[[35.7835513608145, 35.6018574865013], [35.7835484196378, 35.6018478225818], [35.7835577501313, 35.6018457179133], [35.7835548309005, 35.6018377006059], [35.7835452691276, 35.6018390114573], [35.7835412118208, 35.6018265994868], [35.7835496428257, 35.6018256530232], [35.7835482229221, 35.6018206530168], [35.7835380546043, 35.6018217045511], [35.7835373066021, 35.6018147638385], [35.7835148340032, 35.6018160232385], [35.78351570225, 35.6018380784016], [35.7835069936868, 35.6018387380858], [35.7835087859899, 35.6018546645935], [35.7835513608145, 35.6018574865013]]]}, "properties": {"name": "Room 51", "layer": "Room_51"}}, {"type": "Feature", "geometry": {"type": "Polygon", "coordinates": [[[35.7836144620169, 35.6018608892381], [35.7835985483735, 35.6018121081834], [35.7835467730074, 35.6018145875743], [35.7835616678062, 35.6018581910835], [35.7836144620169, 35.6018608892381]]]}, "properties": {"name": "Room 52", "layer": "Room_52"}}, {"type": "Feature", "geometry": {"type": "Polygon", "coordinates": [[[35.7836120171203, 35.601854155371], [35.7836288640327, 35.6018501229113], [35.7836181221188, 35.601816844148], [35.7836003006333, 35.6018178024157], [35.7836120171203, 35.601854155371]]]}, "properties": {"name": "Room 52-53", "layer": "Room_52-53"}}, {"type": "Feature", "geometry": {"type": "Polygon", "coordinates": [[[35.7836368918204, 35.6018768166151], [35.7836580985803, 35.6018727330447], [35.7836570466503, 35.6018689975957], [35.7836627638368, 35.6018679742462], [35.7836565959683, 35.6018424722512], [35.7836495116576, 35.6018435936118], [35.783646539336, 35.6018299639443], [35.7836673830758, 35.6018262471985], [35.7836608498466, 35.6017998441154], [35.783614417252, 35.6018074258587], [35.7836368918204, 35.6018768166151]]]}, "properties": {"name": "Room 53", "layer": "Room_53"}}, {"type": "Feature", "geometry": {"type": "Polygon", "coordinates": [[[35.7836786967467, 35.6018249849505], [35.7837048029574, 35.6018210132073], [35.7836993198871, 35.6017932104799], [35.7836849560381, 35.6017949817461], [35.7836828631849, 35.6017868444631], [35.7836700297408, 35.6017888362021], [35.7836786967467, 35.6018249849505]]]}, "properties": {"name": "Room 54", "layer": "Room_54"}}, {"type": "Feature", "geometry": {"type": "Polygon", "coordinates": [[[35.783683043044, 35.6017864673817], [35.7836851027431, 35.6017944757571], [35.7837099165322, 35.6017908969323], [35.7837072083027, 35.6017828712302], [35.783683043044, 35.6017864673817]]]}, "properties": {"name": "Room 54-57", "layer": "Room_54-57"}}, {"type": "Feature", "geometry": {"type": "Polygon", "coordinates": [[[35.7837188065419, 35.6018172568682], [35.7837391945134, 35.6018133119278], [35.7837345181976, 35.6017873266152], [35.7837239316109, 35.6017881212877], [35.783722044038, 35.6017803486618], [35.7837076658203, 35.6017824787187], [35.7837188065419, 35.6018172568682]]]}, "properties": {"name": "Room 55", "layer": "Room_55"}}, {"type": "Feature", "geometry": {"type": "Polygon", "coordinates": [[[35.7837504185138, 35.6018130730415], [35.7837760782212, 35.6018092689392], [35.7837737134193, 35.6017804720088], [35.7837591299179, 35.6017822374156], [35.7837583621767, 35.6017739559507], [35.7837448553977, 35.6017762888802], [35.7837504185138, 35.6018130730415]]]}, "properties": {"name": "Room 56", "layer": "Room_56"}}, {"type": "Feature", "geometry": {"type": "Polygon", "coordinates": [[[35.7836117133866, 35.6017970031942], [35.7837736652828, 35.6017701841442], [35.7837726943539, 35.6017184341008], [35.7836295366612, 35.6017432487778], [35.7836239867745, 35.6017280067227], [35.7836201135742, 35.6017182277427], [35.7836181028919, 35.6017092725651], [35.7835884905417, 35.6017150607153], [35.7835931865932, 35.60172795784], [35.7835850618305, 35.6017296758596], [35.7836117133866, 35.6017970031942]]]}, "properties": {"name": "Room 57", "layer": "Room_57"}}, {"type": "Feature", "geometry": {"type": "Polygon", "coordinates": [[[35.7837181369847, 35.6017675968815], [35.7837320492083, 35.6017691367917], [35.7837397560265, 35.6017525383672], [35.7837387735055, 35.6017468507661], [35.7837246296858, 35.601734611006], [35.7837140276916, 35.6017355858286], [35.7837118751143, 35.6017426274722], [35.7837147635902, 35.6017639122452], [35.7837181369847, 35.6017675968815]]]}, "properties": {"name": "Room_57_T", "layer": "Room_57_T"}}, {"type": "Feature", "geometry": {"type": "Polygon", "coordinates": [[[35.7834520546546, 35.6014779790644], [35.7834734555146, 35.6014751208063], [35.7834752488059, 35.6014832436415], [35.7834930009559, 35.6014808340622], [35.7834867203931, 35.6014521998921], [35.7834474212211, 35.6014595429795], [35.7834520546546, 35.6014779790644]]]}, "properties": {"name": "Room 58", "layer": "Room_58"}}, {"type": "Feature", "geometry": {"type": "Polygon", "coordinates": [[[35.7834083288406, 35.6015141983084], [35.7834702428077, 35.6015024320153], [35.7834715795043, 35.6015131381606], [35.7834896843962, 35.601510738007], [35.7834865724818, 35.6015002728197], [35.7834985700103, 35.6015003954912], [35.7834942004102, 35.6014812034454], [35.7834032898544, 35.6014942253624], [35.7834083288406, 35.6015141983084]]]}, "properties": {"name": "Room 59", "layer": "Room_59"}}, {"type": "Feature", "geometry": {"type": "Polygon", "coordinates": [[[35.7834459427091, 35.6014789602748], [35.783441519691, 35.6014611020707], [35.7833961696318, 35.601467901959], [35.7834008183202, 35.6014859569472], [35.7834459427091, 35.6014789602748]]]}, "properties": {"name": "Room 60", "layer": "Room_60"}}, {"type": "Feature", "geometry": {"type": "Polygon", "coordinates": [[[35.783338591023, 35.6015117626559], [35.783348716418, 35.6015104320778], [35.7833478624269, 35.6015317501179], [35.7833979212168, 35.6015250127691], [35.783396925725, 35.6015146041301], [35.7833856497412, 35.6015140144476], [35.783384573469, 35.60150562238], [35.7833926805716, 35.601502525767], [35.7833895794877, 35.6014864340109], [35.7834009477894, 35.6014847190396], [35.7833975639341, 35.6014722278542], [35.7833313062076, 35.6014837180747], [35.783338591023, 35.6015117626559]]]}, "properties": {"name": "Room 61", "layer": "Room_61"}}, {"type": "Feature", "geometry": {"type": "Polygon", "coordinates": [[[35.7832428117544, 35.6014830702175], [35.7832426766222, 35.6015130780366], [35.7832257915025, 35.6015114732868], [35.7832252260004, 35.6015255892847], [35.7832407232641, 35.6015265801696], [35.7832839596574, 35.6015314845555], [35.7833454228835, 35.6015397598523], [35.783347468548, 35.6015239530637], [35.7833266110123, 35.6015245493042], [35.7833226331183, 35.6015019893613], [35.7833280298597, 35.6015013705526], [35.7833261819398, 35.6014950263286], [35.7833207928322, 35.6014954545883], [35.7833194039063, 35.6014893133817], [35.7832428117544, 35.6014830702175]]]}, "properties": {"name": "Room 62", "layer": "Room_62"}}, {"type": "Feature", "geometry": {"type": "Polygon", "coordinates": [[[35.7833286330423, 35.6015497186947], [35.7833165011638, 35.6015499936195], [35.7833155848068, 35.6015364744631], [35.7832991268708, 35.6015348439918], [35.7832971781233, 35.6015470958846], [35.7832608157285, 35.6015416117248], [35.7832606188728, 35.6015619950758], [35.7832417495241, 35.6015599032592], [35.7832387822, 35.6015733186395], [35.7832561792927, 35.6015757680186], [35.783253196087, 35.601589579877], [35.7833179934258, 35.6015976617435], [35.7833286330423, 35.6015497186947]]]}, "properties": {"name": "Room 63", "layer": "Room_63"}}, {"type": "Feature", "geometry": {"type": "Polygon", "coordinates": [[[35.7833064941886, 35.6016844711078], [35.7833055931116, 35.6016767108164], [35.7833220193108, 35.6016791342437], [35.783325583266, 35.6016629564889], [35.7833082179177, 35.6016597141634], [35.7833184058506, 35.6016086789743], [35.7832947639059, 35.6016073604914], [35.7832942694792, 35.6015954402176], [35.7832782969906, 35.6015938227147], [35.7832759104284, 35.6016048722019], [35.7832516585609, 35.6016015543543], [35.7832411467213, 35.6016773838845], [35.7832704653329, 35.6016801380985], [35.7832715722804, 35.6016888995228], [35.7832836611132, 35.6016904132528], [35.7832859523791, 35.6016817426316], [35.7833064941886, 35.6016844711078]]]}, "properties": {"name": "Room 64", "layer": "Room_64"}}, {"type": "Feature", "geometry": {"type": "Polygon", "coordinates": [[[35.7832305640583, 35.6016602646295], [35.7832429401805, 35.6016611691409], [35.7832499086762, 35.6016158333348], [35.7832372909617, 35.6016151136377], [35.7832305640583, 35.6016602646295]]]}, "properties": {"name": "Room 64-Court IV", "layer": "Room_64-Court_IV"}}, {"type": "Feature", "geometry": {"type": "Polygon", "coordinates": [[[35.7832084710907, 35.6015368796083], [35.7832076562465, 35.6015617705589], [35.783192559383, 35.601562557855], [35.7831906265019, 35.6015744132676], [35.7832047206835, 35.6015743929828], [35.783201739429, 35.6015824804312], [35.7832082549163, 35.601583219268], [35.7832063855706, 35.6015934887702], [35.7832218567149, 35.6015954897882], [35.7832232088333, 35.6015860002689], [35.7832363962857, 35.6015860770484], [35.7832450097034, 35.6015401449998], [35.7832084710907, 35.6015368796083]]]}, "properties": {"name": "Room 65", "layer": "Room_65"}}, {"type": "Feature", "geometry": {"type": "Polygon", "coordinates": [[[35.7831931487388, 35.6015345626438], [35.783157107294, 35.6015305475103], [35.7831502153198, 35.6015884156905], [35.7831656864611, 35.6015904167156], [35.7831690439549, 35.6015793931759], [35.7831888524555, 35.6015823039037], [35.7831931487388, 35.6015345626438]]]}, "properties": {"name": "Room 66", "layer": "Room_66"}}, {"type": "Feature", "geometry": {"type": "Polygon", "coordinates": [[[35.7831156271509, 35.6015748382744], [35.7831328236498, 35.601577014577], [35.7831413564874, 35.6015272653255], [35.7831260417737, 35.6015247578038], [35.7831156271509, 35.6015748382744]]]}, "properties": {"name": "Room 67", "layer": "Room_67"}}, {"type": "Feature", "geometry": {"type": "Polygon", "coordinates": [[[35.7832264669647, 35.6013924653507], [35.7832278496172, 35.601369611945], [35.7831853539685, 35.6013663781224], [35.7831827894716, 35.6013895814525], [35.7832264669647, 35.6013924653507]]]}, "properties": {"name": "Room 68", "layer": "Room_68"}}, {"type": "Feature", "geometry": {"type": "Polygon", "coordinates": [[[35.7832454011997, 35.6013573975678], [35.7832439864839, 35.6013577175597], [35.783241968503, 35.6014015292531], [35.7832717355606, 35.6014021099797], [35.7832766038388, 35.6014008804445], [35.7832741377139, 35.6013880770604], [35.7832727649794, 35.6013589159005], [35.7832718501474, 35.6013489447659], [35.7832701053777, 35.6013487550265], [35.7832704321984, 35.6013449711367], [35.7832454011997, 35.6013573975678]]]}, "properties": {"name": "Room 68 Street", "layer": "Room_68_Street"}}, {"type": "Feature", "geometry": {"type": "Polygon", "coordinates": [[[35.7831712574991, 35.6013884765694], [35.7831832169072, 35.6013895832918], [35.7831844485022, 35.60137852457], [35.7831722150663, 35.601377696761], [35.7831712574991, 35.6013884765694]]]}, "properties": {"name": "Room 68-69", "layer": "Room_68-69"}}, {"type": "Feature", "geometry": {"type": "Polygon", "coordinates": [[[35.7831705770402, 35.6013912580227], [35.7831745829178, 35.6013612261035], [35.7831316473695, 35.601357312872], [35.7831277352313, 35.601387919553], [35.7831705770402, 35.6013912580227]]]}, "properties": {"name": "Room 69", "layer": "Room_69"}}, {"type": "Feature", "geometry": {"type": "Polygon", "coordinates": [[[35.7831113634323, 35.6015233577562], [35.7831093037317, 35.6015178645891], [35.7830895111348, 35.6015145573715], [35.7830877053123, 35.6015232409609], [35.7830466449095, 35.6015173363784], [35.783042705352, 35.6015464401432], [35.7830611482679, 35.6015488405164], [35.7830773538383, 35.6015511443905], [35.7830770361568, 35.6015590739423], [35.7830939795492, 35.6015607174166], [35.7831046103593, 35.6015534593254], [35.7831057095304, 35.6015478853306], [35.7831177104187, 35.6015506352028], [35.7831200811164, 35.6015399821973], [35.7831089811013, 35.6015354545938], [35.7831113634323, 35.6015233577562]]]}, "properties": {"name": "Room 70", "layer": "Room_70"}}, {"type": "Feature", "geometry": {"type": "Polygon", "coordinates": [[[35.7827957592886, 35.6016272414057], [35.7828273800137, 35.601631827903], [35.7828269415373, 35.6016350857253], [35.7828270780337, 35.6016393649259], [35.7828540578658, 35.6016423494755], [35.7828561250268, 35.6016368716506], [35.7828933234944, 35.6016405309161], [35.7829071402134, 35.6015638359791], [35.7829029558396, 35.6015633426505], [35.7829012004689, 35.6015508029313], [35.7828877029474, 35.6015480608115], [35.7828844052781, 35.6015599856116], [35.7828347205043, 35.6015525537288], [35.7828355117371, 35.6015407125095], [35.7828219665641, 35.601539159815], [35.78282095689, 35.6015522305987], [35.7828131216055, 35.6015494967196], [35.7827957592886, 35.6016272414057]]]}, "properties": {"name": "Room 71", "layer": "Room_71"}}, {"type": "Feature", "geometry": {"type": "Polygon", "coordinates": [[[35.7828909625041, 35.6016539159007], [35.7828546686778, 35.6016501623954], [35.7828549605894, 35.6016428766064], [35.7828276932706, 35.6016393813679], [35.782826478501, 35.6016466424938], [35.7827918484717, 35.6016424474753], [35.7827861215753, 35.6016648482895], [35.7827791092729, 35.6016644907973], [35.7827781215876, 35.6016737700162], [35.7827851565504, 35.6016749640377], [35.7827840574752, 35.6016813886287], [35.7827953236651, 35.6016825293428], [35.7827923694758, 35.6016947740446], [35.7828735763845, 35.6017047408587], [35.7828753302849, 35.6016917095687], [35.782884949213, 35.6016932410524], [35.782887318948, 35.6016807123154], [35.7828946615322, 35.6016819145515], [35.78289643556, 35.6016683807927], [35.7828897082142, 35.6016671949984], [35.7828909625041, 35.6016539159007]]]}, "properties": {"name": "Room 72", "layer": "Room_72"}}, {"type": "Feature", "geometry": {"type": "Polygon", "coordinates": [[[35.7827182389392, 35.6016161088996], [35.7827792721231, 35.6016259423997], [35.7827898482039, 35.601583496395], [35.7827464280813, 35.601571272322], [35.7827182389392, 35.6016161088996]]]}, "properties": {"name": "Room 73", "layer": "Room_73"}}, {"type": "Feature", "geometry": {"type": "Polygon", "coordinates": [[[35.7827918631305, 35.6015740125986], [35.7827997604584, 35.6015366467026], [35.7828152654957, 35.6015370610702], [35.7828176879872, 35.6015282521587], [35.782801200019, 35.6015265438583], [35.7828023466645, 35.6015222172267], [35.7827806289819, 35.601516295744], [35.7827599092725, 35.6015554186127], [35.7827568991022, 35.6015547659068], [35.782752107315, 35.6015636032318], [35.7827918631305, 35.6015740125986]]]}, "properties": {"name": "Room 74", "layer": "Room_74"}}, {"type": "Feature", "geometry": {"type": "Polygon", "coordinates": [[[35.7828251365445, 35.601495548613], [35.7828156369901, 35.6015380627765], [35.7828452586157, 35.6015412948032], [35.7828611330895, 35.601543364561], [35.7828624728639, 35.6015326283784], [35.7828461357598, 35.6015317274706], [35.7828513864262, 35.60149911142], [35.7828251365445, 35.601495548613]]]}, "properties": {"name": "Room 75", "layer": "Room_75"}}, {"type": "Feature", "geometry": {"type": "Polygon", "coordinates": [[[35.7829088887493, 35.6015504346267], [35.7829143165877, 35.6015082325335], [35.7828971277462, 35.6015058656518], [35.7828952469006, 35.6015178328215], [35.7828915215215, 35.6015175425116], [35.7828875078918, 35.6015477649636], [35.7829088887493, 35.6015504346267]]]}, "properties": {"name": "Room 76", "layer": "Room_76"}}, {"type": "Feature", "geometry": {"type": "Polygon", "coordinates": [[[35.7829644774841, 35.601538758209], [35.7829679786525, 35.6015096665764], [35.782931703922, 35.6015056451415], [35.7829335348676, 35.6015230900825], [35.7829136946243, 35.6015209722689], [35.7829137194213, 35.6015324830906], [35.7829378970217, 35.6015355106183], [35.7829369985598, 35.6015458060612], [35.7829452036961, 35.601547216038], [35.7829476220704, 35.6015353736044], [35.7829644774841, 35.601538758209]]]}, "properties": {"name": "Room 77", "layer": "Room_77"}}, {"type": "Feature", "geometry": {"type": "Polygon", "coordinates": [[[35.7829725900144, 35.6015403102735], [35.7829796248315, 35.6015401978477], [35.7829777236891, 35.6015512603002], [35.7830227442388, 35.6015556386056], [35.7830312795666, 35.6015153639843], [35.7829763473958, 35.6015106532287], [35.7829776175016, 35.6015175207888], [35.7829679559933, 35.6015160718951], [35.782965816581, 35.6015330815105], [35.782975525745, 35.6015333409719], [35.7829725900144, 35.6015403102735]]]}, "properties": {"name": "Room 78", "layer": "Room_78"}}, {"type": "Feature", "geometry": {"type": "Polygon", "coordinates": [[[35.7829601672076, 35.6014947698537], [35.7830213606552, 35.6015006017008], [35.7830225115873, 35.6014794591105], [35.7830058197358, 35.6014778086532], [35.7830059454354, 35.6014847099478], [35.7829712465042, 35.6014805687085], [35.782962613914, 35.6014803380167], [35.7829601672076, 35.6014947698537]]]}, "properties": {"name": "Room 79", "layer": "Room_79"}}, {"type": "Feature", "geometry": {"type": "Polygon", "coordinates": [[[35.7830219747239, 35.6014794445367], [35.7830225014745, 35.6014662966618], [35.7829653125479, 35.6014596180657], [35.7829627042049, 35.6014798317076], [35.7829733915465, 35.6014807742554], [35.7829738365871, 35.6014730122846], [35.782980356701, 35.6014747080697], [35.7830219747239, 35.6014794445367]]]}, "properties": {"name": "Room 80", "layer": "Room_80"}}, {"type": "Feature", "geometry": {"type": "Polygon", "coordinates": [[[35.7830144941461, 35.6014653637407], [35.7830343896947, 35.6014673981442], [35.7830351668611, 35.601461121728], [35.7830146758225, 35.601458642058], [35.7830144941461, 35.6014653637407]]]}, "properties": {"name": "Room 80-81", "layer": "Room_80-81"}}, {"type": "Feature", "geometry": {"type": "Polygon", "coordinates": [[[35.7830228641134, 35.6014106065005], [35.7829691596531, 35.6014044025279], [35.7829631131116, 35.6014595867928], [35.7829759431766, 35.6014605866011], [35.7829763268692, 35.6014543558654], [35.7830334986148, 35.6014603728009], [35.7830338773755, 35.6014475724706], [35.7830228959051, 35.6014472790145], [35.7830228641134, 35.6014106065005]]]}, "properties": {"name": "Room 81", "layer": "Room_81"}}, {"type": "Feature", "geometry": {"type": "Polygon", "coordinates": [[[35.7830166941566, 35.6013950240167], [35.7830179165539, 35.6013761721437], [35.7829692762939, 35.6013718202781], [35.7829669878549, 35.601378232691], [35.7829565072356, 35.6013767227523], [35.7829545476806, 35.6013880466017], [35.7830166941566, 35.6013950240167]]]}, "properties": {"name": "Room 82", "layer": "Room_82"}}, {"type": "Feature", "geometry": {"type": "Polygon", "coordinates": [[[35.7829503817023, 35.6014178590618], [35.7829589790477, 35.601360672185], [35.7828710692495, 35.6013512650472], [35.7828605595328, 35.601409545327], [35.7829503817023, 35.6014178590618]]]}, "properties": {"name": "Room 83", "layer": "Room_83"}}, {"type": "Feature", "geometry": {"type": "Polygon", "coordinates": [[[35.7828337765153, 35.6014834139549], [35.7829173875655, 35.6014951860326], [35.7829180526843, 35.6014902442314], [35.7829420076084, 35.6014927919242], [35.7829482821527, 35.6014410706584], [35.7829647552261, 35.6014433556672], [35.7829667763075, 35.6014304961355], [35.7829210562307, 35.6014252772847], [35.7829237187022, 35.6014152020817], [35.7829023198638, 35.6014137078278], [35.7829004464378, 35.6014228817207], [35.7828552858717, 35.6014187512848], [35.7828505212869, 35.6014327396699], [35.7828665282767, 35.6014354564795], [35.7828647466767, 35.6014449465132], [35.7828466475016, 35.6014419830379], [35.7828428543387, 35.6014550436187], [35.7828796915603, 35.6014625136641], [35.7828778369703, 35.6014679959363], [35.7828414290621, 35.6014603159661], [35.7828337765153, 35.6014834139549]]]}, "properties": {"name": "Room 84", "layer": "Room_84"}}, {"type": "Feature", "geometry": {"type": "Polygon", "coordinates": [[[35.7828675830984, 35.6015013031083], [35.7828610675731, 35.6015436907282], [35.7828764625567, 35.6015456520142], [35.7828815103231, 35.60150346361], [35.7828675830984, 35.6015013031083]]]}, "properties": {"name": "Room 85", "layer": "Room_85"}}, {"type": "Feature", "geometry": {"type": "Polygon", "coordinates": [[[35.7836859725143, 35.6016673279863], [35.7836430012862, 35.6016730470037], [35.7836421748875, 35.6016703543829], [35.7836339478377, 35.6016716605975], [35.7836349235908, 35.6016764554913], [35.7836299782013, 35.6016774678786], [35.7836352549005, 35.6017031697561], [35.7836902930774, 35.6016935765751], [35.7836859725143, 35.6016673279863]]]}, "properties": {"name": "Room 86", "layer": "Room_86"}}, {"type": "Feature", "geometry": {"type": "Polygon", "coordinates": [[[35.7836381879482, 35.6017283861484], [35.7837703496501, 35.6017059868226], [35.7837695556194, 35.6016784871991], [35.7837518240513, 35.601683431746], [35.783754673095, 35.6016951184591], [35.7837431882757, 35.6016979077789], [35.7837448030268, 35.6017049172774], [35.7837276841938, 35.6017063950123], [35.7837227005757, 35.6016888459712], [35.7836940504689, 35.6016942728365], [35.7836979391631, 35.6017036652084], [35.7836200980881, 35.6017186143488], [35.7836240332326, 35.6017268469044], [35.783638420238, 35.6017225870571], [35.7836381879482, 35.6017283861484]]]}, "properties": {"name": "Room 87", "layer": "Room_87"}}, {"type": "Feature", "geometry": {"type": "Polygon", "coordinates": [[[35.7837006242972, 35.6016913456364], [35.783769844212, 35.6016808202436], [35.7837527855358, 35.6016261831805], [35.7836916535064, 35.6016392658196], [35.7837006242972, 35.6016913456364]]]}, "properties": {"name": "Room 88", "layer": "Room_88"}}, {"type": "Feature", "geometry": {"type": "Polygon", "coordinates": [[[35.7835122084561, 35.6014805639565], [35.7835466530222, 35.6014681364687], [35.7835510720266, 35.6014812320882], [35.7835735712845, 35.6014749118723], [35.7835158541015, 35.6013458228734], [35.7834733282289, 35.6013579201133], [35.7834890377366, 35.6014030475784], [35.7835062132538, 35.6014006451955], [35.7835084516114, 35.6014103618698], [35.7834947471662, 35.60141357232], [35.7835122084561, 35.6014805639565]]]}, "properties": {"name": "Room 89", "layer": "Room_89"}}, {"type": "Feature", "geometry": {"type": "Polygon", "coordinates": [[[35.7835853200237, 35.6014592693734], [35.7836151397438, 35.6014509325732], [35.7836185467116, 35.6014628475909], [35.7836464062202, 35.6014549402357], [35.7836436701003, 35.6014439083122], [35.7836684788799, 35.6014386008456], [35.7836390342561, 35.601375581003], [35.7836252725764, 35.6013802205864], [35.7836204380552, 35.6013697192263], [35.7836337479602, 35.6013654252348], [35.7836083774684, 35.6013100251349], [35.7835275143407, 35.6013389811842], [35.7835853200237, 35.6014592693734]]]}, "properties": {"name": "Room 90", "layer": "Room_90"}}, {"type": "Feature", "geometry": {"type": "Polygon", "coordinates": [[[35.7834233028854, 35.6013564979936], [35.7834307122435, 35.6013552647895], [35.7834249946004, 35.6013405139971], [35.7834558426763, 35.6013316062251], [35.7834472032115, 35.601311052651], [35.7834535508135, 35.6013100773116], [35.7834619203566, 35.6013286200234], [35.7835606796563, 35.6012954792896], [35.7835643589478, 35.6012998711297], [35.7835849624909, 35.6012929794921], [35.7835026368658, 35.6012833377466], [35.7834504163411, 35.6013008340188], [35.783405335228, 35.6013150862023], [35.7834233028854, 35.6013564979936]]]}, "properties": {"name": "Room 91", "layer": "Room_91"}}, {"type": "Feature", "geometry": {"type": "Polygon", "coordinates": [[[35.7833838691446, 35.6013697561203], [35.7834168636482, 35.6013597607683], [35.783398603164, 35.6013169099734], [35.7833673133569, 35.601328095813], [35.7833838691446, 35.6013697561203]]]}, "properties": {"name": "Room 92", "layer": "Room_92"}}, {"type": "Feature", "geometry": {"type": "Polygon", "coordinates": [[[35.7833724941493, 35.6013737457167], [35.7833584692411, 35.6013301493835], [35.7833414697527, 35.6013345611615], [35.7833402068053, 35.6013310925872], [35.7833281774319, 35.6013339197517], [35.7833392068066, 35.6013823020531], [35.7833724941493, 35.6013737457167]]]}, "properties": {"name": "Room 93", "layer": "Room_93"}}, {"type": "Feature", "geometry": {"type": "Polygon", "coordinates": [[[35.7833556037268, 35.6014454257946], [35.7834520514764, 35.6014262489391], [35.7834342884455, 35.6013622300001], [35.7833410439578, 35.6013889345627], [35.7833556037268, 35.6014454257946]]]}, "properties": {"name": "Room 94", "layer": "Room_94"}}, {"type": "Feature", "geometry": {"type": "Polygon", "coordinates": [[[35.7832930404314, 35.6014586383345], [35.7833459219476, 35.6014508918094], [35.7833411679611, 35.601429583342], [35.7832874946241, 35.6014395985927], [35.7832930404314, 35.6014586383345]]]}, "properties": {"name": "Room 95", "layer": "Room_95"}}, {"type": "Feature", "geometry": {"type": "Polygon", "coordinates": [[[35.7833298636797, 35.6013880633514], [35.7832786296127, 35.6013984300126], [35.7832869776949, 35.6014350050093], [35.783339623638, 35.6014243898352], [35.7833298636797, 35.6013880633514]]]}, "properties": {"name": "Room 96", "layer": "Room_96"}}, {"type": "Feature", "geometry": {"type": "Polygon", "coordinates": [[[35.7832828472488, 35.6013893831694], [35.7833298801152, 35.6013789042489], [35.7833190290323, 35.6013348202459], [35.7833059035426, 35.6013387630622], [35.7833099623005, 35.6013511796481], [35.7832770594246, 35.6013588875335], [35.7832828472488, 35.6013893831694]]]}, "properties": {"name": "Room 97", "layer": "Room_97"}}, {"type": "Feature", "geometry": {"type": "Polygon", "coordinates": [[[35.7832768682059, 35.6013374147487], [35.7833383123843, 35.6013258897257], [35.7833354020282, 35.601319801011], [35.7833285310196, 35.6013075955174], [35.7833158393057, 35.6012832125935], [35.7832665520054, 35.6013062256393], [35.7832768682059, 35.6013374147487]]]}, "properties": {"name": "Room 98", "layer": "Room_98"}}, {"type": "Feature", "geometry": {"type": "Polygon", "coordinates": [[[35.7833477765197, 35.6013258563734], [35.783440389455, 35.6012974175146], [35.78341266333, 35.6012371396643], [35.7833142656057, 35.6012700037025], [35.7833316296221, 35.6013002361853], [35.7833706559658, 35.6012883983678], [35.7833732391326, 35.6012939058678], [35.7833355788208, 35.6013066388938], [35.7833477765197, 35.6013258563734]]]}, "properties": {"name": "Room 99", "layer": "Room_99"}}, {"type": "Feature", "geometry": {"type": "Polygon", "coordinates": [[[35.7829672520086, 35.6011150517804], [35.7829894020074, 35.6011151797403], [35.7829898383522, 35.601104288388], [35.7829674231881, 35.6011036893843], [35.7829672520086, 35.6011150517804]]]}, "properties": {"name": "Rooms 212-217", "layer": "Rooms_212-217"}}, {"type": "Feature", "geometry": {"type": "Polygon", "coordinates": [[[35.7844477656714, 35.6006034013609], [35.7845389243378, 35.6006342138262], [35.7845428754385, 35.6005749844147], [35.7844524282747, 35.6005461257937], [35.7844477656714, 35.6006034013609]]]}, "properties": {"name": "Rubble pile", "layer": "Rubble_pile"}}, {"type": "Feature", "geometry": {"type": "Polygon", "coordinates": [[[35.7840026475025, 35.6022525045635], [35.7842112796563, 35.6023008691261], [35.7842674488002, 35.6022313201346], [35.7843018138166, 35.6021878322142], [35.7843833953552, 35.6020761708462], [35.7844577918664, 35.6019958053184], [35.7844983079224, 35.6019468299756], [35.7845619755283, 35.6019121984645], [35.7846298701973, 35.6018954421842], [35.7847856003047, 35.601981146976], [35.7847920880934, 35.6019425660067], [35.7847655540226, 35.6019386278028], [35.7846831320702, 35.6018984795387], [35.7846662285707, 35.6018762287949], [35.7847114050424, 35.6018096154879], [35.7846702842003, 35.6017996360051], [35.7846199762904, 35.6018709565174], [35.7845529399797, 35.60189096524], [35.7844843347513, 35.6019254648586], [35.784421479415, 35.6019891837064], [35.7843308487639, 35.6021046402837], [35.7842892343224, 35.6021810371441], [35.7842667149282, 35.6021755913109], [35.7842530695261, 35.6021954113037], [35.7842006890175, 35.6022690983961], [35.7840276080502, 35.602221683564], [35.7840026475025, 35.6022525045635]]]}, "properties": {"name": "Rue de Mineptah", "layer": "Rue_de_Mineptah"}}, {"type": "Feature", "geometry": {"type": "Polygon", "coordinates": [[[35.7826432452378, 35.6020495519728], [35.782787948801, 35.6020605902949], [35.7828415984225, 35.6020539502746], [35.7829188194372, 35.6020511696715], [35.7831026934146, 35.6020512390905], [35.7831996649822, 35.6020489860872], [35.7834798924427, 35.6020128753783], [35.7834941786889, 35.6021004541154], [35.7835099791451, 35.6021008762894], [35.7835224842198, 35.6021835631534], [35.7834307437664, 35.6024007192083], [35.7834682053711, 35.6024033349283], [35.7835174722265, 35.6022593229398], [35.7835293872078, 35.6022580265363], [35.7835493876716, 35.6021536015495], [35.7835871076246, 35.6021497650938], [35.7835940020087, 35.6021257279056], [35.7836591789194, 35.6021274693072], [35.7836597604325, 35.6021129520066], [35.7835442658785, 35.6020840300369], [35.783549859353, 35.6019937529464], [35.7837107433404, 35.6019754448088], [35.7837301062193, 35.6019856506902], [35.7838117017251, 35.6020217406193], [35.7838110556321, 35.6020378709559], [35.7838611149249, 35.6020715035516], [35.7839209849427, 35.6021070129871], [35.783945525527, 35.6020866767234], [35.7838757802292, 35.6020509034728], [35.7838154858373, 35.6019766284429], [35.7838685448568, 35.601886004669], [35.7838310834696, 35.6018833890854], [35.7838263858765, 35.6018525831462], [35.7837148784459, 35.6018722106625], [35.7836470805647, 35.6018865468672], [35.7836601672753, 35.601954716424], [35.7835329884697, 35.6019706955423], [35.783518387712, 35.6019896825425], [35.7834256247813, 35.6019855892205], [35.7834253016966, 35.6019936543859], [35.7832866601938, 35.6019996384025], [35.7832829685648, 35.6019930807208], [35.7832454425407, 35.601992077986], [35.7832407816056, 35.6020097157947], [35.7830963441625, 35.6020123151966], [35.7830901605054, 35.6020186089917], [35.7828655213853, 35.6019996877869], [35.7828646165899, 35.6020222702372], [35.782645056812, 35.6020175682892], [35.7826374962383, 35.6020078431666], [35.782609781929, 35.601998445139], [35.7825149045227, 35.6019721017194], [35.7824110361812, 35.6019585039014], [35.7823396298472, 35.6019548638569], [35.782141927795, 35.6019417877779], [35.7821410189652, 35.6019776913752], [35.7823426698375, 35.6019848128784], [35.7824041129267, 35.6019990082772], [35.7825109500958, 35.6020178798457], [35.7826432452378, 35.6020495519728]]]}, "properties": {"name": "Rue du Palais", "layer": "Rue_du_Palais"}}, {"type": "Feature", "geometry": {"type": "Polygon", "coordinates": [[[35.7827691767236, 35.6024237264864], [35.7828602172536, 35.6023987638316], [35.7828250536344, 35.6023069857005], [35.7827361230803, 35.6023233534461], [35.7827691767236, 35.6024237264864]]]}, "properties": {"name": "Stables", "layer": "Stables"}}, {"type": "Feature", "geometry": {"type": "Polygon", "coordinates": [[[35.7864938383896, 35.6023716094325], [35.7868155906891, 35.6024188788896], [35.7869192167802, 35.6023937085577], [35.7870046843097, 35.6022305212416], [35.7870690036191, 35.6018067475105], [35.7871236852072, 35.6018211005612], [35.7872747233769, 35.6012685556175], [35.7872436978013, 35.6012548339702], [35.7872953035115, 35.6011487641091], [35.7872019692725, 35.6011140391153], [35.7873065368449, 35.6007364670662], [35.7870484734148, 35.6006758563067], [35.7869604482131, 35.6010345291474], [35.7868658257994, 35.6010320036399], [35.7868022112056, 35.6012409019605], [35.786711160763, 35.6015436213305], [35.7864998913298, 35.6014971520144], [35.7864538848131, 35.6015947751996], [35.7865091838528, 35.6017251878259], [35.7863870387857, 35.6018186295736], [35.7863195749212, 35.6019264245936], [35.7863085107528, 35.6020056400413], [35.7864349655264, 35.6022647397457], [35.7864938383896, 35.6023716094325]]]}, "properties": {"name": "Sud Acropole", "layer": "Sud_Acropole"}}, {"type": "Feature", "geometry": {"type": "Polygon", "coordinates": [[[35.7843639604244, 35.6005125638139], [35.7845104075301, 35.6005584593075], [35.7846313732916, 35.6005988297606], [35.7846739319029, 35.6006109123544], [35.7847532072058, 35.6006197574178], [35.7848231514307, 35.6006216254834], [35.7848254812876, 35.6006491592933], [35.7848721107906, 35.6006504046478], [35.7849914462333, 35.6006423564667], [35.7849918772336, 35.6004340638497], [35.7848596155589, 35.6004289168125], [35.784826131948, 35.600376350212], [35.7844490329366, 35.600363048713], [35.7843639604244, 35.6005125638139]]]}, "properties": {"name": "Sud Centre", "layer": "Sud_Centre"}}, {"type": "Feature", "geometry": {"type": "Polygon", "coordinates": [[[35.7866851943192, 35.6030660421603], [35.7866990629202, 35.6030684169875], [35.7867017217514, 35.6030565889091], [35.7868403106439, 35.6030704023434], [35.786832919218, 35.6031094719205], [35.7869011958256, 35.6031327126106], [35.7869463125606, 35.6030792056047], [35.7867073321325, 35.602986630839], [35.7866851943192, 35.6030660421603]]]}, "properties": {"name": "TD_courtyard", "layer": "TD_courtyard"}}, {"type": "Feature", "geometry": {"type": "Polygon", "coordinates": [[[35.7858544658262, 35.6034392177807], [35.7860661694598, 35.603474955234], [35.7861186375988, 35.6033474196028], [35.7860872677636, 35.6033422842151], [35.7861534288277, 35.6031356033378], [35.7859647807162, 35.6031155242011], [35.785881680722, 35.6032852207156], [35.7858544658262, 35.6034392177807]]]}, "properties": {"name": "Temple de Baal", "layer": "Temple_de_Baal"}}, {"type": "Feature", "geometry": {"type": "Polygon", "coordinates": [[[35.7866179368854, 35.6032484665606], [35.786816798771, 35.6032763386008], [35.7868485942815, 35.603155772115], [35.7868203811866, 35.6031539445892], [35.7868402453331, 35.6030685171589], [35.7866974019764, 35.6030544968844], [35.7866800674481, 35.6031260236949], [35.7866537183338, 35.6031269320615], [35.7866179368854, 35.6032484665606]]]}, "properties": {"name": "Temple de Dagan", "layer": "Temple_de_Dagan"}}, {"type": "Feature", "geometry": {"type": "Polygon", "coordinates": [[[35.7827070347095, 35.6016210143818], [35.7827870558418, 35.6016354338734], [35.7827993935345, 35.6015827100745], [35.7827398403459, 35.601567855133], [35.7827070347095, 35.6016210143818]]]}, "properties": {"name": "The Annex Office of Archives", "layer": "The_Annex_Office_of_Archives"}}, {"type": "Feature", "geometry": {"type": "Polygon", "coordinates": [[[35.7828984190439, 35.6016482347199], [35.783241619826, 35.6016844239242], [35.7832510487958, 35.601599200746], [35.7831019112516, 35.6015834258711], [35.7831063419815, 35.6015629123429], [35.7829200114286, 35.6015446696497], [35.7828984190439, 35.6016482347199]]]}, "properties": {"name": "The Central Archives", "layer": "The_Central_Archives"}}, {"type": "Feature", "geometry": {"type": "Polygon", "coordinates": [[[35.783789093386, 35.6016813672835], [35.7837734464078, 35.6016215096365], [35.7836167867379, 35.6016433596374], [35.7836280311465, 35.6017080120387], [35.7835795116973, 35.6017180141274], [35.7836282633212, 35.6018824071758], [35.7836653078786, 35.6018735721974], [35.7836673351158, 35.6018529944301], [35.7837964546912, 35.6018279524179], [35.783789093386, 35.6016813672835]]]}, "properties": {"name": "The Eastern Archives", "layer": "The_East_Archives"}}, {"type": "Feature", "geometry": {"type": "Polygon", "coordinates": [[[35.7830297944355, 35.6015068307984], [35.7832266845057, 35.6015317415563], [35.7832280137171, 35.6014084767406], [35.7832773415273, 35.601408321118], [35.7832567370241, 35.6013070670863], [35.7832242549406, 35.6013371470245], [35.7831042898707, 35.6012838352462], [35.7830382173046, 35.6012815783901], [35.7830297944355, 35.6015068307984]]]}, "properties": {"name": "The Southern Archives", "layer": "The_South_Archives"}}, {"type": "Feature", "geometry": {"type": "Polygon", "coordinates": [[[35.7829494588121, 35.6015002628478], [35.7830315183174, 35.6015088418109], [35.7830363238485, 35.6013738802289], [35.782965040261, 35.6013665717142], [35.7829494588121, 35.6015002628478]]]}, "properties": {"name": "The Southwest Archives", "layer": "The_Southwest_Archives"}}, {"type": "Feature", "geometry": {"type": "Polygon", "coordinates": [[[35.7826486898057, 35.6020190511548], [35.7827925351625, 35.602026770214], [35.7828413143775, 35.6020298621549], [35.7828528284802, 35.6019246585797], [35.7828128464291, 35.6019206095299], [35.782818455089, 35.6018808201204], [35.7826672472611, 35.6018746926564], [35.7826486898057, 35.6020190511548]]]}, "properties": {"name": "The Western Archives", "layer": "The_West_Archives"}}, {"type": "Feature", "geometry": {"type": "Polygon", "coordinates": [[[35.7871380996462, 35.6031377118274], [35.7878674758, 35.6032893359642], [35.7879722267107, 35.6031374071981], [35.7879775863549, 35.6031020926664], [35.7878056791766, 35.6030910588635], [35.7878017456144, 35.6031564966213], [35.787209119764, 35.6030396815068], [35.7871946460486, 35.6030726038126], [35.7871580192936, 35.6030673284052], [35.7871380996462, 35.6031377118274]]]}, "properties": {"name": "Tranchee Terrasse", "layer": "Tranchee_Terrasse"}}, {"type": "Feature", "geometry": {"type": "Polygon", "coordinates": [[[35.7858724030437, 35.6040532150969], [35.7859124712397, 35.6041067109327], [35.7863730028492, 35.6042669480375], [35.7864893643003, 35.6041939288837], [35.7860014021145, 35.6039281078171], [35.7858724030437, 35.6040532150969]]]}, "properties": {"name": "VBE_Ch_IV", "layer": "VBE_Ch_IV"}}, {"type": "Feature", "geometry": {"type": "Polygon", "coordinates": [[[35.7853657271669, 35.6038072120806], [35.7855445076821, 35.6036200871347], [35.78571200741, 35.6032210337432], [35.7854687572289, 35.6031535612081], [35.785035363252, 35.6036118709321], [35.7853657271669, 35.6038072120806]]]}, "properties": {"name": "VBO_A", "layer": "VBO_A"}}, {"type": "Feature", "geometry": {"type": "Polygon", "coordinates": [[[35.7851688396174, 35.6034003286545], [35.7851737599336, 35.6033997932447], [35.7851728165598, 35.6033927665486], [35.7851687251867, 35.6033929906908], [35.7851688396174, 35.6034003286545]]]}, "properties": {"name": "VBO_T-LV", "layer": "VBO_T-LV"}}, {"type": "Feature", "geometry": {"type": "Polygon", "coordinates": [[[35.7851560024693, 35.6034500719975], [35.7851762629301, 35.6034515100129], [35.7851764677552, 35.603432679616], [35.7851572864605, 35.6034317188938], [35.7851560024693, 35.6034500719975]]]}, "properties": {"name": "VBO_T-LVI", "layer": "VBO_T-LVI"}}, {"type": "Feature", "geometry": {"type": "Polygon", "coordinates": [[[35.7851198463773, 35.6034310271182], [35.7851287647233, 35.6034325989113], [35.7851409721721, 35.6034335917323], [35.7851409110852, 35.6034249215738], [35.7851197452867, 35.603423356106], [35.7851198463773, 35.6034310271182]]]}, "properties": {"name": "VBO_T-LVII", "layer": "VBO_T-LVII"}}, {"type": "Feature", "geometry": {"type": "Polygon", "coordinates": [[[35.7852497314624, 35.6033988214416], [35.7852649002136, 35.6033972260921], [35.7852648846904, 35.6033772213832], [35.785244507838, 35.6033763438162], [35.7852497314624, 35.6033988214416]]]}, "properties": {"name": "VBO_T_LVIII", "layer": "VBO_T-LVIII"}}, {"type": "Feature", "geometry": {"type": "Polygon", "coordinates": [[[35.7852530215414, 35.6034695911424], [35.7852644800638, 35.6034688969266], [35.7852655834634, 35.6034719270368], [35.7852698159495, 35.6034783747578], [35.7852783798391, 35.6034786034547], [35.7852858269935, 35.6034761350896], [35.785288948317, 35.6034695503454], [35.7852867948548, 35.60346215793], [35.7852796010613, 35.6034582983679], [35.7852718394474, 35.6034584245007], [35.7852659701719, 35.6034622686216], [35.785253013782, 35.6034595887882], [35.7852530215414, 35.6034695911424]]]}, "properties": {"name": "VBO_T-LXII", "layer": "VBO_T-LXII"}}, {"type": "Feature", "geometry": {"type": "Polygon", "coordinates": [[[35.7857137181889, 35.6040966431878], [35.7861737105171, 35.6042623269685], [35.7863794453545, 35.6042597456037], [35.7865129402022, 35.6042342435913], [35.7864470775173, 35.6042001901731], [35.7866687038519, 35.6041463601867], [35.7867871982669, 35.604051022728], [35.7863591947435, 35.6038765067025], [35.7864122524015, 35.603785881746], [35.7863053003326, 35.6037410427897], [35.7859060561252, 35.6038854008025], [35.7857195411102, 35.6040499706158], [35.7857137181889, 35.6040966431878]]]}, "properties": {"name": "Ville Basse Est", "layer": "Ville_Basse_Est"}}, {"type": "Feature", "geometry": {"type": "Polygon", "coordinates": [[[35.7853692420497, 35.6038113207252], [35.7856053173581, 35.6035447301618], [35.7852059934477, 35.6032466394054], [35.7853610352623, 35.6030780003795], [35.7853281046374, 35.6030609733939], [35.7852360612776, 35.6031376386701], [35.7851766419839, 35.6030908385752], [35.7848030682935, 35.6034829367908], [35.7853692420497, 35.6038113207252]]]}, "properties": {"name": "Ville Basse Ouest", "layer": "Ville_Basse_Ouest"}}, {"type": "Feature", "geometry": {"type": "Polygon", "coordinates": [[[35.7854347573829, 35.6023223811924], [35.7855444643177, 35.6023425021782], [35.7857508680847, 35.6016560545911], [35.7858873739673, 35.6016639971354], [35.7863204745942, 35.6000466623538], [35.7861730123153, 35.5999180871641], [35.7859384515606, 35.5999934848211], [35.7856948428677, 35.6008207697204], [35.785558196378, 35.6010792918764], [35.7856366336764, 35.6012232163388], [35.78550465622, 35.601627991018], [35.7856396152203, 35.601674573466], [35.7854347573829, 35.6023223811924]]]}, "properties": {"name": "Ville Sud", "layer": "Ville_Sud"}}, {"type": "Feature", "geometry": {"type": "Polygon", "coordinates": [[[35.7857482088119, 35.6011173382326], [35.7856689047679, 35.6011691313002], [35.785734398443, 35.6012479720579], [35.785825022558, 35.6013091541788], [35.78590335664, 35.6012815948481], [35.7857865217702, 35.6011496292886], [35.7857810957733, 35.601153258152], [35.7857482088119, 35.6011173382326]]]}, "properties": {"name": "VS_BVI-House-A", "layer": "VS_House_A"}}, {"type": "Feature", "geometry": {"type": "Polygon", "coordinates": [[[35.7859052270268, 35.6012843403114], [35.7859399767481, 35.6012572346116], [35.7859492258556, 35.6012240570243], [35.7859043062009, 35.6011754164701], [35.7858819516815, 35.6011732023131], [35.7858638425696, 35.6011473808709], [35.7858061867534, 35.6011695621257], [35.7859052270268, 35.6012843403114]]]}, "properties": {"name": "VS_BVI-House-B", "layer": "VS_House_B"}}, {"type": "Feature", "geometry": {"type": "Polygon", "coordinates": [[[35.7859528510709, 35.6011664695512], [35.7859434952529, 35.6011198567147], [35.785886134631, 35.600986244477], [35.7857611479853, 35.6010249576122], [35.7857929139818, 35.6010888810696], [35.7857508679179, 35.6011168701257], [35.7857785444494, 35.6011510336112], [35.7857859270523, 35.6011479960942], [35.7858062729792, 35.6011674080071], [35.7858672257318, 35.6011453147775], [35.7858839082891, 35.6011737936578], [35.7859056034208, 35.6011759902096], [35.7859528510709, 35.6011664695512]]]}, "properties": {"name": "VS_BVI-House-C", "layer": "VS_House_C"}}, {"type": "Feature", "geometry": {"type": "Polygon", "coordinates": [[[35.7856683747245, 35.6011658825165], [35.7857916598771, 35.6010872302698], [35.7857585966658, 35.6010227330711], [35.7856116954884, 35.6010317492474], [35.7856042126062, 35.6011032504352], [35.7856683747245, 35.6011658825165]]]}, "properties": {"name": "VS_BVI-House-D", "layer": "VS_House_D"}}, {"type": "Feature", "geometry": {"type": "Polygon", "coordinates": [[[35.7858793472849, 35.6008224733421], [35.7859779422508, 35.6008146359656], [35.7859789862412, 35.6007672011325], [35.7858815241223, 35.6007680889477], [35.7858793472849, 35.6008224733421]]]}, "properties": {"name": "House_Lit", "layer": "VS_House_Lit"}}, {"type": "Feature", "geometry": {"type": "Polygon", "coordinates": [[[35.7854675003115, 35.6017970638189], [35.7856346094485, 35.6018015259591], [35.7856511489767, 35.6016401028728], [35.7854694949665, 35.6016297654402], [35.7854675003115, 35.6017970638189]]]}, "properties": {"name": "1974 Excavation near Ville Sud", "layer": "1974_Near_Ville_Sud"}}, {"type": "Feature", "geometry": {"type": "Polygon", "coordinates": [[[35.7823210765681, 35.6020246630479], [35.7823260757794, 35.6018999104197], [35.7821909970285, 35.6018934288985], [35.7821798524328, 35.6020180172494], [35.7823210765681, 35.6020246630479]]]}, "properties": {"name": "Western Tower", "layer": "Western_Tower"}}]}